event_id,tf,level_type,side,level_price,level_source_time,box_n,break_bar_time,break_close_time,break_open,break_high,break_low,break_close,atr14,in_full,in_ny,status
2f4f41b6d4f09536,M15,L3,LONG,4402.36,2026-01-02T15:00:00,NA,2026-01-05T03:00:00,2026-01-05T03:15:00,4394.74,4420.75,4394.61,4402.84,10.22978728,1,0,EVENT
32fd785dc4f370d3,M15,L2,LONG,4420.75,2026-01-05T01:20:00,NA,2026-01-05T08:15:00,2026-01-05T08:30:00,4418.51,4426.25,4415.77,4424.10,9.22245750,1,0,EVENT
9773ceb561089125,M15,L3,LONG,4420.75,2026-01-05T03:00:00,NA,2026-01-05T08:15:00,2026-01-05T08:30:00,4418.51,4426.25,4415.77,4424.10,9.22245750,1,0,EVENT
9c67aba620e81481,M15,L3,LONG,4439.90,2026-01-05T12:00:00,NA,2026-01-05T17:00:00,2026-01-05T17:15:00,4436.97,4455.68,4436.97,4449.26,9.79207420,1,1,EVENT
9e3851a499c0cee0,M15,L3,LONG,4449.41,2026-01-05T21:00:00,NA,2026-01-06T01:00:00,2026-01-06T01:15:00,4449.67,4460.25,4449.44,4451.72,6.85579048,0,0,OPEN_BEYOND_LEVEL
d6445dd577319305,M15,L1,LONG,4455.68,2026-01-05T00:00:00,NA,2026-01-06T04:00:00,2026-01-06T04:15:00,4450.46,4460.47,4448.72,4459.49,8.45863832,1,0,EVENT
68a0988ee8263c91,M15,L3,LONG,4455.68,2026-01-05T17:00:00,NA,2026-01-06T04:00:00,2026-01-06T04:15:00,4450.46,4460.47,4448.72,4459.49,8.45863832,1,0,EVENT
a8cfad3853568ef9,M15,L3,LONG,4460.25,2026-01-06T01:00:00,NA,2026-01-06T04:15:00,2026-01-06T04:30:00,4459.51,4460.83,4456.49,4460.32,8.69373558,1,0,EVENT
c02acbebaac5c608,M15,L3,SHORT,4449.35,2026-01-06T07:00:00,NA,2026-01-06T11:45:00,2026-01-06T12:00:00,4455.96,4456.17,4444.84,4446.39,7.44493182,1,0,EVENT
a73cc46709a2c678,M15,L2,LONG,4474.27,2026-01-06T01:20:00,NA,2026-01-06T16:30:00,2026-01-06T16:45:00,4466.75,4483.18,4465.14,4479.56,7.45930248,1,1,EVENT
b187ea65e4890279,M15,L3,LONG,4475.86,2026-01-06T10:00:00,NA,2026-01-06T16:30:00,2026-01-06T16:45:00,4466.75,4483.18,4465.14,4479.56,7.45930248,1,1,EVENT
6327441fa95d095a,M15,L1,LONG,4497.43,2026-01-06T00:00:00,NA,2026-01-07T01:00:00,2026-01-07T01:15:00,4496.11,4499.42,4494.82,4497.47,6.02170701,0,0,EVENT
d12c7d1a89ad1118,M15,L3,SHORT,4477.22,2026-01-06T21:00:00,NA,2026-01-07T03:00:00,2026-01-07T03:15:00,4492.25,4495.97,4469.38,4471.02,5.75337142,1,0,EVENT
ee303e7e48c6dc64,M15,L3,SHORT,4459.76,2026-01-07T04:00:00,NA,2026-01-07T07:30:00,2026-01-07T07:45:00,4468.92,4469.67,4448.68,4452.69,6.45475038,1,0,EVENT
9d1afdbf1c911450,M15,L2,SHORT,4443.44,2026-01-07T01:20:00,NA,2026-01-07T15:00:00,2026-01-07T15:15:00,4445.17,4450.03,4427.66,4433.61,7.36215840,1,0,EVENT
545c2af21f0adbfe,M15,L3,SHORT,4441.36,2026-01-07T08:00:00,NA,2026-01-07T15:00:00,2026-01-07T15:15:00,4445.17,4450.03,4427.66,4433.61,7.36215840,1,0,EVENT
f02c680ee6cf0d7b,M15,L1,SHORT,4427.86,2026-01-06T00:00:00,NA,2026-01-07T17:00:00,2026-01-07T17:15:00,4444.89,4444.89,4426.66,4426.75,9.90721968,1,1,EVENT
a07fdeea46f5246a,M15,L3,SHORT,4427.86,2026-01-06T03:00:00,NA,2026-01-07T17:00:00,2026-01-07T17:15:00,4444.89,4444.89,4426.66,4426.75,9.90721968,1,1,EVENT
67738a1b2951d60b,M15,L3,SHORT,4445.38,2026-01-07T21:00:00,NA,2026-01-08T04:15:00,2026-01-08T04:30:00,4446.57,4446.72,4440.88,4441.18,7.49239034,1,0,EVENT
5fae554fab2b0af4,M15,L1,SHORT,4423.61,2026-01-07T00:00:00,NA,2026-01-08T07:30:00,2026-01-08T07:45:00,4426.11,4427.00,4415.78,4418.65,6.52050235,1,0,EVENT
75b265b2b0399282,M15,L3,SHORT,4423.61,2026-01-07T17:00:00,NA,2026-01-08T07:30:00,2026-01-08T07:45:00,4426.11,4427.00,4415.78,4418.65,6.52050235,1,0,EVENT
664228fca33391d3,M15,L2,SHORT,4415.56,2026-01-08T01:20:00,NA,2026-01-08T14:00:00,2026-01-08T14:15:00,4422.86,4423.06,4411.85,4412.14,6.49982811,1,0,EVENT
3965ea9025f998de,M15,L3,SHORT,4415.56,2026-01-08T07:00:00,NA,2026-01-08T14:00:00,2026-01-08T14:15:00,4422.86,4423.06,4411.85,4412.14,6.49982811,1,0,EVENT
7ea30a385000f457,M15,L3,LONG,4439.75,2026-01-08T09:00:00,NA,2026-01-08T17:00:00,2026-01-08T17:15:00,4433.08,4449.24,4427.91,4448.04,9.51101346,1,1,EVENT
3388868957aa13f9,M15,L3,LONG,4468.36,2026-01-07T18:00:00,NA,2026-01-08T22:15:00,2026-01-08T22:30:00,4458.07,4473.53,4457.45,4469.95,7.38861595,0,0,EVENT
b3d183445f9a79e1,M15,L3,LONG,4475.18,2026-01-07T10:00:00,NA,2026-01-08T22:45:00,2026-01-08T23:00:00,4473.59,4477.95,4472.01,4476.15,8.02018416,0,0,EVENT
1ec024b1f805aa39,M15,L1,LONG,4479.54,2026-01-08T00:00:00,NA,2026-01-09T01:00:00,2026-01-09T01:15:00,4479.95,4484.05,4475.44,4476.93,6.98016075,0,0,OPEN_BEYOND_LEVEL
42b8c1e3d0c38fd8,M15,L2,LONG,4478.96,2026-01-09T01:20:00,NA,2026-01-09T15:30:00,2026-01-09T15:45:00,4472.82,4491.83,4459.12,4486.44,6.32205634,1,0,EVENT
89281ae4d911e340,M15,L3,LONG,4484.05,2026-01-09T01:00:00,NA,2026-01-09T15:30:00,2026-01-09T15:45:00,4472.82,4491.83,4459.12,4486.44,6.32205634,1,0,EVENT
ac7d5c5b441d2b6b,M15,L3,LONG,4500.43,2026-01-07T01:00:00,NA,2026-01-09T17:15:00,2026-01-09T17:30:00,4496.49,4510.78,4493.46,4505.39,10.04190939,1,1,EVENT
20361c58b4211a22,M15,L1,LONG,4517.14,2026-01-09T00:00:00,NA,2026-01-12T01:00:00,2026-01-12T01:15:00,4518.79,4530.55,4513.42,4529.98,6.87636733,0,0,OPEN_BEYOND_LEVEL
257410317276d587,M15,L3,LONG,4517.14,2026-01-09T17:00:00,NA,2026-01-12T01:00:00,2026-01-12T01:15:00,4518.79,4530.55,4513.42,4529.98,6.87636733,0,0,OPEN_BEYOND_LEVEL
52cb6e61e5c712b6,M15,L2,LONG,4601.07,2026-01-12T01:20:00,NA,2026-01-12T15:00:00,2026-01-12T15:15:00,4590.47,4609.49,4588.40,4606.58,6.89313667,1,0,EVENT
b817216f9413b7ac,M15,L3,LONG,4601.07,2026-01-12T02:00:00,NA,2026-01-12T15:00:00,2026-01-12T15:15:00,4590.47,4609.49,4588.40,4606.58,6.89313667,1,0,EVENT
837066c58b1524c5,M15,L3,SHORT,4578.36,2026-01-12T14:00:00,NA,2026-01-13T03:45:00,2026-01-13T04:00:00,4583.23,4586.14,4577.71,4578.00,9.76252045,1,0,EVENT
4c06c5f1fcc7cc95,M15,L2,LONG,4601.97,2026-01-13T01:20:00,NA,2026-01-13T15:00:00,2026-01-13T15:15:00,4593.13,4605.94,4590.57,4602.70,6.51186537,1,0,EVENT
04fb5f3ca2a5c755,M15,L3,LONG,4601.97,2026-01-13T07:00:00,NA,2026-01-13T15:00:00,2026-01-13T15:15:00,4593.13,4605.94,4590.57,4602.70,6.51186537,1,0,EVENT
5b94e8458cac1d08,M15,L3,LONG,4630.25,2026-01-12T18:00:00,NA,2026-01-14T07:00:00,2026-01-14T07:15:00,4629.35,4639.43,4629.32,4634.01,6.37254574,1,0,EVENT
7564bf1a19b2b920,M15,L1,LONG,4634.44,2026-01-13T00:00:00,NA,2026-01-14T07:30:00,2026-01-14T07:45:00,4634.13,4639.75,4631.89,4636.29,6.49739914,1,0,EVENT
5487d76d74f365ca,M15,L3,LONG,4634.44,2026-01-13T16:00:00,NA,2026-01-14T07:30:00,2026-01-14T07:45:00,4634.13,4639.75,4631.89,4636.29,6.49739914,1,0,EVENT
a7d2b90028392e63,M15,L4,SHORT,4624.51,2026-01-14T10:30:00,24,2026-01-14T16:30:00,2026-01-14T16:45:00,4635.47,4635.47,4614.34,4618.98,7.59334075,1,1,EVENT
351258ce24bc05fd,M15,L3,LONG,4639.75,2026-01-14T07:00:00,NA,2026-01-14T21:30:00,2026-01-14T21:45:00,4635.11,4640.62,4634.57,4639.98,9.04963710,0,0,EVENT
cdc4267c6bd9485e,M15,L3,SHORT,4599.40,2026-01-14T17:00:00,NA,2026-01-15T05:00:00,2026-01-15T05:15:00,4602.92,4604.26,4589.65,4591.48,10.27225372,1,0,EVENT
b86414ddff345796,M15,L1,SHORT,4588.72,2026-01-14T00:00:00,NA,2026-01-15T05:15:00,2026-01-15T05:30:00,4591.36,4594.82,4581.31,4585.45,10.58209274,1,0,EVENT
f1ea6d8ed7a0d3f6,M15,L3,LONG,4613.43,2026-01-15T09:00:00,NA,2026-01-15T12:30:00,2026-01-15T12:45:00,4611.99,4619.34,4610.65,4617.92,7.08297475,1,0,EVENT
249064107cb404bc,M15,L2,LONG,4618.10,2026-01-15T01:20:00,NA,2026-01-15T12:45:00,2026-01-15T13:00:00,4617.94,4620.20,4617.06,4619.84,7.19776227,1,0,EVENT
332dcaec0ce9b328,M15,L3,SHORT,4600.77,2026-01-15T22:00:00,NA,2026-01-16T02:45:00,2026-01-16T03:00:00,4601.43,4602.33,4598.49,4600.19,6.01506932,1,0,EVENT
29f54eefc6611ed3,M15,L2,SHORT,4591.33,2026-01-16T01:20:00,NA,2026-01-16T15:15:00,2026-01-16T15:30:00,4596.35,4597.77,4582.66,4587.28,6.41854218,1,0,EVENT
dd21c2ae77b15156,M15,L3,SHORT,4591.33,2026-01-16T04:00:00,NA,2026-01-16T15:15:00,2026-01-16T15:30:00,4596.35,4597.77,4582.66,4587.28,6.41854218,1,0,EVENT
f8ed625a5e4f5df8,M15,L1,SHORT,4581.18,2026-01-15T00:00:00,NA,2026-01-16T17:15:00,2026-01-16T17:30:00,4615.87,4617.54,4564.74,4565.22,8.72359226,1,1,EVENT
ebdcdc2a7dd5f780,M15,L3,SHORT,4569.81,2026-01-13T22:00:00,NA,2026-01-16T17:15:00,2026-01-16T17:30:00,4615.87,4617.54,4564.74,4565.22,8.72359226,1,1,EVENT
7310e717175329fc,M15,L1,LONG,4620.92,2026-01-16T00:00:00,NA,2026-01-19T01:00:00,2026-01-19T01:15:00,4626.90,4661.88,4626.66,4654.44,8.63543726,0,0,OPEN_BEYOND_LEVEL
f503629ad463ecee,M15,L3,LONG,4642.98,2026-01-14T21:00:00,NA,2026-01-19T01:00:00,2026-01-19T01:15:00,4626.90,4661.88,4626.66,4654.44,8.63543726,0,0,EVENT
4449147fd1454d3d,M15,L3,LONG,4679.02,2026-01-19T08:00:00,NA,2026-01-20T05:45:00,2026-01-20T06:00:00,4676.90,4681.55,4676.90,4680.20,5.74990626,1,0,EVENT
d02b026b6827d1d6,M15,L3,LONG,4680.26,2026-01-19T20:00:00,NA,2026-01-20T06:00:00,2026-01-20T06:15:00,4680.21,4682.53,4679.56,4680.48,5.67277010,1,0,EVENT
8c1c8b5398b341b8,M15,L1,LONG,4690.70,2026-01-19T00:00:00,NA,2026-01-20T06:45:00,2026-01-20T07:00:00,4689.63,4696.99,4688.79,4695.08,5.79643801,1,0,EVENT
958e23f3d0d7d6ac,M15,L3,LONG,4690.70,2026-01-19T01:00:00,NA,2026-01-20T06:45:00,2026-01-20T07:00:00,4689.63,4696.99,4688.79,4695.08,5.79643801,1,0,EVENT
1910d75a2e3fa138,M15,L2,LONG,4716.70,2026-01-20T01:20:00,NA,2026-01-20T09:15:00,2026-01-20T09:30:00,4715.56,4722.23,4714.82,4718.10,7.02989759,1,0,EVENT
52e580d0098ae6e0,M15,L3,LONG,4737.41,2026-01-20T11:00:00,NA,2026-01-20T16:00:00,2026-01-20T16:15:00,4737.26,4748.56,4732.44,4741.00,7.16347303,1,0,EVENT
d7a31f51fba76c70,M15,L1,LONG,4766.29,2026-01-20T00:00:00,NA,2026-01-21T01:30:00,2026-01-21T01:45:00,4759.83,4773.66,4758.71,4773.62,6.78321752,1,0,EVENT
6eeea8d8baa6dafb,M15,L3,LONG,4766.29,2026-01-20T21:00:00,NA,2026-01-21T01:30:00,2026-01-21T01:45:00,4759.83,4773.66,4758.71,4773.62,6.78321752,1,0,EVENT
57139f808c53754c,M15,L2,LONG,4878.24,2026-01-21T01:20:00,NA,2026-01-21T08:15:00,2026-01-21T08:30:00,4871.65,4888.52,4870.09,4883.78,11.43991270,1,0,EVENT
4435682185f46b66,M15,L3,LONG,4877.03,2026-01-21T11:00:00,NA,2026-01-21T15:30:00,2026-01-21T15:45:00,4868.01,4879.14,4867.07,4877.30,9.81685557,1,0,EVENT
cc16c9e1c9c9d08b,M15,L3,SHORT,4832.63,2026-01-21T09:00:00,NA,2026-01-21T17:15:00,2026-01-21T17:30:00,4860.26,4861.77,4812.82,4831.16,14.33895905,1,1,EVENT
af69fd2fd19dea4a,M15,L2,LONG,4821.64,2026-01-22T01:20:00,NA,2026-01-22T08:15:00,2026-01-22T08:30:00,4818.18,4829.21,4816.98,4825.56,10.88176561,1,0,EVENT
a926a2894b9245ae,M15,L3,SHORT,4814.40,2026-01-22T11:00:00,NA,2026-01-22T15:30:00,2026-01-22T15:45:00,4828.28,4828.39,4810.96,4813.83,7.86292092,1,0,EVENT
91d5993205f7c9db,M15,L3,LONG,4839.03,2026-01-22T09:00:00,NA,2026-01-22T16:30:00,2026-01-22T16:45:00,4829.53,4847.57,4828.14,4845.62,8.52773882,1,1,EVENT
7d50eb54c5f9503b,M15,L3,LONG,4853.88,2026-01-21T21:00:00,NA,2026-01-22T17:30:00,2026-01-22T17:45:00,4853.75,4865.83,4853.31,4863.34,10.47646810,1,1,EVENT
239d5ae38172b0b7,M15,L1,LONG,4888.52,2026-01-21T00:00:00,NA,2026-01-22T19:15:00,2026-01-22T19:30:00,4880.37,4893.99,4876.46,4889.81,10.92936708,1,1,EVENT
fae0058e58f8dee1,M15,L3,LONG,4888.52,2026-01-21T08:00:00,NA,2026-01-22T19:15:00,2026-01-22T19:30:00,4880.37,4893.99,4876.46,4889.81,10.92936708,1,1,EVENT
8d1b82dc52c56f3b,M15,L1,LONG,4940.72,2026-01-22T00:00:00,NA,2026-01-23T01:00:00,2026-01-23T01:15:00,4942.77,4960.04,4939.11,4943.12,9.69327067,0,0,OPEN_BEYOND_LEVEL
630a01566aba2782,M15,L2,SHORT,4930.92,2026-01-23T01:20:00,NA,2026-01-23T10:15:00,2026-01-23T10:30:00,4942.27,4942.96,4901.55,4913.85,8.18488946,1,0,EVENT
275d632b7d791a44,M15,L2,LONG,4967.48,2026-01-23T01:20:00,NA,2026-01-23T18:00:00,2026-01-23T18:15:00,4960.50,4976.66,4959.04,4971.08,11.91721805,1,1,EVENT
d373bac42d85286e,M15,L3,LONG,4967.48,2026-01-23T07:00:00,NA,2026-01-23T18:00:00,2026-01-23T18:15:00,4960.50,4976.66,4959.04,4971.08,11.91721805,1,1,EVENT
7a28af7add0cb0a0,M15,L1,LONG,4990.01,2026-01-23T00:00:00,NA,2026-01-26T01:00:00,2026-01-26T01:15:00,5010.98,5028.49,5001.08,5021.61,9.34084047,0,0,OPEN_BEYOND_LEVEL
287f83b7351c8b74,M15,L3,LONG,4990.01,2026-01-23T21:00:00,NA,2026-01-26T01:00:00,2026-01-26T01:15:00,5010.98,5028.49,5001.08,5021.61,9.34084047,0,0,OPEN_BEYOND_LEVEL
f0bb9b7cb4ee77d7,M15,L2,LONG,5093.16,2026-01-26T01:20:00,NA,2026-01-26T09:15:00,2026-01-26T09:30:00,5090.85,5095.70,5089.94,5095.24,15.08901303,1,0,EVENT
1dfbc7e0dd4972e9,M15,L3,LONG,5093.16,2026-01-26T04:00:00,NA,2026-01-26T09:15:00,2026-01-26T09:30:00,5090.85,5095.70,5089.94,5095.24,15.08901303,1,0,EVENT
c9bda82f07a66a23,M15,L3,LONG,5098.76,2026-01-26T11:00:00,NA,2026-01-26T18:00:00,2026-01-26T18:15:00,5090.87,5104.81,5089.64,5101.59,13.21804867,1,1,EVENT
359c12fe6e1a561b,M15,L3,SHORT,5052.40,2026-01-26T07:00:00,NA,2026-01-26T21:15:00,2026-01-26T21:30:00,5060.39,5061.27,5020.18,5027.54,17.73673915,0,0,EVENT
82a7af9e50e7e233,M15,L3,LONG,5079.86,2026-01-27T04:00:00,NA,2026-01-27T07:45:00,2026-01-27T08:00:00,5074.66,5085.18,5074.64,5083.01,14.07099247,1,0,EVENT
c5a9ac44c6458cdd,M15,L2,LONG,5085.18,2026-01-27T01:20:00,NA,2026-01-27T08:30:00,2026-01-27T08:45:00,5082.29,5088.57,5079.03,5085.65,13.15756941,1,0,EVENT
b9abea47f5b4bc42,M15,L3,SHORT,5066.98,2026-01-27T13:00:00,NA,2026-01-27T16:00:00,2026-01-27T16:15:00,5077.40,5077.40,5055.06,5060.23,11.01848168,1,0,EVENT
16bfc2adeea92466,M15,L3,SHORT,5057.55,2026-01-27T07:00:00,NA,2026-01-27T16:45:00,2026-01-27T17:00:00,5079.37,5079.42,5050.97,5054.23,13.14954237,1,1,EVENT
16850414daa0ac51,M15,L3,LONG,5093.00,2026-01-27T15:00:00,NA,2026-01-27T18:00:00,2026-01-27T18:15:00,5091.15,5098.58,5083.75,5095.09,15.20581440,1,1,EVENT
94fbff36a67eb6f6,M15,L1,LONG,5111.13,2026-01-26T00:00:00,NA,2026-01-27T22:00:00,2026-01-27T22:15:00,5099.01,5142.98,5097.94,5141.90,10.97180867,0,0,EVENT
3c230023afd9e9d0,M15,L3,LONG,5111.13,2026-01-26T08:00:00,NA,2026-01-27T22:00:00,2026-01-27T22:15:00,5099.01,5142.98,5097.94,5141.90,10.97180867,0,0,EVENT
5cbeb4301be684c2,M15,L1,LONG,5190.34,2026-01-27T00:00:00,NA,2026-01-28T03:00:00,2026-01-28T03:15:00,5171.79,5201.98,5168.79,5190.56,13.78524057,1,0,EVENT
2ecfe8df9cfeeeea,M15,L3,LONG,5190.34,2026-01-27T23:00:00,NA,2026-01-28T03:00:00,2026-01-28T03:15:00,5171.79,5201.98,5168.79,5190.56,13.78524057,1,0,EVENT
60478c8c131b7d49,M15,L2,LONG,5266.37,2026-01-28T01:20:00,NA,2026-01-28T08:45:00,2026-01-28T09:00:00,5261.71,5271.35,5257.25,5268.70,12.97704102,1,0,EVENT
6e0f6a6a6acbc06a,M15,L3,LONG,5311.68,2026-01-28T10:00:00,NA,2026-01-28T21:45:00,2026-01-28T22:00:00,5310.90,5332.35,5304.86,5325.42,20.80925131,0,0,EVENT
c55257e832f1ac8b,M15,L1,LONG,5419.16,2026-01-28T00:00:00,NA,2026-01-29T01:00:00,2026-01-29T01:15:00,5420.57,5475.27,5419.57,5474.97,22.12344518,0,0,OPEN_BEYOND_LEVEL
59a3e065aa235a5b,M15,L2,SHORT,5445.59,2026-01-29T01:20:00,NA,2026-01-29T17:00:00,2026-01-29T17:15:00,5497.37,5497.37,5366.84,5383.78,24.64484488,1,1,EVENT
a37d700bee954a3e,M15,L3,SHORT,5470.80,2026-01-29T13:00:00,NA,2026-01-29T17:00:00,2026-01-29T17:15:00,5497.37,5497.37,5366.84,5383.78,24.64484488,1,1,EVENT
a3970906c4d968d2,M15,L3,SHORT,5235.36,2026-01-28T17:00:00,NA,2026-01-29T17:15:00,2026-01-29T17:30:00,5384.28,5387.25,5113.59,5188.43,32.29307024,1,1,EVENT
fbab9528600f6b6c,M15,L1,SHORT,5157.19,2026-01-28T00:00:00,NA,2026-01-29T17:30:00,2026-01-29T17:45:00,5191.76,5257.78,5104.68,5122.15,49.53356523,1,1,EVENT
66066f132264250a,M15,L3,SHORT,5157.19,2026-01-28T02:00:00,NA,2026-01-29T17:30:00,2026-01-29T17:45:00,5191.76,5257.78,5104.68,5122.15,49.53356523,1,1,EVENT
cd5c5825677a2a1f,M15,L3,SHORT,5282.80,2026-01-29T22:00:00,NA,2026-01-30T04:00:00,2026-01-30T04:15:00,5301.43,5312.75,5195.56,5212.02,44.00280060,1,0,EVENT
ec631be42cfffa3c,M15,L1,SHORT,5104.68,2026-01-29T00:00:00,NA,2026-01-30T10:30:00,2026-01-30T10:45:00,5152.22,5154.84,5057.41,5096.19,41.07184457,1,0,EVENT
aadd9b30ac7723d4,M15,L2,SHORT,5112.08,2026-01-30T01:20:00,NA,2026-01-30T10:30:00,2026-01-30T10:45:00,5152.22,5154.84,5057.41,5096.19,41.07184457,1,0,EVENT
45e0cde035382edb,M15,L3,SHORT,5104.68,2026-01-29T17:00:00,NA,2026-01-30T10:30:00,2026-01-30T10:45:00,5152.22,5154.84,5057.41,5096.19,41.07184457,1,0,EVENT
f11f0a4dbd78bd88,M15,L3,SHORT,5046.46,2026-01-27T16:00:00,NA,2026-01-30T11:00:00,2026-01-30T11:15:00,5117.19,5131.77,5014.03,5028.71,44.51403945,1,0,EVENT
0d5ff42bde5fc754,M15,L3,SHORT,4989.31,2026-01-26T23:00:00,NA,2026-01-30T11:30:00,2026-01-30T11:45:00,5028.02,5068.68,4976.46,4976.46,49.71057483,1,0,EVENT
61e1731118539656,M15,L3,SHORT,4938.83,2026-01-30T11:00:00,NA,2026-01-30T19:00:00,2026-01-30T19:15:00,4985.12,4985.99,4899.57,4914.48,49.49486734,1,1,EVENT
8bdaa1a9f6c7912e,M15,L1,SHORT,4687.63,2026-01-30T00:00:00,NA,2026-02-02T03:00:00,2026-02-02T03:15:00,4766.91,4784.66,4585.85,4650.23,63.48762072,1,0,EVENT
22efda1ca8464fe5,M15,L3,SHORT,4687.63,2026-01-30T20:00:00,NA,2026-02-02T03:00:00,2026-02-02T03:15:00,4766.91,4784.66,4585.85,4650.23,63.48762072,1,0,EVENT
9b05f99070fa3716,M15,L3,SHORT,4585.85,2026-02-02T03:00:00,NA,2026-02-02T07:30:00,2026-02-02T07:45:00,4657.99,4658.48,4572.95,4576.68,55.56671288,1,0,EVENT
0266394f80e14000,M15,L2,SHORT,4498.00,2026-02-02T01:20:00,NA,2026-02-02T08:15:00,2026-02-02T08:30:00,4535.55,4549.87,4433.33,4486.23,58.88859264,1,0,EVENT
eb6d80415977f0c3,M15,L3,LONG,4812.34,2026-02-02T14:00:00,NA,2026-02-03T02:15:00,2026-02-03T02:30:00,4787.08,4829.04,4786.98,4820.87,39.39555606,1,0,EVENT
f78099948c7242d4,M15,L2,LONG,4856.00,2026-02-03T01:20:00,NA,2026-02-03T08:15:00,2026-02-03T08:30:00,4842.88,4875.28,4841.56,4871.24,29.60312866,1,0,EVENT
32dab414ad64bf4c,M15,L3,LONG,4856.00,2026-02-03T03:00:00,NA,2026-02-03T08:15:00,2026-02-03T08:30:00,4842.88,4875.28,4841.56,4871.24,29.60312866,1,0,EVENT
5f3137d260494dc6,M15,L1,LONG,4884.96,2026-02-02T00:00:00,NA,2026-02-03T08:30:00,2026-02-03T08:45:00,4871.21,4893.88,4868.73,4891.86,29.89719090,1,0,EVENT
4c3ab7f6aca43e10,M15,L3,LONG,4951.12,2026-02-03T15:00:00,NA,2026-02-03T18:15:00,2026-02-03T18:30:00,4944.21,4980.83,4941.55,4972.98,24.25965388,1,1,EVENT
ca6c38c3399023d7,M15,L1,LONG,4993.91,2026-02-03T00:00:00,NA,2026-02-04T02:45:00,2026-02-04T03:00:00,4986.79,5016.42,4986.76,5015.60,27.92343649,1,0,EVENT
301c5f2b90c8d073,M15,L3,LONG,4993.91,2026-02-03T18:00:00,NA,2026-02-04T02:45:00,2026-02-04T03:00:00,4986.79,5016.42,4986.76,5015.60,27.92343649,1,0,EVENT
2c8fed1fa19b4b2e,M15,L3,SHORT,5051.07,2026-02-04T08:00:00,NA,2026-02-04T12:15:00,2026-02-04T12:30:00,5053.60,5056.68,5041.55,5044.47,17.93198974,1,0,EVENT
199da9ccddd789e2,M15,L3,SHORT,5013.30,2026-02-04T13:00:00,NA,2026-02-04T16:30:00,2026-02-04T16:45:00,5032.73,5038.11,4967.22,4995.13,20.42117315,1,1,EVENT
744a11a2a0558a34,M15,L2,SHORT,4920.35,2026-02-04T01:20:00,NA,2026-02-04T17:45:00,2026-02-04T18:00:00,4943.69,4950.50,4910.31,4919.65,30.96666904,1,1,EVENT
9f858e0aef292976,M15,L1,SHORT,4854.83,2026-02-04T00:00:00,NA,2026-02-05T04:45:00,2026-02-05T05:00:00,4898.95,4900.92,4805.45,4811.50,30.81710477,1,0,EVENT
3042b494e9d2860d,M15,L3,SHORT,4854.83,2026-02-04T18:00:00,NA,2026-02-05T04:45:00,2026-02-05T05:00:00,4898.95,4900.92,4805.45,4811.50,30.81710477,1,0,EVENT
b87caa17fb9e695b,M15,L3,SHORT,4789.52,2026-02-05T05:00:00,NA,2026-02-05T23:30:00,2026-02-05T23:45:00,4801.27,4804.58,4759.54,4766.04,25.37120029,0,0,EVENT
45831d72fae0ca2d,M15,L1,SHORT,4759.54,2026-02-05T00:00:00,NA,2026-02-06T01:15:00,2026-02-06T01:30:00,4766.01,4773.00,4749.32,4752.43,27.32511918,1,0,EVENT
04b7037bf2e22406,M15,L3,SHORT,4746.01,2026-02-03T04:00:00,NA,2026-02-06T01:30:00,2026-02-06T01:45:00,4752.44,4756.99,4732.49,4742.53,27.06475353,1,0,EVENT
cdacffbea0973994,M15,L3,LONG,4846.13,2026-02-06T04:00:00,NA,2026-02-06T07:15:00,2026-02-06T07:30:00,4824.43,4852.42,4819.27,4850.95,27.96341096,1,0,EVENT
cb89a32ccd0516b7,M15,L2,LONG,4898.02,2026-02-06T01:20:00,NA,2026-02-06T14:45:00,2026-02-06T15:00:00,4894.81,4903.19,4894.12,4901.71,21.12317558,1,0,EVENT
8f864191d52f5bbf,M15,L3,LONG,4906.75,2026-02-05T18:00:00,NA,2026-02-06T15:00:00,2026-02-06T15:15:00,4901.72,4926.36,4897.04,4909.48,20.26223447,1,0,EVENT
fe8998fc86450c11,M15,L3,LONG,4943.61,2026-02-05T10:00:00,NA,2026-02-06T16:45:00,2026-02-06T17:00:00,4932.86,4949.81,4927.58,4947.97,23.95288970,1,1,EVENT
411109ea10ba8c3b,M15,L1,LONG,4971.27,2026-02-06T00:00:00,NA,2026-02-09T01:00:00,2026-02-09T01:15:00,4980.41,4993.00,4964.19,4978.93,13.96126793,0,0,OPEN_BEYOND_LEVEL
01cbd472d00c043d,M15,L3,LONG,4971.27,2026-02-06T20:00:00,NA,2026-02-09T01:00:00,2026-02-09T01:15:00,4980.41,4993.00,4964.19,4978.93,13.96126793,0,0,OPEN_BEYOND_LEVEL
b9a46ee85b4760a4,M15,L4,LONG,4971.27,2026-02-06T18:45:00,21,2026-02-09T01:00:00,2026-02-09T01:15:00,4980.41,4993.00,4964.19,4978.93,13.96126793,0,0,OPEN_BEYOND_LEVEL
d8c5cfd60f8d9423,M15,L3,LONG,5023.82,2026-02-05T01:00:00,NA,2026-02-09T01:30:00,2026-02-09T01:45:00,5022.61,5043.69,5019.91,5041.24,17.48247082,1,0,EVENT
5fbbf346d9e6bd85,M15,L3,SHORT,4997.32,2026-02-09T09:00:00,NA,2026-02-09T12:15:00,2026-02-09T12:30:00,5010.96,5015.40,4985.22,4992.79,15.41066770,1,0,EVENT
b031f482415765f5,M15,L2,LONG,5047.27,2026-02-09T01:20:00,NA,2026-02-09T17:30:00,2026-02-09T17:45:00,5032.89,5056.27,5032.89,5055.55,14.78890516,1,1,EVENT
3ee1eab75564727f,M15,L3,LONG,5047.27,2026-02-09T01:00:00,NA,2026-02-09T17:30:00,2026-02-09T17:45:00,5032.89,5056.27,5032.89,5055.55,14.78890516,1,1,EVENT
a78f7dd130b760eb,M15,L2,LONG,5056.36,2026-02-10T01:20:00,NA,2026-02-10T16:15:00,2026-02-10T16:30:00,5055.28,5074.97,5055.22,5070.03,13.15245190,1,1,EVENT
130e57265c4ebd79,M15,L3,LONG,5063.43,2026-02-10T11:00:00,NA,2026-02-10T16:15:00,2026-02-10T16:30:00,5055.28,5074.97,5055.22,5070.03,13.15245190,1,1,EVENT
fd718f921b4195ff,M15,L3,SHORT,5019.86,2026-02-10T14:00:00,NA,2026-02-10T17:30:00,2026-02-10T17:45:00,5034.13,5037.32,4998.14,5013.56,15.78164588,1,1,EVENT
0eb1c582cab99199,M15,L3,SHORT,5011.18,2026-02-10T07:00:00,NA,2026-02-10T20:15:00,2026-02-10T20:30:00,5017.58,5018.40,5004.83,5008.13,15.31546199,1,1,EVENT
8b002bf1ddc5c4ae,M15,L3,LONG,5054.54,2026-02-11T01:00:00,NA,2026-02-11T05:15:00,2026-02-11T05:30:00,5049.22,5059.19,5045.18,5056.97,11.88495210,1,0,EVENT
36b18888a51ed527,M15,L2,LONG,5063.88,2026-02-11T01:20:00,NA,2026-02-11T08:45:00,2026-02-11T09:00:00,5055.89,5064.52,5052.09,5063.94,9.82510988,1,0,EVENT
27373e8143ef9d54,M15,L1,LONG,5078.56,2026-02-10T00:00:00,NA,2026-02-11T12:30:00,2026-02-11T12:45:00,5070.35,5100.56,5067.88,5096.67,8.99570502,1,0,EVENT
f730bc18d628b0c0,M15,L3,LONG,5092.22,2026-02-04T10:00:00,NA,2026-02-11T12:30:00,2026-02-11T12:45:00,5070.35,5100.56,5067.88,5096.67,8.99570502,1,0,EVENT
1b433ba804aca239,M15,L3,SHORT,5043.46,2026-02-11T07:00:00,NA,2026-02-11T16:30:00,2026-02-11T16:45:00,5068.61,5076.59,5035.21,5040.07,18.90733340,1,1,EVENT
74b26982875a317b,M15,L2,SHORT,5045.14,2026-02-12T01:20:00,NA,2026-02-12T16:45:00,2026-02-12T17:00:00,5056.29,5061.36,5038.39,5044.36,10.93439421,1,1,EVENT
fe4903b623a2805f,M15,L3,SHORT,5045.14,2026-02-12T03:00:00,NA,2026-02-12T16:45:00,2026-02-12T17:00:00,5056.29,5061.36,5038.39,5044.36,10.93439421,1,1,EVENT
ede7eea33bc9fe65,M15,L1,SHORT,5019.17,2026-02-11T00:00:00,NA,2026-02-12T18:00:00,2026-02-12T18:15:00,5060.62,5068.29,4948.45,4955.87,12.22935674,1,1,EVENT
f6fb396abda58370,M15,L3,SHORT,4969.07,2026-02-09T04:00:00,NA,2026-02-12T18:00:00,2026-02-12T18:15:00,5060.62,5068.29,4948.45,4955.87,12.22935674,1,1,EVENT
9f7a32c5e5a38ab3,M15,L3,SHORT,4936.54,2026-02-06T22:00:00,NA,2026-02-12T18:15:00,2026-02-12T18:30:00,4956.91,4965.76,4878.23,4896.99,19.91583126,1,1,EVENT
3c0dc28238431143,M15,L3,SHORT,4944.83,2026-02-13T07:00:00,NA,2026-02-13T13:30:00,2026-02-13T13:45:00,4945.05,4948.65,4935.34,4944.13,14.37428908,1,0,EVENT
721f2638cb204dc7,M15,L2,LONG,4997.44,2026-02-13T01:20:00,NA,2026-02-13T16:00:00,2026-02-13T16:15:00,4986.14,5000.84,4984.93,4997.72,14.97288951,1,0,EVENT
50b61ae0b93c6c62,M15,L3,LONG,4997.44,2026-02-13T06:00:00,NA,2026-02-13T16:00:00,2026-02-13T16:15:00,4986.14,5000.84,4984.93,4997.72,14.97288951,1,0,EVENT
2818850d3bca6649,M15,L1,SHORT,4965.34,2026-02-16T00:00:00,NA,2026-02-17T02:45:00,2026-02-17T03:00:00,4970.33,4970.33,4932.14,4935.63,8.12843180,1,0,EVENT
57360b3bf3193c76,M15,L3,SHORT,4965.34,2026-02-16T07:00:00,NA,2026-02-17T02:45:00,2026-02-17T03:00:00,4970.33,4970.33,4932.14,4935.63,8.12843180,1,0,EVENT
f5e9d8e51fc23890,M15,L3,SHORT,4933.01,2026-02-13T13:00:00,NA,2026-02-17T07:00:00,2026-02-17T07:15:00,4952.84,4954.19,4927.05,4928.39,9.75448716,1,0,EVENT
3897bb139fe1bf0e,M15,L3,SHORT,4923.21,2026-02-17T03:00:00,NA,2026-02-17T07:15:00,2026-02-17T07:30:00,4928.37,4928.54,4888.31,4900.61,10.99630951,1,0,EVENT
e0dd524e63aa2114,M15,L3,SHORT,4885.90,2026-02-13T01:00:00,NA,2026-02-17T07:30:00,2026-02-17T07:45:00,4900.63,4902.46,4858.70,4880.07,13.08443026,1,0,EVENT
998cf070aa2a3cf4,M15,L3,SHORT,4878.23,2026-02-12T18:00:00,NA,2026-02-17T15:45:00,2026-02-17T16:00:00,4921.53,4924.46,4868.59,4870.67,11.97336957,1,0,EVENT
c3cefbd8a40c6f94,M15,L2,SHORT,4858.70,2026-02-17T01:20:00,NA,2026-02-17T17:00:00,2026-02-17T17:15:00,4864.01,4872.66,4848.70,4857.12,19.98283163,1,1,EVENT
19fd5abdf20c7e46,M15,L3,SHORT,4858.70,2026-02-17T07:00:00,NA,2026-02-17T17:00:00,2026-02-17T17:15:00,4864.01,4872.66,4848.70,4857.12,19.98283163,1,1,EVENT
0755c962b5f616d8,M15,L3,LONG,4910.71,2026-02-17T20:00:00,NA,2026-02-18T05:00:00,2026-02-18T05:15:00,4905.01,4916.26,4904.28,4912.22,11.72660482,1,0,EVENT
75288925529c9081,M15,L2,LONG,4940.13,2026-02-18T01:20:00,NA,2026-02-18T14:45:00,2026-02-18T15:00:00,4929.16,4947.40,4928.24,4942.36,8.28288375,1,0,EVENT
d4b77bb3762f52e6,M15,L3,LONG,4942.32,2026-02-18T09:00:00,NA,2026-02-18T14:45:00,2026-02-18T15:00:00,4929.16,4947.40,4928.24,4942.36,8.28288375,1,0,EVENT
33868575ccb51418,M15,L3,LONG,4944.55,2026-02-17T14:00:00,NA,2026-02-18T15:00:00,2026-02-18T15:15:00,4942.44,4959.46,4942.44,4957.47,9.05982063,1,0,EVENT
62574769adfd2d1a,M15,L1,LONG,5001.16,2026-02-17T00:00:00,NA,2026-02-18T17:00:00,2026-02-18T17:15:00,4991.84,5007.93,4991.49,5004.13,11.33187350,1,1,EVENT
f79f272408bc1294,M15,L3,LONG,5001.16,2026-02-17T01:00:00,NA,2026-02-18T17:00:00,2026-02-18T17:15:00,4991.84,5007.93,4991.49,5004.13,11.33187350,1,1,EVENT
13d9a2cbf8367771,M15,L3,SHORT,4972.83,2026-02-18T21:00:00,NA,2026-02-19T02:00:00,2026-02-19T02:15:00,4976.07,4976.34,4961.25,4968.07,9.91707769,1,0,EVENT
83587d72ff608617,M15,L3,LONG,4988.92,2026-02-19T01:00:00,NA,2026-02-19T07:00:00,2026-02-19T07:15:00,4984.32,4993.50,4984.22,4990.44,7.56888758,1,0,EVENT
69803c3db5bff549,M15,L2,LONG,4998.87,2026-02-19T01:20:00,NA,2026-02-19T08:00:00,2026-02-19T08:15:00,4996.91,5000.14,4996.62,4999.06,7.08585220,1,0,EVENT
df9dea76bf5c4485,M15,L1,LONG,5011.23,2026-02-18T00:00:00,NA,2026-02-19T08:45:00,2026-02-19T09:00:00,5009.09,5020.35,5009.05,5018.42,6.94639843,1,0,EVENT
e05c3c765b7145e8,M15,L3,LONG,5017.27,2026-02-16T12:00:00,NA,2026-02-19T08:45:00,2026-02-19T09:00:00,5009.09,5020.35,5009.05,5018.42,6.94639843,1,0,EVENT
68d0fe429e01cec4,M15,L2,LONG,5014.94,2026-02-20T01:20:00,NA,2026-02-20T08:00:00,2026-02-20T08:15:00,5011.63,5020.03,5011.63,5016.54,8.52278577,1,0,EVENT
0fd55cce74f3bb45,M15,L3,LONG,5014.94,2026-02-20T03:00:00,NA,2026-02-20T08:00:00,2026-02-20T08:15:00,5011.63,5020.03,5011.63,5016.54,8.52278577,1,0,EVENT
1770d98b80a7c021,M15,L1,LONG,5022.37,2026-02-19T00:00:00,NA,2026-02-20T08:15:00,2026-02-20T08:30:00,5016.56,5029.79,5016.44,5022.42,8.51401536,1,0,EVENT
5ff657e0bacb386d,M15,L3,LONG,5022.37,2026-02-19T17:00:00,NA,2026-02-20T08:15:00,2026-02-20T08:30:00,5016.56,5029.79,5016.44,5022.42,8.51401536,1,0,EVENT
62c8e385439d79d6,M15,L3,LONG,5031.55,2026-02-16T04:00:00,NA,2026-02-20T11:00:00,2026-02-20T11:15:00,5028.86,5040.67,5028.08,5038.98,9.27874513,1,0,EVENT
3b06030e324d73bd,M15,L3,LONG,5042.50,2026-02-20T11:00:00,NA,2026-02-20T15:45:00,2026-02-20T16:00:00,5031.14,5048.65,5030.93,5043.93,9.55710919,1,0,EVENT
003bbfea16699858,M15,L3,LONG,5049.52,2026-02-16T01:00:00,NA,2026-02-20T16:30:00,2026-02-20T16:45:00,5040.98,5054.85,5037.64,5052.82,9.84468983,1,1,EVENT
eb0c26cc6235e019,M15,L1,LONG,5107.94,2026-02-20T00:00:00,NA,2026-02-23T01:00:00,2026-02-23T01:15:00,5106.68,5146.66,5098.34,5146.66,9.87937644,0,0,EVENT
3338e05de6dd8368,M15,L3,LONG,5171.62,2026-02-23T01:00:00,NA,2026-02-23T04:30:00,2026-02-23T04:45:00,5161.23,5176.58,5161.08,5174.43,14.17920967,1,0,EVENT
128e34b6aba93276,M15,L4,SHORT,5152.43,2026-02-23T03:30:00,20,2026-02-23T08:30:00,2026-02-23T08:45:00,5152.97,5156.86,5147.32,5148.39,9.72916807,1,0,EVENT
6f932eb415573cce,M15,L2,SHORT,5129.34,2026-02-23T01:20:00,NA,2026-02-23T10:15:00,2026-02-23T10:30:00,5138.24,5139.64,5122.73,5125.12,10.52573576,1,0,EVENT
d09c3630549f640f,M15,L2,LONG,5176.59,2026-02-23T01:20:00,NA,2026-02-23T16:30:00,2026-02-23T16:45:00,5165.48,5190.53,5164.95,5190.09,9.68880742,1,1,EVENT
5fad269f125b1561,M15,L3,LONG,5176.59,2026-02-23T04:00:00,NA,2026-02-23T16:30:00,2026-02-23T16:45:00,5165.48,5190.53,5164.95,5190.09,9.68880742,1,1,EVENT
fc9774c49bd46ba5,M15,L4,LONG,5165.51,2026-02-23T11:15:00,21,2026-02-23T16:30:00,2026-02-23T16:45:00,5165.48,5190.53,5164.95,5190.09,9.68880742,1,1,EVENT
08e04373365073b0,M15,L3,LONG,5219.00,2026-02-23T18:00:00,NA,2026-02-23T22:00:00,2026-02-23T22:15:00,5215.68,5224.37,5214.93,5223.24,10.77319407,0,0,EVENT
d6ee7653c3343608,M15,L1,LONG,5237.81,2026-02-23T00:00:00,NA,2026-02-24T01:00:00,2026-02-24T01:15:00,5226.23,5249.16,5222.56,5244.46,8.88926406,0,0,EVENT
ddbb9bc2fdfd952c,M15,L4,SHORT,5163.17,2026-02-24T08:45:00,22,2026-02-24T14:15:00,2026-02-24T14:30:00,5167.70,5168.49,5146.93,5161.58,8.50582184,1,0,EVENT
0e2af67e295cbb56,M15,L3,SHORT,5156.00,2026-02-24T08:00:00,NA,2026-02-24T14:45:00,2026-02-24T15:00:00,5157.84,5158.87,5144.60,5150.94,9.53481577,1,0,EVENT
6222facc1b684d92,M15,L2,SHORT,5145.52,2026-02-24T01:20:00,NA,2026-02-24T15:45:00,2026-02-24T16:00:00,5145.98,5146.21,5111.24,5115.26,10.85971427,1,0,EVENT
9f5ee6b52bd1c663,M15,L3,SHORT,5122.30,2026-02-23T10:00:00,NA,2026-02-24T15:45:00,2026-02-24T16:00:00,5145.98,5146.21,5111.24,5115.26,10.85971427,1,0,EVENT
9dce829c4a801bb4,M15,L3,LONG,5173.19,2026-02-24T22:00:00,NA,2026-02-25T03:00:00,2026-02-25T03:15:00,5152.25,5176.67,5144.44,5174.50,12.00476963,1,0,EVENT
c696ce74cd6aab02,M15,L3,LONG,5194.03,2026-02-25T04:00:00,NA,2026-02-25T07:15:00,2026-02-25T07:30:00,5188.41,5195.74,5187.72,5195.46,10.42693686,1,0,EVENT
6d3f719285e09a7f,M15,L2,LONG,5210.54,2026-02-25T01:20:00,NA,2026-02-25T18:45:00,2026-02-25T19:00:00,5207.44,5213.92,5206.70,5212.28,11.58063620,1,1,EVENT
ed2e0b21b0ed2dd7,M15,L3,LONG,5210.54,2026-02-25T07:00:00,NA,2026-02-25T18:45:00,2026-02-25T19:00:00,5207.44,5213.92,5206.70,5212.28,11.58063620,1,1,EVENT
75144fecb9bfaf3d,M15,L3,SHORT,5154.59,2026-02-25T13:00:00,NA,2026-02-25T22:45:00,2026-02-25T23:00:00,5181.52,5181.54,5145.58,5152.04,9.61733536,0,0,EVENT
82b036c0ceb9bc7f,M15,L3,LONG,5198.44,2026-02-26T03:00:00,NA,2026-02-26T07:15:00,2026-02-26T07:30:00,5198.18,5205.71,5196.57,5200.54,9.23056707,1,0,EVENT
87b630fe2ce0da51,M15,L2,SHORT,5155.57,2026-02-26T01:20:00,NA,2026-02-26T17:15:00,2026-02-26T17:30:00,5162.45,5163.33,5130.07,5141.47,11.60904135,1,1,EVENT
fc70d37f9fc02943,M15,L3,SHORT,5145.58,2026-02-25T22:00:00,NA,2026-02-26T17:15:00,2026-02-26T17:30:00,5162.45,5163.33,5130.07,5141.47,11.60904135,1,1,EVENT
d0059eb0ef8f90f4,M15,L3,LONG,5192.90,2026-02-26T17:00:00,NA,2026-02-26T22:00:00,2026-02-26T22:15:00,5186.96,5198.09,5186.75,5196.91,11.15800303,0,0,EVENT
edbbefea65fc4ac6,M15,L1,LONG,5205.71,2026-02-26T00:00:00,NA,2026-02-27T15:00:00,2026-02-27T15:15:00,5187.40,5214.95,5186.91,5212.96,6.22484488,1,0,EVENT
b2e9f71fd85ef6fa,M15,L2,LONG,5200.41,2026-02-27T01:20:00,NA,2026-02-27T15:00:00,2026-02-27T15:15:00,5187.40,5214.95,5186.91,5212.96,6.22484488,1,0,EVENT
159bd9d387cb5918,M15,L3,LONG,5205.71,2026-02-26T07:00:00,NA,2026-02-27T15:00:00,2026-02-27T15:15:00,5187.40,5214.95,5186.91,5212.96,6.22484488,1,0,EVENT
4d3c346c546529a8,M15,L3,LONG,5217.76,2026-02-25T19:00:00,NA,2026-02-27T15:15:00,2026-02-27T15:30:00,5212.97,5240.48,5212.53,5234.59,7.78307025,1,0,EVENT
d07e47e6a0dbd3a7,M15,L3,LONG,5249.88,2026-02-24T01:00:00,NA,2026-02-27T18:00:00,2026-02-27T18:15:00,5239.59,5255.52,5234.13,5253.93,13.39979718,1,1,EVENT
559e93aa93628e3e,M15,L3,LONG,5257.75,2026-02-27T18:00:00,NA,2026-02-27T22:30:00,2026-02-27T22:45:00,5256.97,5263.02,5254.64,5260.16,10.67804948,0,0,EVENT
2028d0a5132abdec,M15,L1,LONG,5280.99,2026-02-27T00:00:00,NA,2026-03-02T01:00:00,2026-03-02T01:15:00,5378.78,5379.38,5302.98,5348.08,10.01970008,0,0,OPEN_BEYOND_LEVEL
64cc1630a5966574,M15,L2,LONG,5393.28,2026-03-02T01:23:00,NA,2026-03-02T09:00:00,2026-03-02T09:15:00,5387.39,5406.93,5384.93,5406.10,14.13516708,1,0,EVENT
ab61bbca13df8415,M15,L3,LONG,5393.28,2026-03-02T01:00:00,NA,2026-03-02T09:00:00,2026-03-02T09:15:00,5387.39,5406.93,5384.93,5406.10,14.13516708,1,0,EVENT
912a4f76ebaf44d7,M15,L3,SHORT,5341.00,2026-03-02T07:00:00,NA,2026-03-02T16:15:00,2026-03-02T16:30:00,5375.53,5376.87,5307.12,5333.76,16.46129081,1,1,EVENT
b3912df100a7cee1,M15,L2,SHORT,5303.27,2026-03-02T01:23:00,NA,2026-03-02T18:00:00,2026-03-02T18:15:00,5315.96,5315.96,5261.19,5301.01,24.22207415,1,1,EVENT
05b7d1729fe3c166,M15,L3,SHORT,5332.55,2026-03-03T04:00:00,NA,2026-03-03T07:45:00,2026-03-03T08:00:00,5345.35,5346.92,5305.55,5319.36,13.55853438,1,0,EVENT
0b549d6a708b41c9,M15,L2,SHORT,5305.55,2026-03-03T01:20:00,NA,2026-03-03T08:00:00,2026-03-03T08:15:00,5319.40,5323.40,5279.14,5290.03,15.54506764,1,0,EVENT
bcb097da48134b1f,M15,L1,SHORT,5261.19,2026-03-02T00:00:00,NA,2026-03-03T11:15:00,2026-03-03T11:30:00,5296.73,5302.58,5226.35,5242.91,17.57580313,1,0,EVENT
6f2d1d52f17c4389,M15,L3,SHORT,5261.19,2026-03-02T18:00:00,NA,2026-03-03T11:15:00,2026-03-03T11:30:00,5296.73,5302.58,5226.35,5242.91,17.57580313,1,0,EVENT
19349f4f12d23d0b,M15,L3,SHORT,5130.07,2026-02-26T17:00:00,NA,2026-03-03T13:15:00,2026-03-03T13:30:00,5199.41,5209.46,5113.56,5126.54,27.94555685,1,0,EVENT
9d52263a986cc4b8,M15,L3,SHORT,5074.51,2026-03-03T13:00:00,NA,2026-03-03T16:30:00,2026-03-03T16:45:00,5145.87,5145.87,5061.87,5071.85,36.23289268,1,1,EVENT
d7a2c37711cfd798,M15,L3,LONG,5148.80,2026-03-03T21:00:00,NA,2026-03-04T03:00:00,2026-03-04T03:15:00,5138.09,5162.55,5138.07,5158.72,20.10847850,1,0,EVENT
dcc9725fa5d9f7a8,M15,L2,LONG,5190.78,2026-03-04T01:20:00,NA,2026-03-04T12:00:00,2026-03-04T12:15:00,5182.30,5198.16,5182.26,5197.93,15.83717883,1,0,EVENT
dde5bf4f94dcdc1b,M15,L3,LONG,5190.78,2026-03-04T04:00:00,NA,2026-03-04T12:00:00,2026-03-04T12:15:00,5182.30,5198.16,5182.26,5197.93,15.83717883,1,0,EVENT
ac27a94dcbaa3056,M15,L2,SHORT,5148.56,2026-03-05T01:20:00,NA,2026-03-05T08:00:00,2026-03-05T08:15:00,5148.92,5155.81,5121.11,5132.40,11.45316092,1,0,EVENT
e87a0deb8c35057e,M15,L3,SHORT,5120.18,2026-03-04T08:00:00,NA,2026-03-05T15:45:00,2026-03-05T16:00:00,5131.17,5132.15,5110.33,5118.68,15.86916797,1,0,EVENT
1870512a559c526f,M15,L3,SHORT,5108.78,2026-03-04T20:00:00,NA,2026-03-05T16:30:00,2026-03-05T16:45:00,5120.27,5123.64,5090.81,5098.21,16.59318587,1,1,EVENT
3ffbedb802f6344e,M15,L1,SHORT,5083.32,2026-03-04T00:00:00,NA,2026-03-05T17:30:00,2026-03-05T17:45:00,5086.88,5093.86,5078.08,5080.83,20.88145022,1,1,EVENT
411bae97cc94274b,M15,L3,SHORT,5083.32,2026-03-04T01:00:00,NA,2026-03-05T17:30:00,2026-03-05T17:45:00,5086.88,5093.86,5078.08,5080.83,20.88145022,1,1,EVENT
08c87406c67e144c,M15,L3,LONG,5123.10,2026-03-06T10:00:00,NA,2026-03-06T16:45:00,2026-03-06T17:00:00,5089.18,5132.41,5087.34,5130.44,19.78555899,1,1,EVENT
523a90a4b1373d79,M15,L2,LONG,5143.66,2026-03-06T01:20:00,NA,2026-03-06T17:00:00,2026-03-06T17:15:00,5130.42,5159.28,5127.89,5149.04,21.59159049,1,1,EVENT
df6850936dc90338,M15,L3,LONG,5143.66,2026-03-06T03:00:00,NA,2026-03-06T17:00:00,2026-03-06T17:15:00,5130.42,5159.28,5127.89,5149.04,21.59159049,1,1,EVENT
777796633efc0f3d,M15,L3,LONG,5171.70,2026-03-05T14:00:00,NA,2026-03-06T23:45:00,2026-03-07T00:00:00,5170.50,5177.31,5165.92,5172.56,12.77320316,0,0,EVENT
c339307d03f7467e,M15,L1,LONG,5177.31,2026-03-06T00:00:00,NA,2026-03-09T01:00:00,2026-03-09T01:15:00,5178.78,5200.90,5120.63,5159.10,12.67440294,0,0,OPEN_BEYOND_LEVEL
b67f6d75a5d059bd,M15,L1,SHORT,5062.36,2026-03-06T00:00:00,NA,2026-03-09T03:00:00,2026-03-09T03:15:00,5076.15,5080.88,5026.00,5036.27,25.45028608,1,0,EVENT
d6dcff62b9011330,M15,L3,SHORT,5050.80,2026-03-05T20:00:00,NA,2026-03-09T03:00:00,2026-03-09T03:15:00,5076.15,5080.88,5026.00,5036.27,25.45028608,1,0,EVENT
4ff0633c91fb3017,M15,L3,SHORT,5080.85,2026-03-09T08:00:00,NA,2026-03-09T16:30:00,2026-03-09T16:45:00,5094.69,5111.29,5074.49,5076.41,13.44539719,1,1,EVENT
476098f4d7c012fb,M15,L3,LONG,5115.99,2026-03-09T17:00:00,NA,2026-03-09T21:30:00,2026-03-09T21:45:00,5104.99,5120.10,5104.21,5117.91,12.83445679,0,0,EVENT
0e5bdf6539e170b1,M15,L3,LONG,5132.48,2026-03-09T12:00:00,NA,2026-03-09T22:15:00,2026-03-09T22:30:00,5122.87,5143.95,5118.43,5139.74,12.86601004,0,0,EVENT
a8520496ae0bc2e6,M15,L3,LONG,5140.37,2026-03-09T08:00:00,NA,2026-03-09T22:45:00,2026-03-09T23:00:00,5135.40,5143.91,5129.14,5141.03,13.85273315,0,0,EVENT
51a51528d519856a,M15,L3,LONG,5180.60,2026-03-05T11:00:00,NA,2026-03-10T04:45:00,2026-03-10T05:00:00,5166.18,5186.07,5164.37,5184.14,14.94143687,1,0,EVENT
5da419f588e409f7,M15,L2,LONG,5186.82,2026-03-10T02:02:00,NA,2026-03-10T11:30:00,2026-03-10T11:45:00,5184.05,5193.98,5183.06,5189.86,9.87203457,1,0,EVENT
6388c14854609b1c,M15,L3,LONG,5186.82,2026-03-10T05:00:00,NA,2026-03-10T11:30:00,2026-03-10T11:45:00,5184.05,5193.98,5183.06,5189.86,9.87203457,1,0,EVENT
0f22f8ed8143f626,M15,L3,LONG,5195.10,2026-03-10T11:00:00,NA,2026-03-10T16:00:00,2026-03-10T16:15:00,5186.99,5202.57,5185.93,5200.68,10.47832234,1,0,EVENT
a1d08a0f00e5198e,M15,L1,LONG,5200.90,2026-03-09T00:00:00,NA,2026-03-10T16:15:00,2026-03-10T16:30:00,5200.66,5228.83,5199.14,5221.63,10.91844217,1,1,EVENT
33ed4a601a7b943b,M15,L3,LONG,5206.41,2026-03-04T14:00:00,NA,2026-03-10T16:15:00,2026-03-10T16:30:00,5200.66,5228.83,5199.14,5221.63,10.91844217,1,1,EVENT
b6eaa4cc238ff58f,M15,L2,SHORT,5186.69,2026-03-11T02:04:00,NA,2026-03-11T11:15:00,2026-03-11T11:30:00,5198.38,5198.48,5181.05,5184.89,9.06031868,1,0,EVENT
851e00da35b872b6,M15,L3,SHORT,5175.52,2026-03-11T11:00:00,NA,2026-03-11T15:45:00,2026-03-11T16:00:00,5180.37,5180.72,5166.64,5167.55,11.21033247,1,0,EVENT
31e7a2b89d9b30af,M15,L4,SHORT,5173.09,2026-03-11T10:15:00,22,2026-03-11T15:45:00,2026-03-11T16:00:00,5180.37,5180.72,5166.64,5167.55,11.21033247,1,0,EVENT
898ec1eeeef66cf9,M15,L3,SHORT,5158.54,2026-03-10T10:00:00,NA,2026-03-12T01:30:00,2026-03-12T01:45:00,5169.65,5170.23,5153.02,5158.46,8.56134351,1,0,EVENT
ee98c3b6e17db018,M15,L1,SHORT,5149.03,2026-03-11T00:00:00,NA,2026-03-12T01:45:00,2026-03-12T02:00:00,5158.63,5169.04,5129.97,5138.93,9.17910468,1,0,EVENT
c0a640d8e1666cdb,M15,L3,SHORT,5149.03,2026-03-11T16:00:00,NA,2026-03-12T01:45:00,2026-03-12T02:00:00,5158.63,5169.04,5129.97,5138.93,9.17910468,1,0,EVENT
87215c2f9e049bdd,M15,L2,LONG,5177.22,2026-03-12T01:20:00,NA,2026-03-12T10:30:00,2026-03-12T10:45:00,5169.03,5179.68,5168.12,5178.74,8.55646367,1,0,EVENT
e5b063e79ef9251a,M15,L3,LONG,5175.04,2026-03-12T05:00:00,NA,2026-03-12T10:30:00,2026-03-12T10:45:00,5169.03,5179.68,5168.12,5178.74,8.55646367,1,0,EVENT
0381940c12c441fa,M15,L3,LONG,5183.81,2026-03-12T01:00:00,NA,2026-03-12T12:30:00,2026-03-12T12:45:00,5180.20,5187.47,5180.20,5184.79,8.00644226,1,0,EVENT
a92517b574dc0880,M15,L2,SHORT,5125.47,2026-03-12T01:20:00,NA,2026-03-12T18:00:00,2026-03-12T18:15:00,5142.98,5144.87,5109.46,5124.73,10.94617465,1,1,EVENT
0e2e4774a66a6c56,M15,L3,SHORT,5125.47,2026-03-12T03:00:00,NA,2026-03-12T18:00:00,2026-03-12T18:15:00,5142.98,5144.87,5109.46,5124.73,10.94617465,1,1,EVENT
3887666d687fd92c,M15,L3,SHORT,5124.62,2026-03-10T04:00:00,NA,2026-03-12T19:45:00,2026-03-12T20:00:00,5135.01,5135.58,5121.52,5123.58,12.72302487,1,1,EVENT
73330f49e5a3db88,M15,L3,SHORT,5117.40,2026-03-10T01:00:00,NA,2026-03-12T20:30:00,2026-03-12T20:45:00,5118.84,5120.04,5104.91,5110.51,12.30056328,1,1,EVENT
2e3db9ed3c10c586,M15,L2,SHORT,5089.70,2026-03-13T02:04:00,NA,2026-03-13T09:45:00,2026-03-13T10:00:00,5091.71,5094.72,5085.74,5088.38,8.33991562,1,0,EVENT
85ae9a48f37d2e4e,M15,L1,SHORT,5054.76,2026-03-12T00:00:00,NA,2026-03-13T17:45:00,2026-03-13T18:00:00,5079.38,5079.39,5035.45,5041.70,11.97699778,1,1,EVENT
b7d4bb9077f76b57,M15,L3,SHORT,5054.76,2026-03-12T23:00:00,NA,2026-03-13T17:45:00,2026-03-13T18:00:00,5079.38,5079.39,5035.45,5041.70,11.97699778,1,1,EVENT
830187278228cc2b,M15,L3,SHORT,5019.02,2026-03-13T19:00:00,NA,2026-03-13T22:45:00,2026-03-13T23:00:00,5025.46,5025.93,5009.57,5016.29,13.26906629,0,0,EVENT
4550998297b5c2ad,M15,L3,SHORT,5014.98,2026-03-09T04:00:00,NA,2026-03-13T23:15:00,2026-03-13T23:30:00,5016.69,5021.41,5012.34,5013.88,13.17485818,0,0,EVENT
8fa2e5ce1427e78d,M15,L1,SHORT,5009.57,2026-03-13T00:00:00,NA,2026-03-16T01:00:00,2026-03-16T01:15:00,5004.67,5030.48,4996.48,5023.31,12.58351801,0,0,OPEN_BEYOND_LEVEL
eef5b239d6ba9e14,M15,L2,LONG,5030.90,2026-03-16T02:04:00,NA,2026-03-16T16:30:00,2026-03-16T16:45:00,5021.45,5034.54,5018.08,5031.55,12.43312559,1,1,EVENT
391bd18d8251b8aa,M15,L3,LONG,5030.90,2026-03-16T03:00:00,NA,2026-03-16T16:30:00,2026-03-16T16:45:00,5021.45,5034.54,5018.08,5031.55,12.43312559,1,1,EVENT
c10908fb354f4f15,M15,L3,LONG,5021.66,2026-03-16T23:00:00,NA,2026-03-17T04:45:00,2026-03-17T05:00:00,5017.79,5027.81,5016.64,5027.80,9.36525360,1,0,EVENT
0c75acad4d427ff8,M15,L1,LONG,5037.99,2026-03-16T00:00:00,NA,2026-03-17T07:30:00,2026-03-17T07:45:00,5032.47,5041.67,5032.12,5039.72,7.89493343,1,0,EVENT
193ac9cbae22df11,M15,L3,LONG,5037.99,2026-03-16T17:00:00,NA,2026-03-17T07:30:00,2026-03-17T07:45:00,5032.47,5041.67,5032.12,5039.72,7.89493343,1,0,EVENT
6129ca0b380b5b9d,M15,L3,SHORT,5005.07,2026-03-17T09:00:00,NA,2026-03-17T13:00:00,2026-03-17T13:15:00,5010.62,5016.47,5001.03,5004.07,8.41279294,1,0,EVENT
4aeb347cb71ab054,M15,L2,SHORT,4994.76,2026-03-17T02:04:00,NA,2026-03-17T18:30:00,2026-03-17T18:45:00,4994.72,5000.54,4973.56,4984.53,11.70004557,1,1,OPEN_BEYOND_LEVEL
c69f72fd32b13f7d,M15,L3,SHORT,4992.00,2026-03-17T13:00:00,NA,2026-03-17T18:30:00,2026-03-17T18:45:00,4994.72,5000.54,4973.56,4984.53,11.70004557,1,1,EVENT
7d6667d2376506be,M15,L3,LONG,5008.99,2026-03-17T21:00:00,NA,2026-03-18T03:00:00,2026-03-18T03:15:00,5002.78,5012.44,5001.21,5009.96,6.34324291,1,0,EVENT
60c9bcb718d90703,M15,L4,LONG,5008.99,2026-03-17T19:30:00,26,2026-03-18T03:00:00,2026-03-18T03:15:00,5002.78,5012.44,5001.21,5009.96,6.34324291,1,0,EVENT
06bb91006a227aea,M15,L3,SHORT,4993.28,2026-03-18T01:00:00,NA,2026-03-18T05:45:00,2026-03-18T06:00:00,5001.14,5004.08,4990.45,4991.96,7.41353733,1,0,EVENT
bbb808f1e385eb93,M15,L2,SHORT,4981.81,2026-03-18T02:03:00,NA,2026-03-18T13:30:00,2026-03-18T13:45:00,4982.42,4987.49,4959.56,4977.92,7.58610770,1,0,EVENT
97418f34a7cf0c44,M15,L3,SHORT,4981.81,2026-03-18T07:00:00,NA,2026-03-18T13:30:00,2026-03-18T13:45:00,4982.42,4987.49,4959.56,4977.92,7.58610770,1,0,EVENT
58cd5fcb7be0702f,M15,L1,SHORT,4973.56,2026-03-17T00:00:00,NA,2026-03-18T13:45:00,2026-03-18T14:00:00,4977.91,4980.25,4958.84,4967.89,9.03924287,1,0,EVENT
311f8d8045ea952a,M15,L3,SHORT,4970.16,2026-03-16T13:00:00,NA,2026-03-18T13:45:00,2026-03-18T14:00:00,4977.91,4980.25,4958.84,4967.89,9.03924287,1,0,EVENT
e3b23bd3c0d5af70,M15,L3,SHORT,4967.28,2026-03-16T02:00:00,NA,2026-03-18T14:15:00,2026-03-18T14:30:00,4970.28,4973.90,4946.45,4948.68,10.64909206,1,0,EVENT
39c385d55811885c,M15,L3,SHORT,4834.26,2026-03-18T16:00:00,NA,2026-03-18T23:00:00,2026-03-18T23:15:00,4843.21,4848.59,4823.55,4825.76,15.46497682,0,0,EVENT
e2eceffc0cf97641,M15,L2,SHORT,4822.03,2026-03-19T01:36:00,NA,2026-03-19T09:15:00,2026-03-19T09:30:00,4833.10,4833.62,4813.12,4813.40,10.59861585,1,0,EVENT
25cab4cc3c6a65d7,M15,L1,SHORT,4806.67,2026-03-18T00:00:00,NA,2026-03-19T09:30:00,2026-03-19T09:45:00,4813.42,4819.84,4780.24,4786.01,11.30585757,1,0,EVENT
ba72fd97dad5d9ab,M15,L3,SHORT,4803.98,2026-03-19T01:00:00,NA,2026-03-19T09:30:00,2026-03-19T09:45:00,4813.42,4819.84,4780.24,4786.01,11.30585757,1,0,EVENT
88b9c97426aca898,M15,L3,LONG,4677.22,2026-03-20T01:00:00,NA,2026-03-20T04:30:00,2026-03-20T04:45:00,4662.12,4688.98,4661.27,4686.61,19.84410945,1,0,EVENT
cf5b149c557ee231,M15,L4,LONG,4680.37,2026-03-19T22:15:00,21,2026-03-20T04:30:00,2026-03-20T04:45:00,4662.12,4688.98,4661.27,4686.61,19.84410945,1,0,EVENT
3755a6c782fbda85,M15,L3,SHORT,4661.34,2026-03-20T09:00:00,NA,2026-03-20T13:15:00,2026-03-20T13:30:00,4662.94,4666.66,4646.02,4658.06,17.26034775,1,0,EVENT
dc9d958830f4e242,M15,L2,SHORT,4634.06,2026-03-20T02:01:00,NA,2026-03-20T16:45:00,2026-03-20T17:00:00,4662.50,4665.38,4612.81,4616.53,18.91091723,1,1,EVENT
5949679adff7867f,M15,L3,SHORT,4634.06,2026-03-20T02:00:00,NA,2026-03-20T16:45:00,2026-03-20T17:00:00,4662.50,4665.38,4612.81,4616.53,18.91091723,1,1,EVENT
e4e5dc0c9c1880b8,M15,L3,SHORT,4540.73,2026-03-20T18:00:00,NA,2026-03-20T21:30:00,2026-03-20T21:45:00,4554.35,4557.16,4524.62,4526.15,23.52217345,0,0,EVENT
a94ccb0739dc4cbb,M15,L1,SHORT,4502.52,2026-03-19T00:00:00,NA,2026-03-20T21:45:00,2026-03-20T22:00:00,4526.18,4529.40,4477.28,4499.69,24.16630392,0,0,EVENT
4057756793d68b73,M15,L3,SHORT,4502.52,2026-03-19T16:00:00,NA,2026-03-20T21:45:00,2026-03-20T22:00:00,4526.18,4529.40,4477.28,4499.69,24.16630392,0,0,EVENT
9db78f0ad77b88be,M15,L1,SHORT,4477.28,2026-03-20T00:00:00,NA,2026-03-23T01:00:00,2026-03-23T01:15:00,4448.05,4516.75,4448.04,4508.15,22.35287672,0,0,OPEN_BEYOND_LEVEL
5fce50e80b7adcd4,M15,L3,SHORT,4477.28,2026-03-20T21:00:00,NA,2026-03-23T01:00:00,2026-03-23T01:15:00,4448.05,4516.75,4448.04,4508.15,22.35287672,0,0,OPEN_BEYOND_LEVEL
a2e9f40ddb2286d5,M15,L2,SHORT,4319.94,2026-03-23T01:24:00,NA,2026-03-23T08:45:00,2026-03-23T09:00:00,4322.04,4326.63,4302.37,4310.30,29.46900996,1,0,EVENT
4ac870a0f029e223,M15,L3,SHORT,4319.94,2026-03-23T03:00:00,NA,2026-03-23T08:45:00,2026-03-23T09:00:00,4322.04,4326.63,4302.37,4310.30,29.46900996,1,0,EVENT
7020ee19115db411,M15,L3,SHORT,4350.58,2026-03-23T18:00:00,NA,2026-03-24T03:30:00,2026-03-24T03:45:00,4377.97,4387.30,4331.51,4344.30,29.22195570,1,0,EVENT
bbf7be5f58d70639,M15,L3,LONG,4433.28,2026-03-24T10:00:00,NA,2026-03-24T13:45:00,2026-03-24T14:00:00,4427.65,4441.65,4418.72,4438.43,21.20130821,1,0,EVENT
fd940ff4faf37481,M15,L3,LONG,4448.32,2026-03-24T02:00:00,NA,2026-03-24T23:15:00,2026-03-24T23:30:00,4400.77,4484.18,4399.08,4455.57,18.34847117,0,0,EVENT
9eb7045c614470da,M15,L3,LONG,4466.96,2026-03-23T21:00:00,NA,2026-03-24T23:45:00,2026-03-25T00:00:00,4459.28,4481.47,4456.08,4476.30,23.32312055,0,0,EVENT
48b169108a4006f7,M15,L1,LONG,4484.18,2026-03-24T00:00:00,NA,2026-03-25T01:45:00,2026-03-25T02:00:00,4468.80,4484.51,4466.79,4484.33,22.18754311,0,0,EVENT
fcb00725e562b96a,M15,L3,LONG,4536.43,2026-03-23T01:00:00,NA,2026-03-25T02:30:00,2026-03-25T02:45:00,4510.06,4546.41,4504.34,4539.78,21.61824060,1,0,EVENT
c0b898d9f0818d9b,M15,L3,LONG,4567.73,2026-03-25T11:00:00,NA,2026-03-25T14:15:00,2026-03-25T14:30:00,4567.66,4582.82,4564.42,4579.86,13.19444211,1,0,EVENT
5283ad10e32124dd,M15,L3,SHORT,4521.68,2026-03-25T15:00:00,NA,2026-03-25T22:00:00,2026-03-25T22:15:00,4538.43,4539.58,4486.87,4509.15,15.84125986,0,0,EVENT
b5c8af23e3449ee4,M15,L2,SHORT,4489.10,2026-03-26T02:04:00,NA,2026-03-26T08:30:00,2026-03-26T08:45:00,4493.47,4495.66,4480.12,4483.05,13.04859394,1,0,EVENT
fe70f65340a2e076,M15,L3,SHORT,4486.87,2026-03-25T22:00:00,NA,2026-03-26T08:30:00,2026-03-26T08:45:00,4493.47,4495.66,4480.12,4483.05,13.04859394,1,0,EVENT
d0adc291829d73b7,M15,L1,SHORT,4455.95,2026-03-25T00:00:00,NA,2026-03-26T08:45:00,2026-03-26T09:00:00,4483.02,4484.17,4439.01,4439.04,13.22655152,1,0,EVENT
260eea17d9733795,M15,L3,SHORT,4412.56,2026-03-26T11:00:00,NA,2026-03-26T19:15:00,2026-03-26T19:30:00,4439.85,4439.85,4386.78,4396.56,18.25630080,1,1,EVENT
6460e17ccbe6e332,M15,L3,SHORT,4366.61,2026-03-26T19:00:00,NA,2026-03-26T22:45:00,2026-03-26T23:00:00,4378.90,4380.06,4359.26,4364.18,17.72118648,0,0,EVENT
1ce8581067e59d07,M15,L3,LONG,4421.02,2026-03-26T23:00:00,NA,2026-03-27T05:00:00,2026-03-27T05:15:00,4417.37,4439.59,4417.09,4435.07,17.75343284,1,0,EVENT
235129955d1d3778,M15,L2,LONG,4449.47,2026-03-27T01:20:00,NA,2026-03-27T08:30:00,2026-03-27T08:45:00,4443.31,4475.09,4442.68,4465.63,12.23637545,1,0,EVENT
136a50ebf12710b4,M15,L3,LONG,4479.59,2026-03-26T17:00:00,NA,2026-03-27T17:45:00,2026-03-27T18:00:00,4464.02,4514.77,4463.82,4509.84,15.19929236,1,1,EVENT
5abaeffb8d2a9212,M15,L3,SHORT,4486.62,2026-03-27T20:00:00,NA,2026-03-30T01:45:00,2026-03-30T02:00:00,4493.28,4496.96,4479.98,4484.41,19.11580314,0,0,EVENT
3364774e759b1d69,M15,L2,LONG,4517.69,2026-03-30T02:04:00,NA,2026-03-30T08:45:00,2026-03-30T09:00:00,4510.52,4528.54,4510.25,4522.43,15.96100694,1,0,EVENT
c4904734b8310a9b,M15,L1,LONG,4555.44,2026-03-27T00:00:00,NA,2026-03-30T14:30:00,2026-03-30T14:45:00,4543.46,4565.25,4538.72,4565.19,12.14671147,1,0,EVENT
b661c9dbeed78e65,M15,L3,LONG,4555.44,2026-03-27T18:00:00,NA,2026-03-30T14:30:00,2026-03-30T14:45:00,4543.46,4565.25,4538.72,4565.19,12.14671147,1,0,EVENT
c58001b8be9bb436,M15,L3,LONG,4568.98,2026-03-25T21:00:00,NA,2026-03-30T15:30:00,2026-03-30T15:45:00,4566.37,4578.11,4564.30,4573.91,14.00462610,1,0,EVENT
961ce5d2cdf559ca,M15,L3,SHORT,4512.53,2026-03-30T17:00:00,NA,2026-03-30T21:45:00,2026-03-30T22:00:00,4515.30,4518.62,4498.29,4498.92,14.28851089,0,0,EVENT
3cb8967eabbc0eba,M15,L1,LONG,4580.86,2026-03-30T00:00:00,NA,2026-03-31T04:15:00,2026-03-31T04:30:00,4543.85,4585.84,4543.48,4581.37,16.12958536,1,0,EVENT
1bf5161f201203c5,M15,L3,LONG,4580.86,2026-03-30T14:00:00,NA,2026-03-31T04:15:00,2026-03-31T04:30:00,4543.85,4585.84,4543.48,4581.37,16.12958536,1,0,EVENT
a8da063a986d7f8d,M15,L3,LONG,4602.62,2026-03-25T05:00:00,NA,2026-03-31T04:30:00,2026-03-31T04:45:00,4581.38,4618.97,4577.61,4617.77,18.00318640,1,0,EVENT
017904ffcf1555ad,M15,L3,SHORT,4543.36,2026-03-31T10:00:00,NA,2026-03-31T13:30:00,2026-03-31T13:45:00,4560.44,4560.79,4529.51,4541.16,11.05413923,1,0,EVENT
6421ffaaad121950,M15,L3,LONG,4581.71,2026-03-31T08:00:00,NA,2026-03-31T14:30:00,2026-03-31T14:45:00,4575.28,4593.26,4568.93,4592.02,14.67208066,1,0,EVENT
af20810caac085c0,M15,L2,LONG,4619.51,2026-03-31T01:41:00,NA,2026-03-31T18:00:00,2026-03-31T18:15:00,4599.23,4623.92,4599.08,4622.91,17.25553857,1,1,EVENT
b62d704e80e8e328,M15,L3,LONG,4619.51,2026-03-31T04:00:00,NA,2026-03-31T18:00:00,2026-03-31T18:15:00,4599.23,4623.92,4599.08,4622.91,17.25553857,1,1,EVENT
f549a0ab016e6f8c,M15,L1,LONG,4687.32,2026-03-31T00:00:00,NA,2026-04-01T02:30:00,2026-04-01T02:45:00,4682.41,4695.06,4681.91,4690.94,15.31715919,1,0,EVENT
ee5d898ae6b9cd80,M15,L2,LONG,4724.16,2026-04-01T02:04:00,NA,2026-04-01T09:45:00,2026-04-01T10:00:00,4708.57,4733.08,4708.50,4730.56,13.27905598,1,0,EVENT
a7a93cec73fdc04a,M15,L3,LONG,4724.16,2026-04-01T04:00:00,NA,2026-04-01T09:45:00,2026-04-01T10:00:00,4708.57,4733.08,4708.50,4730.56,13.27905598,1,0,EVENT
da5c6fd442e03be2,M15,L3,LONG,4747.65,2026-04-01T10:00:00,NA,2026-04-01T14:30:00,2026-04-01T14:45:00,4745.14,4763.01,4744.92,4760.49,12.77109691,1,0,EVENT
59be5216e0d78d76,M15,L3,LONG,4763.01,2026-04-01T14:00:00,NA,2026-04-01T18:00:00,2026-04-01T18:15:00,4760.75,4774.94,4758.48,4764.77,16.80395273,1,1,EVENT
e29740aef8e7aeec,M15,L1,LONG,4792.83,2026-04-01T00:00:00,NA,2026-04-02T02:15:00,2026-04-02T02:30:00,4791.24,4798.86,4788.60,4794.88,12.60108148,1,0,EVENT
7478f4a323b78598,M15,L3,LONG,4792.83,2026-04-01T20:00:00,NA,2026-04-02T02:15:00,2026-04-02T02:30:00,4791.24,4798.86,4788.60,4794.88,12.60108148,1,0,EVENT
58466ff7c9dba5ca,M15,L3,SHORT,4716.07,2026-04-01T16:00:00,NA,2026-04-02T04:15:00,2026-04-02T04:30:00,4750.77,4752.72,4687.03,4697.09,15.80274604,1,0,EVENT
16a3dc07b142696d,M15,L3,SHORT,4667.03,2026-04-01T07:00:00,NA,2026-04-02T07:15:00,2026-04-02T07:30:00,4668.69,4672.30,4662.21,4666.77,19.59103891,1,0,EVENT
8f3662a8bf27cad3,M15,L1,SHORT,4661.66,2026-04-01T00:00:00,NA,2026-04-02T08:30:00,2026-04-02T08:45:00,4677.20,4679.05,4629.05,4634.28,17.09887506,1,0,EVENT
32b99da493434bb8,M15,L2,SHORT,4649.66,2026-04-02T01:33:00,NA,2026-04-02T08:30:00,2026-04-02T08:45:00,4677.20,4679.05,4629.05,4634.28,17.09887506,1,0,EVENT
963456341a8de000,M15,L3,SHORT,4649.66,2026-04-02T04:00:00,NA,2026-04-02T08:30:00,2026-04-02T08:45:00,4677.20,4679.05,4629.05,4634.28,17.09887506,1,0,EVENT
ed46cbbe7b743cbf,M15,L2,LONG,4671.87,2026-04-06T02:50:00,NA,2026-04-06T08:00:00,2026-04-06T08:15:00,4659.01,4676.97,4657.98,4673.59,14.95557682,1,0,EVENT
6afce9cf85be76e9,M15,L3,LONG,4671.87,2026-04-06T05:00:00,NA,2026-04-06T08:00:00,2026-04-06T08:15:00,4659.01,4676.97,4657.98,4673.59,14.95557682,1,0,EVENT
01885a709a8c976e,M15,L3,LONG,4681.95,2026-04-02T22:00:00,NA,2026-04-06T10:45:00,2026-04-06T11:00:00,4664.26,4688.47,4662.61,4684.69,14.20597375,1,0,EVENT
e0dd5dd497b30190,M15,L3,LONG,4700.12,2026-04-02T17:00:00,NA,2026-04-06T12:00:00,2026-04-06T12:15:00,4695.91,4703.26,4695.91,4701.32,13.55853192,1,0,EVENT
fab0476b663d71ca,M15,L3,SHORT,4645.47,2026-04-06T22:00:00,NA,2026-04-07T04:00:00,2026-04-07T04:15:00,4654.91,4664.47,4627.47,4640.58,7.87348237,1,0,EVENT
2b171ff83cf4db16,M15,L2,LONG,4664.47,2026-04-07T02:04:00,NA,2026-04-07T11:15:00,2026-04-07T11:30:00,4663.36,4690.91,4657.17,4678.36,12.27571932,1,0,EVENT
f32f7d94a0309446,M15,L3,LONG,4668.09,2026-04-07T01:00:00,NA,2026-04-07T11:15:00,2026-04-07T11:30:00,4663.36,4690.91,4657.17,4678.36,12.27571932,1,0,EVENT
e32823d81e7a4f50,M15,L3,SHORT,4623.03,2026-04-07T08:00:00,NA,2026-04-07T17:00:00,2026-04-07T17:15:00,4644.10,4645.41,4607.51,4622.12,15.89586590,1,1,EVENT
28a8037863dfa1c0,M15,L3,LONG,4697.75,2026-04-06T17:00:00,NA,2026-04-07T22:45:00,2026-04-07T23:00:00,4687.32,4718.77,4685.81,4700.54,16.03123935,0,0,EVENT
f27d535bd48f66c3,M15,L1,LONG,4706.62,2026-04-06T00:00:00,NA,2026-04-07T23:00:00,2026-04-07T23:15:00,4700.79,4710.85,4697.24,4708.37,17.24043654,0,0,EVENT
a4546299f431b3c2,M15,L3,LONG,4706.62,2026-04-06T12:00:00,NA,2026-04-07T23:00:00,2026-04-07T23:15:00,4700.79,4710.85,4697.24,4708.37,17.24043654,0,0,EVENT
e99d146ff6a473d9,M15,L1,LONG,4718.77,2026-04-07T00:00:00,NA,2026-04-08T01:00:00,2026-04-08T01:15:00,4721.40,4752.06,4719.83,4732.04,15.81932575,0,0,OPEN_BEYOND_LEVEL
a5f177d5505beeff,M15,L3,LONG,4800.41,2026-04-02T02:00:00,NA,2026-04-08T01:45:00,2026-04-08T02:00:00,4770.01,4819.80,4761.65,4818.31,20.93373858,0,0,EVENT
a28ba29a005c93e2,M15,L2,SHORT,4788.23,2026-04-08T02:50:00,NA,2026-04-08T12:30:00,2026-04-08T12:45:00,4798.45,4803.70,4776.83,4782.33,13.64249983,1,0,EVENT
f4c2dbdb27fdec83,M15,L3,SHORT,4788.23,2026-04-08T04:00:00,NA,2026-04-08T12:30:00,2026-04-08T12:45:00,4798.45,4803.70,4776.83,4782.33,13.64249983,1,0,EVENT
0de6fc0f7d337548,M15,L3,SHORT,4732.18,2026-04-08T17:00:00,NA,2026-04-08T21:15:00,2026-04-08T21:30:00,4743.42,4744.34,4716.75,4722.49,14.41015003,0,0,EVENT
46cfd7f681d6e5bd,M15,L2,LONG,4732.96,2026-04-09T02:50:00,NA,2026-04-09T13:15:00,2026-04-09T13:30:00,4727.32,4739.81,4723.63,4738.16,10.43967342,1,0,EVENT
d8b396e545a7ad8d,M15,L3,LONG,4734.74,2026-04-09T01:00:00,NA,2026-04-09T13:15:00,2026-04-09T13:30:00,4727.32,4739.81,4723.63,4738.16,10.43967342,1,0,EVENT
ea7cfddbf1456dd9,M15,L3,LONG,4770.78,2026-04-10T07:00:00,NA,2026-04-10T15:30:00,2026-04-10T15:45:00,4762.80,4782.44,4761.98,4772.54,8.37067232,1,0,EVENT
d9dfbf75e4f0680b,M15,L2,LONG,4777.24,2026-04-10T02:04:00,NA,2026-04-10T17:00:00,2026-04-10T17:15:00,4775.09,4780.72,4767.42,4780.22,10.10389652,1,1,EVENT
c8a07e15e1f5ff68,M15,L3,LONG,4777.24,2026-04-10T04:00:00,NA,2026-04-10T17:00:00,2026-04-10T17:15:00,4775.09,4780.72,4767.42,4780.22,10.10389652,1,1,EVENT
e035b6b825f56e05,M15,L3,SHORT,4747.57,2026-04-10T19:00:00,NA,2026-04-10T23:15:00,2026-04-10T23:30:00,4753.45,4753.55,4740.81,4745.36,8.88382372,0,0,EVENT
a6c2a6fe84bfe8a7,M15,L1,SHORT,4730.48,2026-04-10T00:00:00,NA,2026-04-13T01:00:00,2026-04-13T01:15:00,4696.87,4706.99,4636.27,4676.68,8.84717227,0,0,OPEN_BEYOND_LEVEL
0a6ce54068b7c902,M15,L3,SHORT,4698.93,2026-04-09T03:00:00,NA,2026-04-13T01:00:00,2026-04-13T01:15:00,4696.87,4706.99,4636.27,4676.68,8.84717227,0,0,OPEN_BEYOND_LEVEL
f470a164f5b182fa,M15,L2,LONG,4728.04,2026-04-13T02:50:00,NA,2026-04-13T08:45:00,2026-04-13T09:00:00,4721.13,4730.84,4720.55,4729.36,10.20708109,1,0,EVENT
b7cb5e56f3c53119,M15,L3,LONG,4728.04,2026-04-13T04:00:00,NA,2026-04-13T08:45:00,2026-04-13T09:00:00,4721.13,4730.84,4720.55,4729.36,10.20708109,1,0,EVENT
ecca130748f9c1ac,M15,L4,LONG,4730.84,2026-04-13T04:15:00,20,2026-04-13T09:15:00,2026-04-13T09:30:00,4726.01,4731.93,4725.37,4731.62,9.94421788,1,0,EVENT
9f5310ea089683a9,M15,L3,SHORT,4708.60,2026-04-13T07:00:00,NA,2026-04-13T14:30:00,2026-04-13T14:45:00,4720.97,4722.37,4704.26,4707.58,8.33904235,1,0,EVENT
3972c4c10ef61c6d,M15,L3,LONG,4740.02,2026-04-13T10:00:00,NA,2026-04-13T19:30:00,2026-04-13T19:45:00,4730.38,4740.60,4728.58,4740.38,12.08907454,1,1,EVENT
b6f0a055756dbdf8,M15,L3,LONG,4744.51,2026-04-13T16:00:00,NA,2026-04-14T01:00:00,2026-04-14T01:15:00,4744.65,4756.48,4743.10,4748.46,8.78192120,0,0,OPEN_BEYOND_LEVEL
4906ba0213e909d8,M15,L1,LONG,4750.10,2026-04-13T00:00:00,NA,2026-04-14T01:30:00,2026-04-14T01:45:00,4748.76,4750.43,4746.33,4750.40,8.81339124,0,0,EVENT
850eb6e7e29911be,M15,L3,LONG,4750.10,2026-04-13T20:00:00,NA,2026-04-14T01:30:00,2026-04-14T01:45:00,4748.76,4750.43,4746.33,4750.40,8.81339124,0,0,EVENT
7853421499eea06c,M15,L3,LONG,4773.30,2026-04-10T21:00:00,NA,2026-04-14T04:00:00,2026-04-14T04:15:00,4769.82,4777.55,4762.40,4775.93,8.34499754,1,0,EVENT
fea1b0d5af6ae659,M15,L2,LONG,4777.55,2026-04-14T02:50:00,NA,2026-04-14T09:45:00,2026-04-14T10:00:00,4769.77,4782.99,4768.92,4782.04,7.21646924,1,0,EVENT
93cd518ccc13b022,M15,L3,LONG,4777.55,2026-04-14T04:00:00,NA,2026-04-14T09:45:00,2026-04-14T10:00:00,4769.77,4782.99,4768.92,4782.04,7.21646924,1,0,EVENT
09dc9538cfaf9798,M15,L3,LONG,4807.16,2026-04-08T15:00:00,NA,2026-04-14T17:15:00,2026-04-14T17:30:00,4794.94,4810.79,4794.94,4809.41,10.67312133,1,1,EVENT
2f27ad34b010299a,M15,L3,LONG,4843.85,2026-04-08T08:00:00,NA,2026-04-14T22:45:00,2026-04-14T23:00:00,4840.92,4846.26,4839.88,4845.05,9.19807493,0,0,EVENT
6343132113224b90,M15,L1,LONG,4846.26,2026-04-14T00:00:00,NA,2026-04-15T04:00:00,2026-04-15T04:15:00,4835.31,4852.48,4828.16,4850.20,7.85804779,1,0,EVENT
9f974288f848a01e,M15,L2,SHORT,4817.02,2026-04-15T02:50:00,NA,2026-04-15T08:30:00,2026-04-15T08:45:00,4826.16,4827.87,4812.67,4816.83,8.00688699,1,0,EVENT
b533f77199f46568,M15,L3,LONG,4830.66,2026-04-15T17:00:00,NA,2026-04-16T03:30:00,2026-04-16T03:45:00,4824.77,4837.69,4819.97,4832.60,7.21483520,1,0,EVENT
f8288bb01d848756,M15,L2,SHORT,4811.24,2026-04-16T02:50:00,NA,2026-04-16T13:00:00,2026-04-16T13:15:00,4812.84,4815.52,4806.91,4806.99,7.43008129,1,0,EVENT
b3468cfdf8edb07d,M15,L3,SHORT,4805.17,2026-04-16T13:00:00,NA,2026-04-16T16:45:00,2026-04-16T17:00:00,4816.28,4819.61,4784.31,4795.42,7.37586992,1,1,EVENT
ce5f477f82323b71,M15,L1,SHORT,4786.30,2026-04-15T00:00:00,NA,2026-04-16T20:15:00,2026-04-16T20:30:00,4791.45,4794.16,4784.65,4785.02,10.76662832,1,1,EVENT
9d8039f51d3ba018,M15,L3,SHORT,4786.30,2026-04-15T12:00:00,NA,2026-04-16T20:15:00,2026-04-16T20:30:00,4791.45,4794.16,4784.65,4785.02,10.76662832,1,1,EVENT
1e92e1e02e15fb33,M15,L3,SHORT,4781.28,2026-04-16T20:00:00,NA,2026-04-17T04:00:00,2026-04-17T04:15:00,4794.84,4795.70,4769.25,4779.04,6.16005363,1,0,EVENT
5cf348f8e7e7545f,M15,L1,SHORT,4772.52,2026-04-16T00:00:00,NA,2026-04-17T04:15:00,2026-04-17T04:30:00,4779.02,4785.09,4767.81,4768.77,7.60933551,1,0,EVENT
23ab102150a96fc9,M15,L3,SHORT,4772.52,2026-04-16T17:00:00,NA,2026-04-17T04:15:00,2026-04-17T04:30:00,4779.02,4785.09,4767.81,4768.77,7.60933551,1,0,EVENT
98e37f52a6e874e8,M15,L3,LONG,4798.63,2026-04-16T22:00:00,NA,2026-04-17T07:30:00,2026-04-17T07:45:00,4795.90,4801.39,4795.31,4800.97,7.09211081,1,0,EVENT
88339eec6034f94e,M15,L3,LONG,4801.12,2026-04-17T03:00:00,NA,2026-04-17T07:45:00,2026-04-17T08:00:00,4800.96,4804.47,4798.39,4803.14,7.01981718,1,0,EVENT
4f03687892257eeb,M15,L2,LONG,4804.47,2026-04-17T02:05:00,NA,2026-04-17T08:00:00,2026-04-17T08:15:00,4803.13,4806.23,4799.70,4804.97,6.95268738,1,0,EVENT
29504a2a8613b8b9,M15,L3,LONG,4806.23,2026-04-17T08:00:00,NA,2026-04-17T15:15:00,2026-04-17T15:30:00,4803.86,4819.60,4803.21,4816.93,7.54277539,1,0,EVENT
eaf48f8f0c3ea9c7,M15,L1,LONG,4838.36,2026-04-16T00:00:00,NA,2026-04-17T15:45:00,2026-04-17T16:00:00,4823.47,4847.70,4821.73,4846.42,8.28438286,1,0,EVENT
cadd6c5b77310b51,M15,L3,LONG,4838.36,2026-04-16T08:00:00,NA,2026-04-17T15:45:00,2026-04-17T16:00:00,4823.47,4847.70,4821.73,4846.42,8.28438286,1,0,EVENT
44abc2eb652d57fd,M15,L3,LONG,4871.69,2026-04-15T04:00:00,NA,2026-04-17T16:00:00,2026-04-17T16:15:00,4846.43,4891.64,4834.91,4883.21,9.54764123,1,0,EVENT
6d63f159989ff848,M15,L3,SHORT,4778.82,2026-04-17T10:00:00,NA,2026-04-20T02:00:00,2026-04-20T02:15:00,4779.24,4779.45,4771.96,4772.53,13.73590584,0,0,EVENT
c42458d59a388dc2,M15,L1,SHORT,4767.64,2026-04-17T00:00:00,NA,2026-04-20T02:30:00,2026-04-20T02:45:00,4769.09,4773.39,4745.71,4751.52,12.90692901,0,0,EVENT
909d2f439a7f6ce0,M15,L3,SHORT,4757.94,2026-04-14T08:00:00,NA,2026-04-20T02:30:00,2026-04-20T02:45:00,4769.09,4773.39,4745.71,4751.52,12.90692901,0,0,EVENT
272f69a31b824727,M15,L3,LONG,4805.80,2026-04-20T10:00:00,NA,2026-04-20T14:45:00,2026-04-20T15:00:00,4794.41,4810.84,4794.41,4810.49,7.21635733,1,0,EVENT
5c9830fa1e97b7f4,M15,L2,LONG,4814.37,2026-04-20T02:50:00,NA,2026-04-20T16:00:00,2026-04-20T16:15:00,4803.45,4816.97,4799.64,4815.44,8.78609933,1,0,EVENT
76b50502812bbc07,M15,L3,LONG,4814.37,2026-04-20T04:00:00,NA,2026-04-20T16:00:00,2026-04-20T16:15:00,4803.45,4816.97,4799.64,4815.44,8.78609933,1,0,EVENT
1bef077f8e189f7d,M15,L1,LONG,4827.55,2026-04-20T00:00:00,NA,2026-04-21T01:00:00,2026-04-21T01:15:00,4821.27,4832.34,4819.79,4829.01,6.66982509,0,0,EVENT
3d554d89d3b756ca,M15,L3,LONG,4827.55,2026-04-20T17:00:00,NA,2026-04-21T01:00:00,2026-04-21T01:15:00,4821.27,4832.34,4819.79,4829.01,6.66982509,0,0,EVENT
3707726b1f145df0,M15,L3,SHORT,4792.40,2026-04-20T17:00:00,NA,2026-04-21T07:15:00,2026-04-21T07:30:00,4794.06,4796.56,4791.16,4792.14,6.47678462,1,0,EVENT
5329546c6ed7d465,M15,L2,SHORT,4788.72,2026-04-21T02:50:00,NA,2026-04-21T08:15:00,2026-04-21T08:30:00,4789.42,4791.37,4785.93,4787.49,6.22600858,1,0,EVENT
392f32fe49f5968c,M15,L3,SHORT,4779.31,2026-04-20T08:00:00,NA,2026-04-21T09:15:00,2026-04-21T09:30:00,4784.98,4785.89,4775.27,4778.76,7.55000862,1,0,EVENT
5e788bfb60076c87,M15,L3,LONG,4793.15,2026-04-21T11:00:00,NA,2026-04-21T14:45:00,2026-04-21T15:00:00,4793.10,4798.16,4791.86,4794.63,7.72079321,1,0,EVENT
1369c7497834ae55,M15,L3,SHORT,4772.59,2026-04-21T10:00:00,NA,2026-04-21T16:00:00,2026-04-21T16:15:00,4778.79,4783.79,4764.73,4765.25,8.88865747,1,0,EVENT
e2bdc6b9fd27180f,M15,L3,SHORT,4751.37,2026-04-14T13:00:00,NA,2026-04-21T17:30:00,2026-04-21T17:45:00,4774.09,4775.01,4743.67,4744.82,11.17171773,1,1,EVENT
6bd92aa9d9c5cb14,M15,L1,SHORT,4737.00,2026-04-20T00:00:00,NA,2026-04-21T19:00:00,2026-04-21T19:15:00,4741.53,4746.78,4726.82,4730.36,13.69859957,1,1,EVENT
05020b5860f38e1b,M15,L3,SHORT,4737.00,2026-04-20T02:00:00,NA,2026-04-21T19:00:00,2026-04-21T19:15:00,4741.53,4746.78,4726.82,4730.36,13.69859957,1,1,EVENT
b41d858daf2916bc,M15,L2,LONG,4764.97,2026-04-22T02:04:00,NA,2026-04-22T08:15:00,2026-04-22T08:30:00,4756.95,4771.58,4756.28,4766.07,7.31894358,1,0,EVENT
9e0fc62a06064e5c,M15,L3,SHORT,4752.18,2026-04-22T08:00:00,NA,2026-04-22T13:00:00,2026-04-22T13:15:00,4755.20,4757.64,4745.83,4748.53,6.29885716,1,0,EVENT
a7bcff5e7c0ad4e5,M15,L1,SHORT,4715.55,2026-04-22T00:00:00,NA,2026-04-23T03:00:00,2026-04-23T03:15:00,4727.77,4728.21,4698.61,4699.25,6.11649453,1,0,EVENT
060cfcc5b028c05e,M15,L3,SHORT,4723.86,2026-04-22T19:00:00,NA,2026-04-23T03:00:00,2026-04-23T03:15:00,4727.77,4728.21,4698.61,4699.25,6.11649453,1,0,EVENT
aad7a4f0a3034893,M15,L2,SHORT,4694.19,2026-04-23T02:50:00,NA,2026-04-23T13:00:00,2026-04-23T13:15:00,4697.53,4701.66,4685.10,4689.04,8.38329845,1,0,EVENT
d99ab0fe5e8abb2b,M15,L3,SHORT,4692.36,2026-04-23T08:00:00,NA,2026-04-23T13:00:00,2026-04-23T13:15:00,4697.53,4701.66,4685.10,4689.04,8.38329845,1,0,EVENT
2a0c39a8c17ecf21,M15,L3,LONG,4724.95,2026-04-23T11:00:00,NA,2026-04-23T15:00:00,2026-04-23T15:15:00,4720.63,4738.72,4719.55,4729.19,9.23955212,1,0,EVENT
6a5392143991b45a,M15,L3,SHORT,4684.18,2026-04-23T13:00:00,NA,2026-04-23T20:30:00,2026-04-23T20:45:00,4706.50,4714.07,4673.29,4677.33,11.22938262,1,1,EVENT
0a21a9bca31101ce,M15,L4,LONG,4707.86,2026-04-23T22:00:00,20,2026-04-24T04:00:00,2026-04-24T04:15:00,4704.49,4710.01,4695.86,4709.40,9.24940344,1,0,EVENT
f9ae6f01298913a7,M15,L3,SHORT,4686.38,2026-04-23T23:00:00,NA,2026-04-24T05:15:00,2026-04-24T05:30:00,4693.13,4696.11,4682.10,4683.69,10.03249137,1,0,EVENT
4aa7ee5123652a06,M15,L4,SHORT,4686.38,2026-04-23T22:00:00,25,2026-04-24T05:15:00,2026-04-24T05:30:00,4693.13,4696.11,4682.10,4683.69,10.03249137,1,0,EVENT
37e9f73b8ccda997,M15,L1,SHORT,4664.22,2026-04-23T00:00:00,NA,2026-04-24T07:15:00,2026-04-24T07:30:00,4670.01,4670.75,4658.46,4659.47,9.33955432,1,0,EVENT
d3a0253286a1fa94,M15,L3,SHORT,4664.22,2026-04-23T20:00:00,NA,2026-04-24T07:15:00,2026-04-24T07:30:00,4670.01,4670.75,4658.46,4659.47,9.33955432,1,0,EVENT
26ca784ff9439aaf,M15,L2,LONG,4711.08,2026-04-24T02:50:00,NA,2026-04-24T14:15:00,2026-04-24T14:30:00,4697.19,4717.14,4692.53,4715.47,9.02521148,1,0,EVENT
d88376ba0ac7e02e,M15,L3,LONG,4711.08,2026-04-24T04:00:00,NA,2026-04-24T14:15:00,2026-04-24T14:30:00,4697.19,4717.14,4692.53,4715.47,9.02521148,1,0,EVENT
7bdd966f0c393774,M15,L3,SHORT,4708.60,2026-04-27T08:00:00,NA,2026-04-27T11:45:00,2026-04-27T12:00:00,4711.82,4714.69,4705.58,4706.73,6.24038741,1,0,EVENT
3c0d97e1871be577,M15,L3,SHORT,4699.38,2026-04-27T12:00:00,NA,2026-04-27T15:30:00,2026-04-27T15:45:00,4706.96,4707.83,4697.00,4698.87,6.40553443,1,0,EVENT
0fdb293c86cecbd8,M15,L3,SHORT,4674.65,2026-04-24T13:00:00,NA,2026-04-27T18:00:00,2026-04-27T18:15:00,4678.13,4679.41,4667.13,4674.54,8.77521819,1,1,EVENT
b52054c9980d26e9,M15,L2,SHORT,4672.17,2026-04-27T02:50:00,NA,2026-04-27T18:45:00,2026-04-27T19:00:00,4677.62,4678.05,4667.79,4670.02,8.79203877,1,1,EVENT
7e3717904bfa2266,M15,L3,SHORT,4672.17,2026-04-27T03:00:00,NA,2026-04-27T18:45:00,2026-04-27T19:00:00,4677.62,4678.05,4667.79,4670.02,8.79203877,1,1,EVENT
c821f43b26ed395c,M15,L3,LONG,4686.17,2026-04-27T20:00:00,NA,2026-04-28T01:00:00,2026-04-28T01:15:00,4682.21,4691.15,4682.20,4689.28,5.26180499,0,0,EVENT
c4b3951330cca568,M15,L1,SHORT,4667.13,2026-04-27T00:00:00,NA,2026-04-28T08:00:00,2026-04-28T08:15:00,4667.67,4667.97,4648.34,4652.34,5.06600221,1,0,EVENT
8ea0f3a9e39a7095,M15,L2,SHORT,4666.27,2026-04-28T02:50:00,NA,2026-04-28T08:00:00,2026-04-28T08:15:00,4667.67,4667.97,4648.34,4652.34,5.06600221,1,0,EVENT
011fe1d7b605fad3,M15,L3,SHORT,4657.58,2026-04-24T07:00:00,NA,2026-04-28T08:00:00,2026-04-28T08:15:00,4667.67,4667.97,4648.34,4652.34,5.06600221,1,0,EVENT
49ca2fc568aff73b,M15,L3,LONG,4601.49,2026-04-28T20:00:00,NA,2026-04-29T03:00:00,2026-04-29T03:15:00,4595.65,4610.58,4594.80,4607.36,6.34850465,1,0,EVENT
845d4871bef5a860,M15,L4,LONG,4601.49,2026-04-28T20:00:00,24,2026-04-29T03:00:00,2026-04-29T03:15:00,4595.65,4610.58,4594.80,4607.36,6.34850465,1,0,EVENT
a4a05461a0e6bcad,M15,L2,SHORT,4575.72,2026-04-29T02:50:00,NA,2026-04-29T10:15:00,2026-04-29T10:30:00,4578.68,4581.30,4569.63,4575.16,7.97805398,1,0,EVENT
bedccc7047a68382,M15,L3,SHORT,4575.72,2026-04-29T04:00:00,NA,2026-04-29T10:15:00,2026-04-29T10:30:00,4578.68,4581.30,4569.63,4575.16,7.97805398,1,0,EVENT
0e4abbd9baf5c744,M15,L1,SHORT,4554.71,2026-04-28T00:00:00,NA,2026-04-29T15:45:00,2026-04-29T16:00:00,4557.69,4559.98,4541.52,4544.91,8.49598367,1,0,EVENT
5dc8ec2b87d70252,M15,L3,SHORT,4551.54,2026-04-29T12:00:00,NA,2026-04-29T15:45:00,2026-04-29T16:00:00,4557.69,4559.98,4541.52,4544.91,8.49598367,1,0,EVENT
c37c255a7656e8b7,M15,L3,LONG,4564.96,2026-04-29T19:00:00,NA,2026-04-30T03:30:00,2026-04-30T03:45:00,4563.54,4567.00,4562.27,4566.97,8.66137251,1,0,EVENT
9fb5e8ed496092bf,M15,L2,LONG,4582.46,2026-04-30T02:50:00,NA,2026-04-30T09:45:00,2026-04-30T10:00:00,4575.18,4591.59,4574.72,4589.59,8.34987772,1,0,EVENT
6baba496b0a98044,M15,L3,LONG,4582.46,2026-04-30T04:00:00,NA,2026-04-30T09:45:00,2026-04-30T10:00:00,4575.18,4591.59,4574.72,4589.59,8.34987772,1,0,EVENT
dcf2bcd949e2aaa5,M15,L1,LONG,4610.58,2026-04-29T00:00:00,NA,2026-04-30T11:00:00,2026-04-30T11:15:00,4598.51,4629.79,4597.38,4618.83,9.25625770,1,0,EVENT
e8c7bd71e10b76b2,M15,L3,LONG,4610.58,2026-04-29T03:00:00,NA,2026-04-30T11:00:00,2026-04-30T11:15:00,4598.51,4629.79,4597.38,4618.83,9.25625770,1,0,EVENT
2ebcd88b35c78805,M15,L3,SHORT,4613.83,2026-05-01T04:00:00,NA,2026-05-01T07:30:00,2026-05-01T07:45:00,4617.62,4618.14,4612.15,4613.51,6.49239274,1,0,EVENT
61566724107292c6,M15,L2,SHORT,4609.19,2026-05-01T02:50:00,NA,2026-05-01T08:00:00,2026-05-01T08:15:00,4609.17,4614.79,4607.60,4614.31,6.38175701,1,0,OPEN_BEYOND_LEVEL
7fd68d86b6e66474,M15,L3,SHORT,4605.40,2026-04-30T19:00:00,NA,2026-05-01T08:45:00,2026-05-01T09:00:00,4609.86,4613.54,4602.95,4604.91,6.27629378,1,0,EVENT
2e4be532c6bf92a0,M15,L1,LONG,4646.97,2026-04-30T00:00:00,NA,2026-05-01T17:00:00,2026-05-01T17:15:00,4625.56,4660.22,4624.90,4656.09,11.43582650,1,1,EVENT
e9a0260f759c7f2e,M15,L2,LONG,4636.01,2026-05-01T02:50:00,NA,2026-05-01T17:00:00,2026-05-01T17:15:00,4625.56,4660.22,4624.90,4656.09,11.43582650,1,1,EVENT
6b69b64893bff0f5,M15,L3,LONG,4646.97,2026-04-30T13:00:00,NA,2026-05-01T17:00:00,2026-05-01T17:15:00,4625.56,4660.22,4624.90,4656.09,11.43582650,1,1,EVENT
37184a35accb0a2b,M15,L3,SHORT,4606.93,2026-05-01T23:00:00,NA,2026-05-04T03:15:00,2026-05-04T03:30:00,4612.17,4614.63,4601.65,4605.99,9.08150990,1,0,EVENT
ba01d1d60817f9f6,M15,L2,SHORT,4591.02,2026-05-04T02:50:00,NA,2026-05-04T09:30:00,2026-05-04T09:45:00,4593.96,4595.55,4584.36,4585.36,9.40365511,1,0,EVENT
8a8f1c953c2bf889,M15,L3,SHORT,4591.02,2026-05-04T05:00:00,NA,2026-05-04T09:30:00,2026-05-04T09:45:00,4593.96,4595.55,4584.36,4585.36,9.40365511,1,0,EVENT
70e39ad99debe19c,M15,L1,SHORT,4560.22,2026-05-01T00:00:00,NA,2026-05-04T13:00:00,2026-05-04T13:15:00,4575.30,4575.72,4537.37,4541.88,8.06480599,1,0,EVENT
faedf89d2f7dd98c,M15,L3,SHORT,4560.22,2026-05-01T12:00:00,NA,2026-05-04T13:00:00,2026-05-04T13:15:00,4575.30,4575.72,4537.37,4541.88,8.06480599,1,0,EVENT
a3129b780798624e,M15,L3,SHORT,4540.88,2026-04-30T07:00:00,NA,2026-05-04T18:15:00,2026-05-04T18:30:00,4548.56,4555.65,4514.53,4537.93,12.97568837,1,1,EVENT
180e980fb4d95bfd,M15,L3,SHORT,4525.96,2026-05-04T13:00:00,NA,2026-05-04T18:45:00,2026-05-04T19:00:00,4534.96,4535.11,4513.50,4521.43,15.01842517,1,1,EVENT
3be603421730db6a,M15,L3,SHORT,4510.24,2026-04-29T16:00:00,NA,2026-05-04T19:00:00,2026-05-04T19:15:00,4521.45,4525.41,4500.70,4509.62,15.48925195,1,1,EVENT
732a5bf598743a98,M15,L4,LONG,4527.15,2026-05-04T20:45:00,21,2026-05-05T03:00:00,2026-05-05T03:15:00,4518.91,4528.52,4517.63,4527.84,6.93757041,1,0,EVENT
ffa850cbad0afb6a,M15,L2,LONG,4546.71,2026-05-05T02:50:00,NA,2026-05-05T09:45:00,2026-05-05T10:00:00,4546.31,4550.89,4545.54,4548.08,7.83054216,1,0,EVENT
8ac6281c93ca214d,M15,L3,LONG,4546.71,2026-05-05T05:00:00,NA,2026-05-05T09:45:00,2026-05-05T10:00:00,4546.31,4550.89,4545.54,4548.08,7.83054216,1,0,EVENT
7112dc73e8f19b57,M15,L3,LONG,4583.27,2026-05-04T17:00:00,NA,2026-05-05T17:15:00,2026-05-05T17:30:00,4573.50,4586.65,4565.94,4584.34,9.40579800,1,1,EVENT
73e7937c6d080fdd,M15,L1,LONG,4586.65,2026-05-05T00:00:00,NA,2026-05-06T02:00:00,2026-05-06T02:15:00,4573.03,4590.55,4569.34,4588.74,7.89766910,0,0,EVENT
b955167ecda3b21a,M15,L3,LONG,4586.65,2026-05-05T17:00:00,NA,2026-05-06T02:00:00,2026-05-06T02:15:00,4573.03,4590.55,4569.34,4588.74,7.89766910,0,0,EVENT
c9d8955cf43c26b0,M15,L3,LONG,4618.48,2026-05-04T05:00:00,NA,2026-05-06T03:45:00,2026-05-06T04:00:00,4610.34,4619.78,4609.53,4618.74,9.39932970,1,0,EVENT
b1fa21e3acfbd600,M15,L3,LONG,4638.57,2026-05-04T01:00:00,NA,2026-05-06T05:45:00,2026-05-06T06:00:00,4634.58,4641.83,4633.82,4640.69,9.20889675,1,0,EVENT
0957f22c94fb8572,M15,L2,LONG,4653.63,2026-05-06T02:50:00,NA,2026-05-06T08:00:00,2026-05-06T08:15:00,4649.00,4656.44,4648.92,4654.97,8.22855009,1,0,EVENT
d039b285df8ef946,M15,L3,LONG,4660.38,2026-05-01T17:00:00,NA,2026-05-06T08:45:00,2026-05-06T09:00:00,4650.04,4663.83,4649.29,4663.01,7.96286609,1,0,EVENT
f00e6f9eb7e4c6ee,M15,L3,LONG,4700.24,2026-05-06T22:00:00,NA,2026-05-07T04:00:00,2026-05-07T04:15:00,4688.62,4711.20,4685.19,4709.71,7.06011008,1,0,EVENT
1b10989589fd1d23,M15,L4,LONG,4701.17,2026-05-06T21:15:00,23,2026-05-07T04:00:00,2026-05-07T04:15:00,4688.62,4711.20,4685.19,4709.71,7.06011008,1,0,EVENT
e5edbaecb4c539bf,M15,L1,LONG,4723.02,2026-05-06T00:00:00,NA,2026-05-07T09:30:00,2026-05-07T09:45:00,4717.40,4750.18,4716.07,4746.06,7.43533961,1,0,EVENT
4a591c4cf8f885ea,M15,L2,LONG,4721.25,2026-05-07T02:50:00,NA,2026-05-07T09:30:00,2026-05-07T09:45:00,4717.40,4750.18,4716.07,4746.06,7.43533961,1,0,EVENT
c2ad29ba5d5193ef,M15,L3,LONG,4723.02,2026-05-06T13:00:00,NA,2026-05-07T09:30:00,2026-05-07T09:45:00,4717.40,4750.18,4716.07,4746.06,7.43533961,1,0,EVENT
836a7810d320b128,M15,L3,LONG,4753.49,2026-05-07T11:00:00,NA,2026-05-07T17:15:00,2026-05-07T17:30:00,4751.91,4759.56,4741.03,4756.66,11.00740588,1,1,EVENT
4ec697ffd931e371,M15,L3,SHORT,4721.79,2026-05-07T12:00:00,NA,2026-05-07T19:00:00,2026-05-07T19:15:00,4729.22,4729.78,4713.48,4715.21,11.91773086,1,1,EVENT
b7a403cfbd328c7e,M15,L3,SHORT,4687.77,2026-05-07T20:00:00,NA,2026-05-07T23:45:00,2026-05-08T00:00:00,4703.62,4703.89,4684.16,4685.22,12.25606884,0,0,EVENT
9d286a1551f615c5,M15,L1,SHORT,4684.16,2026-05-07T00:00:00,NA,2026-05-08T01:00:00,2026-05-08T01:15:00,4678.51,4698.13,4677.48,4691.28,12.78992106,0,0,OPEN_BEYOND_LEVEL
262991bacbd7324a,M15,L3,SHORT,4678.94,2026-05-06T20:00:00,NA,2026-05-08T01:00:00,2026-05-08T01:15:00,4678.51,4698.13,4677.48,4691.28,12.78992106,0,0,OPEN_BEYOND_LEVEL
03d542c5eb6ef0bf,M15,L3,LONG,4719.23,2026-05-07T23:00:00,NA,2026-05-08T04:45:00,2026-05-08T05:00:00,4710.75,4725.45,4710.75,4722.85,11.06433637,1,0,EVENT
153b4ebc995c27b5,M15,L2,LONG,4732.72,2026-05-08T02:50:00,NA,2026-05-08T09:15:00,2026-05-08T09:30:00,4722.92,4734.69,4721.62,4733.60,9.86876704,1,0,EVENT
71d8eb1d2d52a033,M15,L3,LONG,4732.72,2026-05-08T05:00:00,NA,2026-05-08T09:15:00,2026-05-08T09:30:00,4722.92,4734.69,4721.62,4733.60,9.86876704,1,0,EVENT
0c0a6e99df4aefdf,M15,L3,LONG,4734.69,2026-05-08T09:00:00,NA,2026-05-08T16:30:00,2026-05-08T16:45:00,4727.24,4744.40,4726.86,4738.12,10.26317476,1,1,EVENT
ba9e7677b9c9de81,M15,L3,SHORT,4697.07,2026-05-08T10:00:00,NA,2026-05-11T01:00:00,2026-05-11T01:15:00,4682.88,4701.96,4678.82,4687.42,6.13963175,0,0,OPEN_BEYOND_LEVEL
d88a21ee02d55b2e,M15,L1,SHORT,4677.48,2026-05-08T00:00:00,NA,2026-05-11T07:00:00,2026-05-11T07:15:00,4678.59,4680.01,4673.35,4677.45,11.24677760,1,0,EVENT
0f6b0355636b5093,M15,L3,SHORT,4677.48,2026-05-08T01:00:00,NA,2026-05-11T07:00:00,2026-05-11T07:15:00,4678.59,4680.01,4673.35,4677.45,11.24677760,1,0,EVENT
092c52faaf6b781a,M15,L2,SHORT,4668.48,2026-05-11T02:50:00,NA,2026-05-11T08:30:00,2026-05-11T08:45:00,4670.77,4680.70,4662.09,4663.64,9.27309113,1,0,EVENT
0006805881bddac9,M15,L3,SHORT,4670.10,2026-05-11T03:00:00,NA,2026-05-11T08:30:00,2026-05-11T08:45:00,4670.77,4680.70,4662.09,4663.64,9.27309113,1,0,EVENT
619ab3d9cfb66765,M15,L3,SHORT,4660.38,2026-05-06T15:00:00,NA,2026-05-11T08:45:00,2026-05-11T09:00:00,4663.68,4664.02,4648.11,4652.27,9.94001319,1,0,EVENT
05325a6de31bfa83,M15,L2,LONG,4705.52,2026-05-11T02:50:00,NA,2026-05-11T16:00:00,2026-05-11T16:15:00,4699.97,4721.81,4698.74,4721.12,9.56062172,1,0,EVENT
93ccdb5615edb3d7,M15,L3,LONG,4705.52,2026-05-11T04:00:00,NA,2026-05-11T16:00:00,2026-05-11T16:15:00,4699.97,4721.81,4698.74,4721.12,9.56062172,1,0,EVENT
ee5918ef7f557528,M15,L3,LONG,4728.93,2026-05-08T21:00:00,NA,2026-05-11T16:30:00,2026-05-11T16:45:00,4728.48,4745.63,4728.28,4743.92,10.85089322,1,1,EVENT
85684513d8f0574d,M15,L1,LONG,4748.59,2026-05-11T00:00:00,NA,2026-05-12T01:45:00,2026-05-12T02:00:00,4744.64,4755.36,4744.22,4750.90,6.75005669,0,0,EVENT
91c7a59d57d309be,M15,L3,LONG,4749.41,2026-05-08T17:00:00,NA,2026-05-12T01:45:00,2026-05-12T02:00:00,4744.64,4755.36,4744.22,4750.90,6.75005669,0,0,EVENT
63720c3d54a3f79b,M15,L3,LONG,4764.79,2026-05-07T18:00:00,NA,2026-05-12T02:45:00,2026-05-12T03:00:00,4756.02,4769.66,4755.39,4767.42,6.99536883,1,0,EVENT
735a73acc9876f2f,M15,L2,SHORT,4711.26,2026-05-12T02:50:00,NA,2026-05-12T09:00:00,2026-05-12T09:15:00,4714.17,4714.34,4702.90,4705.30,8.52463172,1,0,EVENT
0192729c4a1256a4,M15,L3,SHORT,4708.00,2026-05-11T19:00:00,NA,2026-05-12T09:00:00,2026-05-12T09:15:00,4714.17,4714.34,4702.90,4705.30,8.52463172,1,0,EVENT
3270402eccba3932,M15,L3,SHORT,4685.11,2026-05-12T13:00:00,NA,2026-05-12T16:45:00,2026-05-12T17:00:00,4699.19,4701.41,4676.80,4678.68,11.34295299,1,1,EVENT
641e61c49ba370da,M15,L3,LONG,4711.53,2026-05-12T15:00:00,NA,2026-05-12T22:45:00,2026-05-12T23:00:00,4709.28,4715.65,4709.01,4715.65,9.22919211,0,0,EVENT
c02ad4071d054687,M15,L2,SHORT,4687.67,2026-05-13T02:50:00,NA,2026-05-13T15:15:00,2026-05-13T15:30:00,4693.95,4694.17,4683.25,4684.71,7.24889378,1,0,EVENT
9b69ef0d64f2755e,M15,L3,SHORT,4686.03,2026-05-13T12:00:00,NA,2026-05-13T15:15:00,2026-05-13T15:30:00,4693.95,4694.17,4683.25,4684.71,7.24889378,1,0,EVENT
468fb1c5a58b3517,M15,L3,SHORT,4677.53,2026-05-13T21:00:00,NA,2026-05-14T06:30:00,2026-05-14T06:45:00,4691.45,4691.80,4675.85,4676.38,8.74565915,1,0,EVENT
9850cf8e9dc9a498,M15,L3,LONG,4707.07,2026-05-14T04:00:00,NA,2026-05-14T10:30:00,2026-05-14T10:45:00,4705.53,4718.78,4702.99,4709.21,9.36179385,1,0,EVENT
0c667362d60eba40,M15,L3,SHORT,4688.50,2026-05-14T12:00:00,NA,2026-05-14T16:15:00,2026-05-14T16:30:00,4704.11,4704.39,4688.06,4688.28,9.12479972,1,1,EVENT
47ee170f8a37ee84,M15,L4,SHORT,4688.50,2026-05-14T10:45:00,22,2026-05-14T16:15:00,2026-05-14T16:30:00,4704.11,4704.39,4688.06,4688.28,9.12479972,1,1,EVENT
c6a814d369ce47c3,M15,L1,SHORT,4669.43,2026-05-13T00:00:00,NA,2026-05-14T21:30:00,2026-05-14T21:45:00,4673.46,4674.89,4668.29,4668.47,8.04949642,0,0,EVENT
5cea62d398f262d7,M15,L3,SHORT,4668.69,2026-05-14T07:00:00,NA,2026-05-14T21:30:00,2026-05-14T21:45:00,4673.46,4674.89,4668.29,4668.47,8.04949642,0,0,EVENT
c459e8782ce28d2c,M15,L3,SHORT,4666.69,2026-05-14T16:00:00,NA,2026-05-14T22:15:00,2026-05-14T22:30:00,4667.44,4669.12,4663.24,4663.35,7.52656838,0,0,EVENT
08e852a2634bed73,M15,L3,SHORT,4650.54,2026-05-11T12:00:00,NA,2026-05-14T23:00:00,2026-05-14T23:15:00,4654.14,4657.26,4649.18,4649.75,7.45318176,0,0,EVENT
fcd8406bb5cc219b,M15,L3,SHORT,4648.11,2026-05-11T08:00:00,NA,2026-05-14T23:15:00,2026-05-14T23:30:00,4649.68,4650.95,4646.66,4648.08,7.49795449,0,0,EVENT
9e91bd9e5482d377,M15,L1,SHORT,4644.30,2026-05-14T00:00:00,NA,2026-05-15T03:15:00,2026-05-15T03:30:00,4650.53,4658.37,4629.29,4630.03,7.92358469,1,0,EVENT
36d40d9b2a40d90a,M15,L3,SHORT,4638.13,2026-05-12T18:00:00,NA,2026-05-15T03:15:00,2026-05-15T03:30:00,4650.53,4658.37,4629.29,4630.03,7.92358469,1,0,EVENT
3a1121a4dfd55c7c,M15,L3,SHORT,4607.19,2026-05-15T04:00:00,NA,2026-05-15T07:30:00,2026-05-15T07:45:00,4610.85,4614.89,4604.30,4605.75,10.72246338,1,0,EVENT
8ce00d8db0dd1deb,M15,L2,SHORT,4604.30,2026-05-15T02:50:00,NA,2026-05-15T08:00:00,2026-05-15T08:15:00,4605.84,4606.55,4588.43,4592.17,10.49135873,1,0,EVENT
2359f875110c06b9,M15,L3,SHORT,4531.79,2026-05-15T12:00:00,NA,2026-05-15T16:30:00,2026-05-15T16:45:00,4548.80,4551.16,4520.06,4520.06,12.67687599,1,1,EVENT
b629402b4bc3db9e,M15,L1,SHORT,4511.50,2026-05-15T00:00:00,NA,2026-05-18T03:30:00,2026-05-18T03:45:00,4515.88,4519.07,4480.41,4481.63,11.58307945,1,0,EVENT
8740e0fc04d09835,M15,L3,SHORT,4511.50,2026-05-15T16:00:00,NA,2026-05-18T03:30:00,2026-05-18T03:45:00,4515.88,4519.07,4480.41,4481.63,11.58307945,1,0,EVENT
41a3855266f7fdd2,M15,L2,LONG,4549.71,2026-05-18T02:50:00,NA,2026-05-18T10:15:00,2026-05-18T10:30:00,4543.64,4551.28,4538.18,4550.57,12.83074734,1,0,EVENT
b0462489ac490020,M15,L3,LONG,4559.96,2026-05-18T10:00:00,NA,2026-05-18T14:30:00,2026-05-18T14:45:00,4536.38,4567.11,4535.51,4562.13,9.92779398,1,0,EVENT
5c7ef2d5a4303400,M15,L3,LONG,4566.62,2026-05-15T17:00:00,NA,2026-05-18T15:30:00,2026-05-18T15:45:00,4550.70,4569.57,4550.24,4569.56,11.44856112,1,0,EVENT
5cefc7641150f438,M15,L3,LONG,4572.57,2026-05-15T13:00:00,NA,2026-05-18T16:45:00,2026-05-18T17:00:00,4566.38,4584.18,4563.78,4575.64,12.44263516,1,1,EVENT
20659d80928b1492,M15,L1,LONG,4584.18,2026-05-18T00:00:00,NA,2026-05-19T02:00:00,2026-05-19T02:15:00,4573.90,4586.84,4573.58,4585.57,8.21947819,0,0,EVENT
85d664ba1dd06ac0,M15,L3,LONG,4584.18,2026-05-18T16:00:00,NA,2026-05-19T02:00:00,2026-05-19T02:15:00,4573.90,4586.84,4573.58,4585.57,8.21947819,0,0,EVENT
2c52507f5c0e60b2,M15,L2,SHORT,4537.95,2026-05-19T02:50:00,NA,2026-05-19T13:30:00,2026-05-19T13:45:00,4539.84,4542.92,4525.43,4529.16,8.83778882,1,0,EVENT
ff8e324ff0890c32,M15,L3,SHORT,4529.76,2026-05-18T09:00:00,NA,2026-05-19T13:30:00,2026-05-19T13:45:00,4539.84,4542.92,4525.43,4529.16,8.83778882,1,0,EVENT
57b0592dccd299ec,M15,L3,SHORT,4525.43,2026-05-19T13:00:00,NA,2026-05-19T16:00:00,2026-05-19T16:15:00,4537.21,4537.35,4514.90,4524.32,9.95275092,1,0,EVENT
feb7a909136ad41a,M15,L1,SHORT,4480.37,2026-05-18T00:00:00,NA,2026-05-19T16:30:00,2026-05-19T16:45:00,4492.11,4495.58,4464.68,4476.12,12.56931074,1,1,EVENT
6f0043cbdd348e74,M15,L3,SHORT,4480.37,2026-05-18T03:00:00,NA,2026-05-19T16:30:00,2026-05-19T16:45:00,4492.11,4495.58,4464.68,4476.12,12.56931074,1,1,EVENT
dd1dd26c77851237,M15,L3,SHORT,4477.43,2026-05-20T01:00:00,NA,2026-05-20T04:15:00,2026-05-20T04:30:00,4492.45,4496.72,4472.80,4473.64,9.42205287,1,0,EVENT
cf9189c7d609f314,M15,L1,SHORT,4464.68,2026-05-19T00:00:00,NA,2026-05-20T05:30:00,2026-05-20T05:45:00,4481.55,4483.49,4460.75,4460.75,12.01569606,1,0,EVENT
ce5bf757d7635297,M15,L3,SHORT,4464.68,2026-05-19T16:00:00,NA,2026-05-20T05:30:00,2026-05-20T05:45:00,4481.55,4483.49,4460.75,4460.75,12.01569606,1,0,EVENT
f04876b8e8456d08,M15,L2,LONG,4509.02,2026-05-20T02:50:00,NA,2026-05-20T17:30:00,2026-05-20T17:45:00,4506.88,4528.69,4506.87,4520.55,11.70057759,1,1,EVENT
e68fd2a4e57616a8,M15,L3,LONG,4509.02,2026-05-20T03:00:00,NA,2026-05-20T17:30:00,2026-05-20T17:45:00,4506.88,4528.69,4506.87,4520.55,11.70057759,1,1,EVENT
d0b3fe11d57a2db1,M15,L1,LONG,4552.62,2026-05-20T00:00:00,NA,2026-05-21T04:00:00,2026-05-21T04:15:00,4545.28,4560.05,4539.92,4559.89,7.37117200,1,0,EVENT
4a0514b1d34656a5,M15,L3,LONG,4559.36,2026-05-19T10:00:00,NA,2026-05-21T04:00:00,2026-05-21T04:15:00,4545.28,4560.05,4539.92,4559.89,7.37117200,1,0,EVENT
d0f3065bed12420c,M15,L3,SHORT,4534.54,2026-05-21T02:00:00,NA,2026-05-21T05:45:00,2026-05-21T06:00:00,4536.35,4537.31,4531.52,4533.25,9.22114710,1,0,EVENT
3bff0b5e7e1fc8b9,M15,L2,SHORT,4527.19,2026-05-21T02:50:00,NA,2026-05-21T08:15:00,2026-05-21T08:30:00,4530.80,4531.08,4521.64,4522.94,8.04833139,1,0,EVENT
9785ef0e2f97f013,M15,L3,SHORT,4512.02,2026-05-21T10:00:00,NA,2026-05-21T13:45:00,2026-05-21T14:00:00,4516.88,4517.83,4510.83,4511.53,9.96391771,1,0,EVENT
91d2d90f1776d0d1,M15,L3,LONG,4543.20,2026-05-21T12:00:00,NA,2026-05-21T20:30:00,2026-05-21T20:45:00,4541.72,4548.99,4538.74,4548.25,10.74315494,1,1,EVENT
c6f7cf1b4b9bac51,M15,L2,SHORT,4518.59,2026-05-22T02:50:00,NA,2026-05-22T08:45:00,2026-05-22T09:00:00,4534.07,4534.20,4507.32,4511.33,6.30612255,1,0,EVENT
7c7a683ea25645f9,M15,L3,SHORT,4518.59,2026-05-22T05:00:00,NA,2026-05-22T08:45:00,2026-05-22T09:00:00,4534.07,4534.20,4507.32,4511.33,6.30612255,1,0,EVENT
78f110bacfeeb23b,M15,L3,SHORT,4507.32,2026-05-22T08:00:00,NA,2026-05-22T17:00:00,2026-05-22T17:15:00,4513.88,4514.16,4490.60,4497.53,9.38111264,1,1,EVENT
9d7e789822b93adc,M15,L1,LONG,4546.83,2026-05-22T00:00:00,NA,2026-05-25T01:00:00,2026-05-25T01:15:00,4536.69,4557.38,4532.73,4554.67,6.66269215,0,0,EVENT
16580639450dc031,M15,L3,LONG,4546.83,2026-05-22T01:00:00,NA,2026-05-25T01:00:00,2026-05-25T01:15:00,4536.69,4557.38,4532.73,4554.67,6.66269215,0,0,EVENT
28aa8e79ccf521a4,M15,L3,LONG,4559.28,2026-05-21T20:00:00,NA,2026-05-25T01:45:00,2026-05-25T02:00:00,4558.09,4565.76,4557.88,4564.96,9.52769849,0,0,EVENT
cfee4c254435ab74,M15,L3,LONG,4570.76,2026-05-21T04:00:00,NA,2026-05-25T02:00:00,2026-05-25T02:15:00,4565.00,4576.34,4564.90,4574.39,9.41000574,0,0,EVENT
6121cb0bcd149dcd,M15,L2,SHORT,4556.54,2026-05-25T02:50:00,NA,2026-05-25T08:15:00,2026-05-25T08:30:00,4563.48,4563.59,4553.99,4554.18,6.87379890,1,0,EVENT
01f63311ffcdad90,M15,L3,LONG,4577.84,2026-05-25T20:00:00,NA,2026-05-26T02:00:00,2026-05-26T02:15:00,4574.91,4579.17,4573.79,4578.99,3.45029921,0,0,EVENT
0ed2a89671d4561f,M15,L3,SHORT,4563.33,2026-05-25T20:00:00,NA,2026-05-26T02:30:00,2026-05-26T02:45:00,4568.31,4568.60,4555.21,4556.69,4.26041105,0,0,EVENT
511cafef73bccc55,M15,L3,SHORT,4553.00,2026-05-25T15:00:00,NA,2026-05-26T03:00:00,2026-05-26T03:15:00,4559.69,4560.21,4548.58,4552.35,5.00805851,1,0,EVENT
64cc516fda329680,M15,L3,SHORT,4550.48,2026-05-25T09:00:00,NA,2026-05-26T03:15:00,2026-05-26T03:30:00,4552.30,4553.48,4541.24,4549.32,5.48105433,1,0,EVENT
d1f32b222bdd6aba,M15,L1,SHORT,4532.73,2026-05-25T00:00:00,NA,2026-05-26T04:30:00,2026-05-26T04:45:00,4543.76,4544.27,4527.70,4532.21,6.77276199,1,0,EVENT
5504e1f82a547fd4,M15,L3,SHORT,4527.70,2026-05-26T04:00:00,NA,2026-05-26T07:30:00,2026-05-26T07:45:00,4532.57,4533.23,4525.24,4526.17,6.25196933,1,0,EVENT
ee8bf6014a57fdc3,M15,L2,SHORT,4523.55,2026-05-26T02:50:00,NA,2026-05-26T11:15:00,2026-05-26T11:30:00,4527.64,4529.93,4520.54,4522.48,7.54039793,1,0,EVENT
f98c5875e3c1c1e2,M15,L3,SHORT,4503.65,2026-05-22T23:00:00,NA,2026-05-26T19:00:00,2026-05-26T19:15:00,4506.42,4508.51,4500.46,4501.46,9.07446017,1,1,EVENT
9630c3f0a03eeb78,M15,L3,SHORT,4500.64,2026-05-26T15:00:00,NA,2026-05-26T20:30:00,2026-05-26T20:45:00,4501.58,4501.78,4496.63,4498.60,8.06313897,1,1,EVENT
bd332d60a3f1ec8a,M15,L3,SHORT,4488.78,2026-05-21T16:00:00,NA,2026-05-26T21:00:00,2026-05-26T21:15:00,4491.04,4493.30,4482.54,4487.25,8.10969636,1,1,EVENT
6896fb9683a199ff,M15,L2,SHORT,4495.90,2026-05-27T02:50:00,NA,2026-05-27T08:30:00,2026-05-27T08:45:00,4507.32,4508.78,4491.74,4493.35,7.35449117,1,0,EVENT
db326975ee27e220,M15,L1,SHORT,4482.54,2026-05-26T00:00:00,NA,2026-05-27T10:00:00,2026-05-27T10:15:00,4485.22,4488.61,4480.13,4480.24,8.17351033,1,0,EVENT
5a671b63227a22a3,M15,L3,SHORT,4482.54,2026-05-26T21:00:00,NA,2026-05-27T10:00:00,2026-05-27T10:15:00,4485.22,4488.61,4480.13,4480.24,8.17351033,1,0,EVENT
c2cff114ffcc101f,M15,L3,SHORT,4467.11,2026-05-20T17:00:00,NA,2026-05-27T13:30:00,2026-05-27T13:45:00,4477.00,4477.25,4462.13,4465.71,7.70004254,1,0,EVENT
0f714988f688ec64,M15,L3,SHORT,4453.50,2026-05-20T06:00:00,NA,2026-05-27T13:45:00,2026-05-27T14:00:00,4465.72,4466.99,4442.73,4445.76,8.23003950,1,0,EVENT
db25438f356ffd23,M15,L1,SHORT,4401.49,2026-05-27T00:00:00,NA,2026-05-28T05:45:00,2026-05-28T06:00:00,4402.05,4402.30,4392.64,4394.43,10.04830988,1,0,EVENT
2349bf30ccb9b6f1,M15,L3,SHORT,4401.49,2026-05-27T16:00:00,NA,2026-05-28T05:45:00,2026-05-28T06:00:00,4402.05,4402.30,4392.64,4394.43,10.04830988,1,0,EVENT
ed309134f857b6ff,M15,L2,LONG,4458.69,2026-05-28T02:50:00,NA,2026-05-28T17:00:00,2026-05-28T17:15:00,4430.45,4467.66,4420.71,4464.43,11.57662873,1,1,EVENT
d91bf4cc1ae19d4a,M15,L3,LONG,4458.69,2026-05-28T04:00:00,NA,2026-05-28T17:00:00,2026-05-28T17:15:00,4430.45,4467.66,4420.71,4464.43,11.57662873,1,1,EVENT
bb36100b4cac2ec5,M15,L3,LONG,4467.32,2026-05-28T01:00:00,NA,2026-05-28T17:30:00,2026-05-28T17:45:00,4461.20,4471.51,4452.97,4468.95,14.66877682,1,1,EVENT
75d20bf1cb902c3a,M15,L4,LONG,4503.72,2026-05-28T21:45:00,21,2026-05-29T04:00:00,2026-05-29T04:15:00,4496.10,4515.33,4492.50,4514.95,6.28901362,1,0,EVENT
3d5035fa2e679d1a,M15,L1,LONG,4516.51,2026-05-28T00:00:00,NA,2026-05-29T09:15:00,2026-05-29T09:30:00,4515.71,4521.48,4509.98,4516.61,7.37785979,1,0,EVENT
1cb7552598adb899,M15,L3,LONG,4516.51,2026-05-28T21:00:00,NA,2026-05-29T09:15:00,2026-05-29T09:30:00,4515.71,4521.48,4509.98,4516.61,7.37785979,1,0,EVENT
220a062912256158,M15,L2,LONG,4520.73,2026-05-29T02:50:00,NA,2026-05-29T09:45:00,2026-05-29T10:00:00,4516.66,4524.05,4515.28,4523.62,7.79070563,1,0,EVENT
b7c9f4a17bf02753,M15,L3,LONG,4520.73,2026-05-29T04:00:00,NA,2026-05-29T09:45:00,2026-05-29T10:00:00,4516.66,4524.05,4515.28,4523.62,7.79070563,1,0,EVENT
40f110e9722f1e9f,M15,L3,LONG,4538.19,2026-05-27T01:00:00,NA,2026-05-29T13:45:00,2026-05-29T14:00:00,4538.01,4541.04,4535.46,4538.54,8.35017534,1,0,EVENT
3b8539ff611c0bbd,M15,L3,LONG,4543.32,2026-05-29T13:00:00,NA,2026-05-29T17:00:00,2026-05-29T17:15:00,4536.85,4552.71,4535.18,4543.97,9.46786980,1,1,EVENT
9fb5d19fadb91df7,M15,L3,LONG,4580.28,2026-05-26T02:00:00,NA,2026-05-29T18:00:00,2026-05-29T18:15:00,4564.29,4595.34,4564.15,4590.10,12.69931069,1,1,EVENT
6e96f96175a55ffe,M15,L3,SHORT,4512.74,2026-05-29T15:00:00,NA,2026-06-01T06:30:00,2026-06-01T06:45:00,4520.48,4524.04,4509.88,4510.66,8.12285620,1,0,EVENT
a5be7cf920d3f340,M15,L2,SHORT,4508.62,2026-06-01T02:50:00,NA,2026-06-01T09:30:00,2026-06-01T09:45:00,4514.01,4514.91,4501.76,4504.58,7.70312530,1,0,EVENT
13bc0abbf25eb3fd,M15,L1,SHORT,4489.05,2026-05-29T00:00:00,NA,2026-06-01T16:00:00,2026-06-01T16:15:00,4502.25,4503.93,4472.39,4484.26,7.99467279,1,0,EVENT
8c081ee22fb711d6,M15,L3,SHORT,4489.05,2026-05-29T02:00:00,NA,2026-06-01T16:00:00,2026-06-01T16:15:00,4502.25,4503.93,4472.39,4484.26,7.99467279,1,0,EVENT
f7dc7f92ed199461,M15,L4,LONG,4490.17,2026-06-01T21:00:00,21,2026-06-02T03:15:00,2026-06-02T03:30:00,4481.19,4493.81,4481.05,4493.79,6.07653676,1,0,EVENT
faf3d44a6349df1d,M15,L3,LONG,4497.20,2026-06-02T03:00:00,NA,2026-06-02T06:30:00,2026-06-02T06:45:00,4495.19,4499.30,4493.01,4497.21,9.27612069,1,0,EVENT
dd516cb9f8c794e5,M15,L3,LONG,4512.94,2026-06-01T14:00:00,NA,2026-06-02T07:45:00,2026-06-02T08:00:00,4510.07,4518.20,4509.78,4517.34,8.37672464,1,0,EVENT
8ac0a3f88a4e65e9,M15,L2,LONG,4518.20,2026-06-02T02:50:00,NA,2026-06-02T08:00:00,2026-06-02T08:15:00,4517.33,4518.72,4515.17,4518.66,8.37981573,1,0,EVENT
f41051f233a5a386,M15,L3,SHORT,4521.33,2026-06-02T12:00:00,NA,2026-06-02T15:45:00,2026-06-02T16:00:00,4524.86,4525.97,4513.49,4514.22,6.62942191,1,0,EVENT
f9432f4d56563ba9,M15,L3,SHORT,4478.70,2026-06-02T21:00:00,NA,2026-06-03T02:00:00,2026-06-03T02:15:00,4484.84,4488.73,4474.44,4477.02,5.48030258,0,0,EVENT
66845a8ad736fc30,M15,L1,SHORT,4462.91,2026-06-02T00:00:00,NA,2026-06-03T08:30:00,2026-06-03T08:45:00,4468.60,4469.05,4459.06,4462.01,7.23266078,1,0,EVENT
9764977d67c076c0,M15,L2,SHORT,4463.71,2026-06-03T02:50:00,NA,2026-06-03T08:30:00,2026-06-03T08:45:00,4468.60,4469.05,4459.06,4462.01,7.23266078,1,0,EVENT
9d4e88eb7f788005,M15,L3,SHORT,4462.28,2026-06-03T02:00:00,NA,2026-06-03T08:30:00,2026-06-03T08:45:00,4468.60,4469.05,4459.06,4462.01,7.23266078,1,0,EVENT
9c0c1dd4fde0b197,M15,L3,SHORT,4447.73,2026-06-01T17:00:00,NA,2026-06-03T11:45:00,2026-06-03T12:00:00,4456.46,4457.85,4440.23,4443.99,8.52103780,1,0,EVENT
034aa29bbdcfdf80,M15,L3,SHORT,4438.99,2026-06-03T12:00:00,NA,2026-06-03T16:30:00,2026-06-03T16:45:00,4448.60,4453.27,4427.35,4427.40,10.36105505,1,1,EVENT
877fc0af76c40ea0,M15,L3,SHORT,4433.83,2026-06-03T19:00:00,NA,2026-06-03T23:30:00,2026-06-03T23:45:00,4439.01,4439.64,4432.00,4433.22,6.90153615,0,0,EVENT
fac9531ea18c6f2d,M15,L3,LONG,4468.16,2026-06-03T14:00:00,NA,2026-06-04T05:45:00,2026-06-04T06:00:00,4462.46,4476.87,4462.46,4475.11,9.48045432,1,0,EVENT
f0a138aad5cc5cae,M15,L2,LONG,4483.98,2026-06-04T02:50:00,NA,2026-06-04T14:15:00,2026-06-04T14:30:00,4473.59,4491.48,4473.50,4489.53,7.42915696,1,0,EVENT
59a6716351202b89,M15,L3,LONG,4488.14,2026-06-03T07:00:00,NA,2026-06-04T14:15:00,2026-06-04T14:30:00,4473.59,4491.48,4473.50,4489.53,7.42915696,1,0,EVENT
e55cfebc578b5963,M15,L1,LONG,4496.80,2026-06-03T00:00:00,NA,2026-06-04T14:45:00,2026-06-04T15:00:00,4491.43,4514.61,4491.43,4511.73,8.33544656,1,0,EVENT
bd5f9ee258a0433d,M15,L3,LONG,4496.80,2026-06-03T03:00:00,NA,2026-06-04T14:45:00,2026-06-04T15:00:00,4491.43,4514.61,4491.43,4511.73,8.33544656,1,0,EVENT
8d0ab3d87844dea1,M15,L3,SHORT,4472.75,2026-06-04T21:00:00,NA,2026-06-05T01:45:00,2026-06-05T02:00:00,4475.21,4476.23,4468.84,4469.64,6.04956844,0,0,EVENT
6a3c6e74be39d005,M15,L4,SHORT,4470.04,2026-06-04T18:45:00,24,2026-06-05T01:45:00,2026-06-05T02:00:00,4475.21,4476.23,4468.84,4469.64,6.04956844,0,0,EVENT
86d370c089fe6da5,M15,L3,SHORT,4457.30,2026-06-04T17:00:00,NA,2026-06-05T03:00:00,2026-06-05T03:15:00,4461.69,4464.98,4454.41,4455.29,6.44833924,1,0,EVENT
92a86253616c5253,M15,L3,SHORT,4443.00,2026-06-04T04:00:00,NA,2026-06-05T05:30:00,2026-06-05T05:45:00,4451.23,4451.81,4438.37,4442.93,8.69719122,1,0,EVENT
eb81c7ac57de9f97,M15,L2,LONG,4469.98,2026-06-05T02:50:00,NA,2026-06-05T14:45:00,2026-06-05T15:00:00,4464.99,4475.39,4464.06,4470.24,6.51574059,1,0,EVENT
2fbbcc55d7d83147,M15,L4,SHORT,4458.37,2026-06-05T10:15:00,21,2026-06-05T15:30:00,2026-06-05T15:45:00,4464.97,4465.96,4439.70,4446.05,7.40431198,1,0,EVENT
8e65870227309061,M15,L1,SHORT,4423.79,2026-06-04T00:00:00,NA,2026-06-05T15:45:00,2026-06-05T16:00:00,4446.06,4449.09,4404.82,4406.12,8.75114684,1,0,EVENT
90c57d3bc06fdb4a,M15,L2,SHORT,4435.26,2026-06-05T02:50:00,NA,2026-06-05T15:45:00,2026-06-05T16:00:00,4446.06,4449.09,4404.82,4406.12,8.75114684,1,0,EVENT
a848995865ec8335,M15,L3,SHORT,4423.79,2026-06-04T01:00:00,NA,2026-06-05T15:45:00,2026-06-05T16:00:00,4446.06,4449.09,4404.82,4406.12,8.75114684,1,0,EVENT
3a2abcbaf98a1256,M15,L1,SHORT,4311.69,2026-06-05T00:00:00,NA,2026-06-08T05:45:00,2026-06-08T06:00:00,4315.90,4320.78,4309.23,4310.52,12.44172947,1,0,EVENT
e0134c2ed366838c,M15,L3,SHORT,4310.02,2026-06-08T01:00:00,NA,2026-06-08T06:00:00,2026-06-08T06:15:00,4310.51,4314.13,4304.32,4304.80,12.37803451,1,0,EVENT
b7338f639fe2fb8f,M15,L2,SHORT,4300.25,2026-06-08T02:50:00,NA,2026-06-08T08:30:00,2026-06-08T08:45:00,4311.82,4313.32,4268.54,4287.99,10.35704600,1,0,EVENT
db35a23ce9b1f381,M15,L3,SHORT,4300.25,2026-06-08T04:00:00,NA,2026-06-08T08:30:00,2026-06-08T08:45:00,4311.82,4313.32,4268.54,4287.99,10.35704600,1,0,EVENT
e19bcaea2d62b080,M15,L3,LONG,4316.86,2026-06-08T10:00:00,NA,2026-06-08T14:00:00,2026-06-08T14:15:00,4302.38,4318.57,4297.16,4318.52,11.24893271,1,0,EVENT
f39611e95d913d43,M15,L2,LONG,4342.15,2026-06-09T02:50:00,NA,2026-06-09T08:30:00,2026-06-09T08:45:00,4332.56,4351.42,4331.53,4348.14,6.82081786,1,0,EVENT
2fa07a43eb2add35,M15,L3,LONG,4346.66,2026-06-08T16:00:00,NA,2026-06-09T08:30:00,2026-06-09T08:45:00,4332.56,4351.42,4331.53,4348.14,6.82081786,1,0,EVENT
4d95058b7623f06a,M15,L3,SHORT,4324.28,2026-06-09T07:00:00,NA,2026-06-09T17:00:00,2026-06-09T17:15:00,4328.90,4336.13,4319.81,4321.25,9.67294915,1,1,EVENT
6d9b5ed339b86bcb,M15,L3,SHORT,4321.18,2026-06-09T11:00:00,NA,2026-06-09T17:15:00,2026-06-09T17:30:00,4321.24,4323.85,4305.93,4318.63,10.14773850,1,1,EVENT
85cc6fbebd277d15,M15,L2,SHORT,4312.97,2026-06-09T02:50:00,NA,2026-06-09T17:30:00,2026-06-09T17:45:00,4318.65,4321.30,4284.62,4285.22,10.70290003,1,1,EVENT
b0b555360500abc6,M15,L3,SHORT,4312.97,2026-06-09T02:00:00,NA,2026-06-09T17:30:00,2026-06-09T17:45:00,4318.65,4321.30,4284.62,4285.22,10.70290003,1,1,EVENT
9c2f98b2fe1156da,M15,L3,SHORT,4272.99,2026-06-08T12:00:00,NA,2026-06-09T18:45:00,2026-06-09T19:00:00,4279.78,4285.81,4272.45,4272.45,14.05140637,1,1,EVENT
f9b781758a356fa2,M15,L1,SHORT,4268.54,2026-06-08T00:00:00,NA,2026-06-09T19:00:00,2026-06-09T19:15:00,4272.41,4281.09,4258.51,4259.79,14.00202020,1,1,EVENT
c7f350294ba1e623,M15,L3,SHORT,4268.54,2026-06-08T08:00:00,NA,2026-06-09T19:00:00,2026-06-09T19:15:00,4272.41,4281.09,4258.51,4259.79,14.00202020,1,1,EVENT
d5251d55f69d9820,M15,L1,SHORT,4236.78,2026-06-09T00:00:00,NA,2026-06-10T02:00:00,2026-06-10T02:15:00,4237.11,4247.16,4235.48,4236.06,10.19439463,0,0,EVENT
d2a93d0b22f10744,M15,L3,SHORT,4236.78,2026-06-09T19:00:00,NA,2026-06-10T02:00:00,2026-06-10T02:15:00,4237.11,4247.16,4235.48,4236.06,10.19439463,0,0,EVENT
b5a41169d9ec3d37,M15,L2,SHORT,4172.26,2026-06-10T02:50:00,NA,2026-06-10T11:00:00,2026-06-10T11:15:00,4186.18,4187.42,4161.43,4166.25,10.75318732,1,0,EVENT
05dd2680ca1d914e,M15,L3,SHORT,4172.26,2026-06-10T07:00:00,NA,2026-06-10T11:00:00,2026-06-10T11:15:00,4186.18,4187.42,4161.43,4166.25,10.75318732,1,0,EVENT
6ee84749027d4552,M15,L1,SHORT,4066.95,2026-06-10T00:00:00,NA,2026-06-11T01:00:00,2026-06-11T01:15:00,4072.70,4072.97,4050.23,4056.25,11.84137074,0,0,EVENT
a2673acf18a3219f,M15,L3,SHORT,4077.47,2026-06-11T12:00:00,NA,2026-06-11T15:00:00,2026-06-11T15:15:00,4080.38,4087.18,4072.77,4076.35,9.77475140,1,0,EVENT
79d08b4b10b32c1e,M15,L2,LONG,4118.08,2026-06-11T02:50:00,NA,2026-06-11T20:30:00,2026-06-11T20:45:00,4101.89,4170.09,4101.51,4166.67,14.90695403,1,1,EVENT
4acccf0ebb8ce603,M15,L3,LONG,4118.08,2026-06-11T04:00:00,NA,2026-06-11T20:30:00,2026-06-11T20:45:00,4101.89,4170.09,4101.51,4166.67,14.90695403,1,1,EVENT
c26f9508ab3e8683,M15,L3,LONG,4186.35,2026-06-10T16:00:00,NA,2026-06-11T22:00:00,2026-06-11T22:15:00,4161.85,4189.32,4161.84,4188.32,18.35448743,0,0,EVENT
ed0c2209645788ff,M15,L1,LONG,4220.10,2026-06-11T00:00:00,NA,2026-06-12T01:30:00,2026-06-12T01:45:00,4214.72,4228.17,4211.05,4225.80,14.74684056,0,0,EVENT
6c29993b43ed1dc2,M15,L3,LONG,4222.08,2026-06-10T09:00:00,NA,2026-06-12T01:30:00,2026-06-12T01:45:00,4214.72,4228.17,4211.05,4225.80,14.74684056,0,0,EVENT
af6f5e62a7300d76,M15,L3,LONG,4228.17,2026-06-12T12:00:00,NA,2026-06-12T21:30:00,2026-06-12T21:45:00,4226.40,4230.01,4224.31,4229.27,12.36712836,0,0,EVENT
3da5e2430b8b3edb,M15,L1,LONG,4246.64,2026-06-12T00:00:00,NA,2026-06-15T01:00:00,2026-06-15T01:15:00,4272.67,4309.03,4261.81,4299.72,9.32841461,0,0,OPEN_BEYOND_LEVEL
c6121912529d2be8,M15,L3,LONG,4246.64,2026-06-12T01:00:00,NA,2026-06-15T01:00:00,2026-06-15T01:15:00,4272.67,4309.03,4261.81,4299.72,9.32841461,0,0,OPEN_BEYOND_LEVEL
05efd3c5dda8b143,M15,L3,LONG,4309.03,2026-06-15T01:00:00,NA,2026-06-15T04:30:00,2026-06-15T04:45:00,4303.61,4319.65,4301.27,4317.80,12.08293648,1,0,EVENT
699e6cdb81daa857,M15,L2,LONG,4335.43,2026-06-15T02:50:00,NA,2026-06-15T11:30:00,2026-06-15T11:45:00,4328.61,4345.45,4327.89,4341.00,8.29416373,1,0,EVENT
7c4ad79b1fc48025,M15,L3,LONG,4335.43,2026-06-15T05:00:00,NA,2026-06-15T11:30:00,2026-06-15T11:45:00,4328.61,4345.45,4327.89,4341.00,8.29416373,1,0,EVENT
eac5b0c3fea24677,M15,L3,LONG,4345.45,2026-06-15T11:00:00,NA,2026-06-15T15:45:00,2026-06-15T16:00:00,4345.21,4349.38,4343.41,4349.05,7.94927699,1,0,EVENT
f9449f471d506abe,M15,L3,LONG,4351.42,2026-06-09T08:00:00,NA,2026-06-15T16:15:00,2026-06-15T16:30:00,4349.47,4355.94,4349.41,4353.32,7.89733577,1,1,EVENT
5e59a748aeb39928,M15,L3,LONG,4363.67,2026-06-09T16:00:00,NA,2026-06-15T17:15:00,2026-06-15T17:30:00,4357.46,4364.28,4354.08,4363.73,9.06790912,1,1,EVENT
66023d49bc1d7249,M15,L3,SHORT,4324.65,2026-06-15T15:00:00,NA,2026-06-15T20:30:00,2026-06-15T20:45:00,4329.83,4329.97,4321.16,4322.10,8.63222174,1,1,EVENT
1c4639e84d4f56ac,M15,L2,LONG,4333.12,2026-06-16T02:50:00,NA,2026-06-16T10:45:00,2026-06-16T11:00:00,4327.68,4335.63,4326.62,4335.17,6.54140889,1,0,EVENT
f5995ecd9e1b9fbe,M15,L3,LONG,4333.12,2026-06-16T06:00:00,NA,2026-06-16T10:45:00,2026-06-16T11:00:00,4327.68,4335.63,4326.62,4335.17,6.54140889,1,0,EVENT
fca06e141b03fd87,M15,L3,LONG,4346.98,2026-06-16T19:00:00,NA,2026-06-17T04:00:00,2026-06-17T04:15:00,4337.09,4349.61,4334.40,4347.65,5.30770953,1,0,EVENT
9f478b773dadcad3,M15,L3,SHORT,4328.55,2026-06-17T03:00:00,NA,2026-06-17T07:15:00,2026-06-17T07:30:00,4330.75,4334.12,4324.14,4324.55,5.45384104,1,0,EVENT
2b18669fb9ba45ec,M15,L3,LONG,4334.22,2026-06-17T08:00:00,NA,2026-06-17T16:15:00,2026-06-17T16:30:00,4331.93,4338.48,4330.97,4335.49,5.87280087,1,1,EVENT
ced820b69b19ff45,M15,L3,LONG,4335.68,2026-06-17T12:00:00,NA,2026-06-17T16:30:00,2026-06-17T16:45:00,4335.51,4341.92,4332.63,4341.81,5.98974367,1,1,EVENT
7a7b697db0c4f6df,M15,L1,LONG,4354.89,2026-06-16T00:00:00,NA,2026-06-17T17:15:00,2026-06-17T17:30:00,4342.40,4362.25,4341.10,4360.39,6.50492596,1,1,EVENT
e52111eea722214c,M15,L2,LONG,4349.61,2026-06-17T02:50:00,NA,2026-06-17T17:15:00,2026-06-17T17:30:00,4342.40,4362.25,4341.10,4360.39,6.50492596,1,1,EVENT
aa51a0830289f69e,M15,L3,LONG,4354.89,2026-06-16T15:00:00,NA,2026-06-17T17:15:00,2026-06-17T17:30:00,4342.40,4362.25,4341.10,4360.39,6.50492596,1,1,EVENT
180250dc63b3d077,M15,L3,LONG,4369.51,2026-06-15T17:00:00,NA,2026-06-17T20:30:00,2026-06-17T20:45:00,4361.32,4382.43,4360.84,4376.48,7.93621715,1,1,EVENT
895401d7c805dac0,M15,L1,SHORT,4305.85,2026-06-16T00:00:00,NA,2026-06-17T21:00:00,2026-06-17T21:15:00,4380.04,4380.04,4276.99,4284.13,8.86495255,1,1,EVENT
2a9a8f87afecf17a,M15,L2,SHORT,4317.60,2026-06-17T02:50:00,NA,2026-06-17T21:00:00,2026-06-17T21:15:00,4380.04,4380.04,4276.99,4284.13,8.86495255,1,1,EVENT
1319bff5b0ab492f,M15,L3,SHORT,4300.92,2026-06-15T09:00:00,NA,2026-06-17T21:00:00,2026-06-17T21:15:00,4380.04,4380.04,4276.99,4284.13,8.86495255,1,1,EVENT
c2b2bcf805f432ce,M15,L2,SHORT,4272.39,2026-06-18T02:50:00,NA,2026-06-18T11:45:00,2026-06-18T12:00:00,4281.44,4281.73,4265.60,4266.70,9.51542521,1,0,EVENT
4e46bc5e744fa8fb,M15,L3,SHORT,4239.89,2026-06-18T14:00:00,NA,2026-06-18T18:15:00,2026-06-18T18:30:00,4246.68,4249.40,4234.42,4235.72,12.01945105,1,1,EVENT
fe0b170ac86907f7,M15,L1,SHORT,4218.95,2026-06-17T00:00:00,NA,2026-06-18T21:45:00,2026-06-18T22:00:00,4224.80,4225.22,4218.21,4218.25,9.28040461,0,0,EVENT
85c6865ec877a203,M15,L3,SHORT,4218.95,2026-06-17T22:00:00,NA,2026-06-18T21:45:00,2026-06-18T22:00:00,4224.80,4225.22,4218.21,4218.25,9.28040461,0,0,EVENT
d9c3f36626f5ce2a,M15,L3,SHORT,4214.01,2026-06-18T19:00:00,NA,2026-06-18T22:00:00,2026-06-18T22:15:00,4218.38,4218.99,4203.97,4207.47,9.11823285,0,0,EVENT
e5798b549bc518a6,M15,L1,SHORT,4201.52,2026-06-18T00:00:00,NA,2026-06-19T02:00:00,2026-06-19T02:15:00,4207.36,4208.23,4194.15,4195.76,7.78123981,0,0,EVENT
7a0de41edf4338b9,M15,L3,SHORT,4201.52,2026-06-18T22:00:00,NA,2026-06-19T02:00:00,2026-06-19T02:15:00,4207.36,4208.23,4194.15,4195.76,7.78123981,0,0,EVENT
46a8f9b2587d4811,M15,L3,SHORT,4177.07,2026-06-12T17:00:00,NA,2026-06-19T05:45:00,2026-06-19T06:00:00,4179.92,4180.73,4171.87,4176.28,7.20692848,1,0,EVENT
3e1c261a13f1362c,M15,L3,SHORT,4170.28,2026-06-12T10:00:00,NA,2026-06-19T06:00:00,2026-06-19T06:15:00,4176.29,4177.23,4166.07,4166.09,7.32500502,1,0,EVENT
0eadf94d9ee0bf8b,M15,L3,LONG,4178.55,2026-06-19T11:00:00,NA,2026-06-19T15:45:00,2026-06-19T16:00:00,4152.32,4180.09,4147.32,4179.08,7.68333414,1,0,EVENT
f56640827858b7ab,M15,L3,SHORT,4141.90,2026-06-19T14:00:00,NA,2026-06-22T01:00:00,2026-06-22T01:15:00,4141.66,4159.79,4139.30,4151.50,7.18253096,0,0,OPEN_BEYOND_LEVEL
08793a108398b3df,M15,L3,LONG,4182.88,2026-06-19T16:00:00,NA,2026-06-22T03:45:00,2026-06-22T04:00:00,4175.72,4200.93,4175.56,4200.81,9.37614898,1,0,EVENT
0fbc42d7782811dc,M15,L3,LONG,4207.35,2026-06-22T09:00:00,NA,2026-06-22T12:45:00,2026-06-22T13:00:00,4206.83,4210.09,4204.33,4208.20,7.67714485,1,0,EVENT
a1b2f6345b1780ed,M15,L3,SHORT,4188.66,2026-06-22T11:00:00,NA,2026-06-22T16:15:00,2026-06-22T16:30:00,4194.33,4196.87,4185.42,4186.92,7.37225536,1,1,EVENT
72daeb59e64c23bd,M15,L4,SHORT,4182.48,2026-06-22T21:00:00,20,2026-06-23T03:00:00,2026-06-23T03:15:00,4187.55,4192.22,4178.36,4178.83,5.17829599,1,0,EVENT
d7ba80596ca38dac,M15,L3,SHORT,4169.80,2026-06-22T18:00:00,NA,2026-06-23T04:30:00,2026-06-23T04:45:00,4178.21,4178.66,4153.52,4154.37,7.25531779,1,0,EVENT
689bcad269ad10b3,M15,L1,SHORT,4136.52,2026-06-22T00:00:00,NA,2026-06-23T07:45:00,2026-06-23T08:00:00,4138.61,4140.18,4115.06,4118.15,8.68988000,1,0,EVENT
e3e521f0facfe83b,M15,L3,SHORT,4121.77,2026-06-19T08:00:00,NA,2026-06-23T07:45:00,2026-06-23T08:00:00,4138.61,4140.18,4115.06,4118.15,8.68988000,1,0,EVENT
5fcf13b6c9f4e158,M15,L2,SHORT,4115.06,2026-06-23T02:50:00,NA,2026-06-23T09:30:00,2026-06-23T09:45:00,4116.55,4121.07,4110.90,4113.39,11.33020588,1,0,EVENT
2f11d827a45063c1,M15,L3,LONG,4133.33,2026-06-23T13:00:00,NA,2026-06-23T16:45:00,2026-06-23T17:00:00,4126.48,4140.43,4124.67,4135.74,10.71479700,1,1,EVENT
2a944a0b6629aabe,M15,L3,SHORT,4105.44,2026-06-23T16:00:00,NA,2026-06-24T01:30:00,2026-06-24T01:45:00,4105.97,4108.37,4097.11,4104.23,7.24157909,0,0,EVENT
e79cbfa761eca939,M15,L1,SHORT,4090.90,2026-06-23T00:00:00,NA,2026-06-24T02:30:00,2026-06-24T02:45:00,4097.52,4098.15,4080.85,4086.24,7.24274939,0,0,EVENT
d031a1e544d41329,M15,L3,SHORT,4090.90,2026-06-23T11:00:00,NA,2026-06-24T02:30:00,2026-06-24T02:45:00,4097.52,4098.15,4080.85,4086.24,7.24274939,0,0,EVENT
288f7ce82509a086,M15,L2,SHORT,4050.46,2026-06-24T02:50:00,NA,2026-06-24T14:00:00,2026-06-24T14:15:00,4056.03,4058.50,4044.80,4045.89,9.14996348,1,0,EVENT
8fd0454767e63f97,M15,L3,SHORT,4050.46,2026-06-24T06:00:00,NA,2026-06-24T14:00:00,2026-06-24T14:15:00,4056.03,4058.50,4044.80,4045.89,9.14996348,1,0,EVENT
8808de2a2fff7e56,M15,L3,LONG,4002.04,2026-06-25T11:00:00,NA,2026-06-25T15:30:00,2026-06-25T15:45:00,3984.28,4011.95,3983.20,4005.38,8.89142755,1,0,EVENT
779531d81466ae52,M15,L2,LONG,4016.34,2026-06-25T02:50:00,NA,2026-06-25T16:00:00,2026-06-25T16:15:00,4012.37,4034.00,4011.98,4030.99,10.69490437,1,0,EVENT
6357a2d2c8da5e24,M15,L3,LONG,4018.60,2026-06-25T02:00:00,NA,2026-06-25T16:00:00,2026-06-25T16:15:00,4012.37,4034.00,4011.98,4030.99,10.69490437,1,0,EVENT
742874d2b4ce6ac1,M15,L2,LONG,4029.47,2026-06-26T02:50:00,NA,2026-06-26T09:45:00,2026-06-26T10:00:00,4025.29,4033.16,4022.00,4032.12,9.43991218,1,0,EVENT
4ceb5b57c0eb874f,M15,L1,LONG,4044.19,2026-06-25T00:00:00,NA,2026-06-26T12:15:00,2026-06-26T12:30:00,4039.50,4050.93,4034.50,4048.27,8.67591917,1,0,EVENT
b0a12e573f52dbda,M15,L3,LONG,4044.19,2026-06-25T21:00:00,NA,2026-06-26T12:15:00,2026-06-26T12:30:00,4039.50,4050.93,4034.50,4048.27,8.67591917,1,0,EVENT
90028b0f4e5ba02a,M15,L2,SHORT,4048.30,2026-06-29T02:50:00,NA,2026-06-29T11:45:00,2026-06-29T12:00:00,4055.75,4057.36,4043.66,4047.00,8.31331371,1,0,EVENT
7f5b6f1cc935fa42,M15,L3,SHORT,4048.30,2026-06-29T03:00:00,NA,2026-06-29T11:45:00,2026-06-29T12:00:00,4055.75,4057.36,4043.66,4047.00,8.31331371,1,0,EVENT
736b134f389efdd9,M15,L3,SHORT,4035.89,2026-06-26T15:00:00,NA,2026-06-29T12:45:00,2026-06-29T13:00:00,4043.58,4044.00,4024.48,4031.56,8.82884300,1,0,EVENT
eb21b0c32dc184a0,M15,L3,SHORT,4024.48,2026-06-29T12:00:00,NA,2026-06-29T17:00:00,2026-06-29T17:15:00,4032.23,4035.44,4008.04,4008.88,9.50354665,1,1,EVENT
490ba28dcca34295,M15,L1,SHORT,4000.00,2026-06-29T00:00:00,NA,2026-06-30T03:30:00,2026-06-30T03:45:00,4006.25,4006.79,3990.97,3991.85,6.96660982,1,0,EVENT
0a30c2641a362b7f,M15,L3,SHORT,4000.00,2026-06-29T17:00:00,NA,2026-06-30T03:30:00,2026-06-30T03:45:00,4006.25,4006.79,3990.97,3991.85,6.96660982,1,0,EVENT
49cc0ee6cb0754f0,M15,L3,SHORT,3959.19,2026-06-24T21:00:00,NA,2026-06-30T04:00:00,2026-06-30T04:15:00,3987.14,3987.21,3943.38,3957.96,8.06549520,1,0,EVENT
a03558d65f9ecb8f,M15,L2,LONG,4018.03,2026-06-30T02:50:00,NA,2026-06-30T09:30:00,2026-06-30T09:45:00,4011.99,4034.01,4011.01,4024.82,11.48952725,1,0,EVENT
49fc98e4e15544dd,M15,L3,LONG,4024.60,2026-06-30T01:00:00,NA,2026-06-30T09:30:00,2026-06-30T09:45:00,4011.99,4034.01,4011.01,4024.82,11.48952725,1,0,EVENT
ec63468b0957ef1f,M15,L3,LONG,4032.07,2026-06-29T20:00:00,NA,2026-06-30T10:45:00,2026-06-30T11:00:00,4028.82,4033.16,4025.61,4032.28,11.11939907,1,0,EVENT
f87fb67b3509bf30,M15,L3,SHORT,4012.31,2026-06-30T12:00:00,NA,2026-06-30T15:45:00,2026-06-30T16:00:00,4018.73,4018.73,4008.72,4009.92,8.38009108,1,0,EVENT
771161b853d80992,M15,L3,LONG,4037.61,2026-06-30T11:00:00,NA,2026-06-30T17:00:00,2026-06-30T17:15:00,4030.01,4048.61,4025.43,4043.64,9.84599447,1,1,EVENT
7e7f3524c65d86f6,M15,L3,LONG,4052.50,2026-06-29T15:00:00,NA,2026-06-30T17:15:00,2026-06-30T17:30:00,4043.58,4063.39,4043.07,4054.13,10.79842343,1,1,EVENT
3d12a809016c92cb,M15,L3,SHORT,4008.72,2026-06-30T15:00:00,NA,2026-06-30T23:45:00,2026-07-01T00:00:00,4010.95,4011.50,4006.15,4007.58,6.44296370,0,0,EVENT
