event_id,tf,level_type,side,sample,break_bar_time,limit_price,zone_low,zone_high,pivots,n_legs,spike_time,spike_price,spike_depth_atr,p1_time,p1_price,p2_time,p2_price,n_pushes,slope,first_live_bar,last_live_bar,end_bar_time,status,in_quarantine
2f4f41b6d4f09536,M15,L3,LONG,DESIGN,2026-01-05T03:00:00,4402.84,4394.61,4420.75,2026-01-05T02:45:00@4385.02;2026-01-05T03:00:00@4420.75;2026-01-05T04:00:00@4388.87,1,,NA,NA,,NA,,NA,0,NA,,,2026-01-05T04:15:00,STRUCTURE_FAILED,0
32fd785dc4f370d3,M15,L2,LONG,DESIGN,2026-01-05T08:15:00,4424.10,4415.77,4426.25,2026-01-05T07:45:00@4400.96;2026-01-05T08:30:00@4426.29;2026-01-05T09:00:00@4416.82,1,,NA,NA,,NA,,NA,0,NA,,,2026-01-05T10:00:00,STRUCTURE_FAILED,0
9773ceb561089125,M15,L3,LONG,DESIGN,2026-01-05T08:15:00,4424.10,4415.77,4426.25,2026-01-05T07:45:00@4400.96;2026-01-05T08:30:00@4426.29;2026-01-05T09:00:00@4416.82,1,,NA,NA,,NA,,NA,0,NA,,,2026-01-05T10:00:00,STRUCTURE_FAILED,0
9c67aba620e81481,M15,L3,LONG,DESIGN,2026-01-05T17:00:00,4449.26,4436.97,4455.68,2026-01-05T15:30:00@4396.23;2026-01-05T17:00:00@4455.68;2026-01-05T17:30:00@4435.74,1,,NA,NA,,NA,,NA,0,NA,,,2026-01-05T17:45:00,STRUCTURE_FAILED,0
d6445dd577319305,M15,L1,LONG,DESIGN,2026-01-06T04:00:00,4459.49,4448.72,4460.47,2026-01-06T03:30:00@4432.85;2026-01-06T04:30:00@4461.13;2026-01-06T04:45:00@4451.85,1,,NA,NA,,NA,,NA,0,NA,,,2026-01-06T05:00:00,STRUCTURE_FAILED,0
68a0988ee8263c91,M15,L3,LONG,DESIGN,2026-01-06T04:00:00,4459.49,4448.72,4460.47,2026-01-06T03:30:00@4432.85;2026-01-06T04:30:00@4461.13;2026-01-06T04:45:00@4451.85,1,,NA,NA,,NA,,NA,0,NA,,,2026-01-06T05:00:00,STRUCTURE_FAILED,0
a8cfad3853568ef9,M15,L3,LONG,DESIGN,2026-01-06T04:15:00,4460.32,4456.49,4460.83,2026-01-06T03:30:00@4432.85;2026-01-06T04:30:00@4461.13;2026-01-06T04:45:00@4451.85,1,,NA,NA,,NA,,NA,0,NA,,,2026-01-06T05:00:00,STRUCTURE_FAILED,0
c02acbebaac5c608,M15,L3,SHORT,DESIGN,2026-01-06T11:45:00,4446.39,4444.84,4456.17,2026-01-06T10:15:00@4475.86;2026-01-06T12:00:00@4442.81;2026-01-06T12:30:00@4455.95,1,,NA,NA,,NA,,NA,0,NA,,,2026-01-06T13:15:00,STRUCTURE_FAILED,0
a73cc46709a2c678,M15,L2,LONG,DESIGN,2026-01-06T16:30:00,4479.56,4465.14,4483.18,2026-01-06T15:45:00@4454.31;2026-01-06T17:00:00@4491.01;2026-01-06T17:30:00@4463.38,1,,NA,NA,,NA,,NA,0,NA,,,2026-01-06T17:45:00,STRUCTURE_FAILED,0
b187ea65e4890279,M15,L3,LONG,DESIGN,2026-01-06T16:30:00,4479.56,4465.14,4483.18,2026-01-06T15:45:00@4454.31;2026-01-06T17:00:00@4491.01;2026-01-06T17:30:00@4463.38,1,,NA,NA,,NA,,NA,0,NA,,,2026-01-06T17:45:00,STRUCTURE_FAILED,0
6327441fa95d095a,M15,L1,LONG,DESIGN,2026-01-07T01:00:00,4497.47,4494.82,4499.42,2026-01-06T21:15:00@4477.22;2026-01-07T01:15:00@4500.43;2026-01-07T03:00:00@4469.38,1,,NA,NA,,NA,,NA,0,NA,,,2026-01-07T03:15:00,STRUCTURE_FAILED,0
d12c7d1a89ad1118,M15,L3,SHORT,DESIGN,2026-01-07T03:00:00,4471.02,4469.38,4495.97,2026-01-07T01:15:00@4500.43;2026-01-07T03:00:00@4469.38;2026-01-07T03:15:00@4478.90,1,,NA,NA,,NA,,NA,0,NA,,,2026-01-07T03:30:00,STRUCTURE_FAILED,0
ee303e7e48c6dc64,M15,L3,SHORT,DESIGN,2026-01-07T07:30:00,4452.69,4448.68,4469.67,2026-01-07T07:15:00@4470.87;2026-01-07T07:45:00@4443.44;2026-01-07T08:15:00@4460.51,1,,NA,NA,,NA,,NA,0,NA,,,2026-01-07T08:30:00,STRUCTURE_FAILED,0
9d1afdbf1c911450,M15,L2,SHORT,DESIGN,2026-01-07T15:00:00,4433.61,4427.66,4450.03,2026-01-07T14:30:00@4455.05;2026-01-07T15:00:00@4427.66;2026-01-07T16:00:00@4454.36,1,,NA,NA,,NA,,NA,0,NA,,,2026-01-07T16:15:00,STRUCTURE_FAILED,0
545c2af21f0adbfe,M15,L3,SHORT,DESIGN,2026-01-07T15:00:00,4433.61,4427.66,4450.03,2026-01-07T14:30:00@4455.05;2026-01-07T15:00:00@4427.66;2026-01-07T16:00:00@4454.36,1,,NA,NA,,NA,,NA,0,NA,,,2026-01-07T16:15:00,STRUCTURE_FAILED,0
f02c680ee6cf0d7b,M15,L1,SHORT,DESIGN,2026-01-07T17:00:00,4426.75,4426.66,4444.89,2026-01-07T16:45:00@4452.98;2026-01-07T17:15:00@4423.61;2026-01-07T17:30:00@4452.42,1,,NA,NA,,NA,,NA,0,NA,,,2026-01-07T17:45:00,STRUCTURE_FAILED,0
a07fdeea46f5246a,M15,L3,SHORT,DESIGN,2026-01-07T17:00:00,4426.75,4426.66,4444.89,2026-01-07T16:45:00@4452.98;2026-01-07T17:15:00@4423.61;2026-01-07T17:30:00@4452.42,1,,NA,NA,,NA,,NA,0,NA,,,2026-01-07T17:45:00,STRUCTURE_FAILED,0
67738a1b2951d60b,M15,L3,SHORT,DESIGN,2026-01-08T04:15:00,4441.18,4440.88,4446.72,2026-01-08T03:15:00@4460.29;2026-01-08T04:30:00@4433.28;2026-01-08T05:00:00@4445.84,1,,NA,NA,,NA,,NA,0,NA,,,2026-01-08T05:15:00,STRUCTURE_FAILED,0
5fae554fab2b0af4,M15,L1,SHORT,DESIGN,2026-01-08T07:30:00,4418.65,4415.78,4427.00,2026-01-08T05:30:00@4446.44;2026-01-08T07:45:00@4415.56;2026-01-08T08:00:00@4429.60,1,,NA,NA,,NA,,NA,0,NA,,,2026-01-08T08:15:00,STRUCTURE_FAILED,0
75b265b2b0399282,M15,L3,SHORT,DESIGN,2026-01-08T07:30:00,4418.65,4415.78,4427.00,2026-01-08T05:30:00@4446.44;2026-01-08T07:45:00@4415.56;2026-01-08T08:00:00@4429.60,1,,NA,NA,,NA,,NA,0,NA,,,2026-01-08T08:15:00,STRUCTURE_FAILED,0
664228fca33391d3,M15,L2,SHORT,DESIGN,2026-01-08T14:00:00,4412.14,4411.85,4423.06,2026-01-08T12:30:00@4435.07;2026-01-08T14:15:00@4407.81;2026-01-08T14:30:00@4431.41,1,,NA,NA,,NA,,NA,0,NA,,,2026-01-08T15:00:00,STRUCTURE_FAILED,0
3965ea9025f998de,M15,L3,SHORT,DESIGN,2026-01-08T14:00:00,4412.14,4411.85,4423.06,2026-01-08T12:30:00@4435.07;2026-01-08T14:15:00@4407.81;2026-01-08T14:30:00@4431.41,1,,NA,NA,,NA,,NA,0,NA,,,2026-01-08T15:00:00,STRUCTURE_FAILED,0
7ea30a385000f457,M15,L3,LONG,DESIGN,2026-01-08T17:00:00,4448.04,4427.91,4449.24,2026-01-08T16:00:00@4418.98;2026-01-08T18:00:00@4457.97;2026-01-08T18:15:00@4446.87,1,,NA,NA,,NA,,NA,0,NA,,,2026-01-08T18:30:00,STRUCTURE_FAILED,0
3388868957aa13f9,M15,L3,LONG,DESIGN,2026-01-08T22:15:00,4469.95,4457.45,4473.53,2026-01-08T21:15:00@4444.70;2026-01-09T01:00:00@4484.05;2026-01-09T03:15:00@4452.87,1,,NA,NA,,NA,,NA,0,NA,,,2026-01-09T03:30:00,STRUCTURE_FAILED,0
b3d183445f9a79e1,M15,L3,LONG,DESIGN,2026-01-08T22:45:00,4476.15,4472.01,4477.95,2026-01-08T21:15:00@4444.70;2026-01-09T01:00:00@4484.05;2026-01-09T03:15:00@4452.87,1,,NA,NA,,NA,,NA,0,NA,,,2026-01-09T03:30:00,STRUCTURE_FAILED,0
42b8c1e3d0c38fd8,M15,L2,LONG,DESIGN,2026-01-09T15:30:00,4486.44,4459.12,4491.83,2026-01-09T14:30:00@4461.11;2026-01-09T15:30:00@4491.83;2026-01-09T15:45:00@4478.96,1,,NA,NA,,NA,,NA,0,NA,,,2026-01-09T16:00:00,STRUCTURE_FAILED,0
89281ae4d911e340,M15,L3,LONG,DESIGN,2026-01-09T15:30:00,4486.44,4459.12,4491.83,2026-01-09T14:30:00@4461.11;2026-01-09T15:30:00@4491.83;2026-01-09T15:45:00@4478.96,1,,NA,NA,,NA,,NA,0,NA,,,2026-01-09T16:00:00,STRUCTURE_FAILED,0
ac7d5c5b441d2b6b,M15,L3,LONG,DESIGN,2026-01-09T17:15:00,4505.39,4493.46,4510.78,2026-01-09T16:45:00@4479.16;2026-01-09T17:30:00@4517.14;2026-01-09T18:00:00@4499.68,1,,NA,NA,,NA,,NA,0,NA,,,2026-01-09T19:00:00,STRUCTURE_FAILED,0
52cb6e61e5c712b6,M15,L2,LONG,DESIGN,2026-01-12T15:00:00,4606.58,4588.40,4609.49,2026-01-12T14:15:00@4578.36;2026-01-12T15:45:00@4620.37;2026-01-12T16:15:00@4585.18,1,,NA,NA,,NA,,NA,0,NA,,,2026-01-12T16:30:00,STRUCTURE_FAILED,0
b817216f9413b7ac,M15,L3,LONG,DESIGN,2026-01-12T15:00:00,4606.58,4588.40,4609.49,2026-01-12T14:15:00@4578.36;2026-01-12T15:45:00@4620.37;2026-01-12T16:15:00@4585.18,1,,NA,NA,,NA,,NA,0,NA,,,2026-01-12T16:30:00,STRUCTURE_FAILED,0
837066c58b1524c5,M15,L3,SHORT,DESIGN,2026-01-13T03:45:00,4578.00,4577.71,4586.14,,0,,NA,NA,,NA,,NA,0,NA,,,2026-01-13T07:00:00,NO_LEG1,0
4c06c5f1fcc7cc95,M15,L2,LONG,DESIGN,2026-01-13T15:00:00,4602.70,4590.57,4605.94,2026-01-13T14:15:00@4577.97;2026-01-13T15:45:00@4620.77;2026-01-13T16:00:00@4609.14;2026-01-13T16:45:00@4634.44;2026-01-13T17:15:00@4600.90,2,,NA,NA,,NA,,NA,0,NA,,,2026-01-13T17:30:00,STRUCTURE_FAILED,0
04fb5f3ca2a5c755,M15,L3,LONG,DESIGN,2026-01-13T15:00:00,4602.70,4590.57,4605.94,2026-01-13T14:15:00@4577.97;2026-01-13T15:45:00@4620.77;2026-01-13T16:00:00@4609.14;2026-01-13T16:45:00@4634.44;2026-01-13T17:15:00@4600.90,2,,NA,NA,,NA,,NA,0,NA,,,2026-01-13T17:30:00,STRUCTURE_FAILED,0
5b94e8458cac1d08,M15,L3,LONG,DESIGN,2026-01-14T07:00:00,4634.01,4629.32,4639.43,2026-01-14T05:15:00@4613.32;2026-01-14T07:00:00@4639.43;2026-01-14T07:15:00@4630.90,1,,NA,NA,,NA,,NA,0,NA,,,2026-01-14T07:30:00,STRUCTURE_FAILED,0
7564bf1a19b2b920,M15,L1,LONG,DESIGN,2026-01-14T07:30:00,4636.29,4631.89,4639.75,2026-01-14T07:15:00@4630.90;2026-01-14T07:30:00@4639.75;2026-01-14T07:45:00@4617.91,1,,NA,NA,,NA,,NA,0,NA,,,2026-01-14T08:00:00,STRUCTURE_FAILED,0
5487d76d74f365ca,M15,L3,LONG,DESIGN,2026-01-14T07:30:00,4636.29,4631.89,4639.75,2026-01-14T07:15:00@4630.90;2026-01-14T07:30:00@4639.75;2026-01-14T07:45:00@4617.91,1,,NA,NA,,NA,,NA,0,NA,,,2026-01-14T08:00:00,STRUCTURE_FAILED,0
a7d2b90028392e63,M15,L4,SHORT,DESIGN,2026-01-14T16:30:00,4618.98,4614.34,4635.47,2026-01-14T16:00:00@4638.97;2026-01-14T17:00:00@4599.40;2026-01-14T17:15:00@4626.57,1,,NA,NA,,NA,,NA,0,NA,,,2026-01-14T17:30:00,STRUCTURE_FAILED,0
351258ce24bc05fd,M15,L3,LONG,DESIGN,2026-01-14T21:30:00,4639.98,4634.57,4640.62,,0,,NA,NA,,NA,,NA,0,NA,,,2026-01-14T22:15:00,NO_LEG1,0
cdc4267c6bd9485e,M15,L3,SHORT,DESIGN,2026-01-15T05:00:00,4591.48,4589.65,4604.26,2026-01-15T04:30:00@4614.67;2026-01-15T05:15:00@4581.31;2026-01-15T05:30:00@4597.33,1,,NA,NA,,NA,,NA,0,NA,,,2026-01-15T07:00:00,STRUCTURE_FAILED,0
b86414ddff345796,M15,L1,SHORT,DESIGN,2026-01-15T05:15:00,4585.45,4581.31,4594.82,2026-01-15T04:30:00@4614.67;2026-01-15T05:15:00@4581.31;2026-01-15T05:30:00@4597.33,1,,NA,NA,,NA,,NA,0,NA,,,2026-01-15T07:00:00,STRUCTURE_FAILED,0
f1ea6d8ed7a0d3f6,M15,L3,LONG,DESIGN,2026-01-15T12:30:00,4617.92,4610.65,4619.34,2026-01-15T10:00:00@4597.73;2026-01-15T13:30:00@4623.12;2026-01-15T15:45:00@4582.07,1,,NA,NA,,NA,,NA,0,NA,,,2026-01-15T16:00:00,STRUCTURE_FAILED,0
249064107cb404bc,M15,L2,LONG,DESIGN,2026-01-15T12:45:00,4619.84,4617.06,4620.20,2026-01-15T10:00:00@4597.73;2026-01-15T13:30:00@4623.12;2026-01-15T15:45:00@4582.07,1,,NA,NA,,NA,,NA,0,NA,,,2026-01-15T16:00:00,STRUCTURE_FAILED,0
332dcaec0ce9b328,M15,L3,SHORT,DESIGN,2026-01-16T02:45:00,4600.19,4598.49,4602.33,2026-01-16T02:15:00@4611.43;2026-01-16T03:00:00@4593.96;2026-01-16T03:30:00@4608.61,1,,NA,NA,,NA,,NA,0,NA,,,2026-01-16T03:45:00,STRUCTURE_FAILED,0
29f54eefc6611ed3,M15,L2,SHORT,DESIGN,2026-01-16T15:15:00,4587.28,4582.66,4597.77,2026-01-16T13:45:00@4615.94;2026-01-16T15:15:00@4582.66;2026-01-16T17:00:00@4620.21,1,,NA,NA,,NA,,NA,0,NA,,,2026-01-16T17:15:00,STRUCTURE_FAILED,0
dd21c2ae77b15156,M15,L3,SHORT,DESIGN,2026-01-16T15:15:00,4587.28,4582.66,4597.77,2026-01-16T13:45:00@4615.94;2026-01-16T15:15:00@4582.66;2026-01-16T17:00:00@4620.21,1,,NA,NA,,NA,,NA,0,NA,,,2026-01-16T17:15:00,STRUCTURE_FAILED,0
f8ed625a5e4f5df8,M15,L1,SHORT,DESIGN,2026-01-16T17:15:00,4565.22,4564.74,4617.54,2026-01-16T17:00:00@4620.21;2026-01-16T17:30:00@4536.59;2026-01-16T18:30:00@4599.02,1,,NA,NA,,NA,,NA,0,NA,,,2026-01-16T18:45:00,STRUCTURE_FAILED,0
ebdcdc2a7dd5f780,M15,L3,SHORT,DESIGN,2026-01-16T17:15:00,4565.22,4564.74,4617.54,2026-01-16T17:00:00@4620.21;2026-01-16T17:30:00@4536.59;2026-01-16T18:30:00@4599.02,1,,NA,NA,,NA,,NA,0,NA,,,2026-01-16T18:45:00,STRUCTURE_FAILED,0
f503629ad463ecee,M15,L3,LONG,DESIGN,2026-01-19T01:00:00,4654.44,4626.66,4661.88,2026-01-16T22:30:00@4580.83;2026-01-19T01:30:00@4690.70;2026-01-19T02:15:00@4660.62,1,,NA,NA,,NA,,NA,0,NA,,,2026-01-19T02:30:00,STRUCTURE_FAILED,0
4449147fd1454d3d,M15,L3,LONG,DESIGN,2026-01-20T05:45:00,4680.20,4676.90,4681.55,2026-01-20T05:00:00@4666.20;2026-01-20T07:00:00@4701.35;2026-01-20T07:30:00@4694.33;2026-01-20T08:00:00@4717.27;2026-01-20T08:30:00@4705.54;2026-01-20T10:00:00@4725.91;2026-01-20T10:30:00@4716.05;2026-01-20T11:45:00@4737.41;2026-01-20T13:00:00@4721.59;2026-01-20T13:45:00@4735.41,4,,NA,NA,,NA,,NA,0,NA,,,2026-01-20T14:00:00,NO_SPIKE,0
d02b026b6827d1d6,M15,L3,LONG,DESIGN,2026-01-20T06:00:00,4680.48,4679.56,4682.53,2026-01-20T05:00:00@4666.20;2026-01-20T07:00:00@4701.35;2026-01-20T07:30:00@4694.33;2026-01-20T08:00:00@4717.27;2026-01-20T08:30:00@4705.54;2026-01-20T10:00:00@4725.91;2026-01-20T10:30:00@4716.05;2026-01-20T11:45:00@4737.41;2026-01-20T13:00:00@4721.59;2026-01-20T13:45:00@4735.41,4,,NA,NA,,NA,,NA,0,NA,,,2026-01-20T14:00:00,NO_SPIKE,0
8c1c8b5398b341b8,M15,L1,LONG,DESIGN,2026-01-20T06:45:00,4695.08,4688.79,4696.99,2026-01-20T05:00:00@4666.20;2026-01-20T07:00:00@4701.35;2026-01-20T07:30:00@4694.33,1,,NA,NA,,NA,,NA,0,NA,,,2026-01-20T07:45:00,STRUCTURE_FAILED,0
958e23f3d0d7d6ac,M15,L3,LONG,DESIGN,2026-01-20T06:45:00,4695.08,4688.79,4696.99,2026-01-20T05:00:00@4666.20;2026-01-20T07:00:00@4701.35;2026-01-20T07:30:00@4694.33,1,,NA,NA,,NA,,NA,0,NA,,,2026-01-20T07:45:00,STRUCTURE_FAILED,0
1910d75a2e3fa138,M15,L2,LONG,DESIGN,2026-01-20T09:15:00,4718.10,4714.82,4722.23,2026-01-20T08:30:00@4705.54;2026-01-20T10:00:00@4725.91;2026-01-20T10:30:00@4716.05,1,,NA,NA,,NA,,NA,0,NA,,,2026-01-20T10:45:00,STRUCTURE_FAILED,0
52e580d0098ae6e0,M15,L3,LONG,DESIGN,2026-01-20T16:00:00,4741.00,4732.44,4748.56,2026-01-20T15:30:00@4715.51;2026-01-20T16:30:00@4751.03;2026-01-20T16:45:00@4733.22,1,,NA,NA,,NA,,NA,0,NA,,,2026-01-20T17:00:00,STRUCTURE_FAILED,0
d7a31f51fba76c70,M15,L1,LONG,DESIGN,2026-01-21T01:30:00,4773.62,4758.71,4773.66,2026-01-21T01:15:00@4757.93;2026-01-21T01:45:00@4781.15;2026-01-21T02:00:00@4770.80,1,,NA,NA,,NA,,NA,0,NA,,,2026-01-21T02:15:00,STRUCTURE_FAILED,0
6eeea8d8baa6dafb,M15,L3,LONG,DESIGN,2026-01-21T01:30:00,4773.62,4758.71,4773.66,2026-01-21T01:15:00@4757.93;2026-01-21T01:45:00@4781.15;2026-01-21T02:00:00@4770.80,1,,NA,NA,,NA,,NA,0,NA,,,2026-01-21T02:15:00,STRUCTURE_FAILED,0
57139f808c53754c,M15,L2,LONG,DESIGN,2026-01-21T08:15:00,4883.78,4870.09,4888.52,2026-01-21T08:00:00@4864.34;2026-01-21T08:15:00@4888.52;2026-01-21T09:15:00@4832.63,1,,NA,NA,,NA,,NA,0,NA,,,2026-01-21T09:30:00,STRUCTURE_FAILED,0
4435682185f46b66,M15,L3,LONG,DESIGN,2026-01-21T15:30:00,4877.30,4867.07,4879.14,2026-01-21T14:45:00@4856.87;2026-01-21T16:00:00@4881.01;2026-01-21T16:15:00@4842.11,1,,NA,NA,,NA,,NA,0,NA,,,2026-01-21T16:30:00,STRUCTURE_FAILED,0
cc16c9e1c9c9d08b,M15,L3,SHORT,DESIGN,2026-01-21T17:15:00,4831.16,4812.82,4861.77,2026-01-21T17:00:00@4868.68;2026-01-21T17:15:00@4812.82;2026-01-21T18:00:00@4855.75,1,,NA,NA,,NA,,NA,0,NA,,,2026-01-21T18:15:00,STRUCTURE_FAILED,0
af69fd2fd19dea4a,M15,L2,LONG,DESIGN,2026-01-22T08:15:00,4825.56,4816.98,4829.21,2026-01-22T04:30:00@4774.79;2026-01-22T09:30:00@4839.03;2026-01-22T10:30:00@4822.14,1,,NA,NA,,NA,,NA,0,NA,,,2026-01-22T10:45:00,STRUCTURE_FAILED,0
a926a2894b9245ae,M15,L3,SHORT,DESIGN,2026-01-22T15:30:00,4813.83,4810.96,4828.39,2026-01-22T15:15:00@4835.35;2026-01-22T15:45:00@4810.78;2026-01-22T16:30:00@4847.57,1,,NA,NA,,NA,,NA,0,NA,,,2026-01-22T16:45:00,STRUCTURE_FAILED,0
91d5993205f7c9db,M15,L3,LONG,DESIGN,2026-01-22T16:30:00,4845.62,4828.14,4847.57,2026-01-22T15:45:00@4810.78;2026-01-22T16:30:00@4847.57;2026-01-22T17:00:00@4826.97,1,,NA,NA,,NA,,NA,0,NA,,,2026-01-22T17:15:00,STRUCTURE_FAILED,0
7d50eb54c5f9503b,M15,L3,LONG,DESIGN,2026-01-22T17:30:00,4863.34,4853.31,4865.83,2026-01-22T17:00:00@4826.97;2026-01-22T18:45:00@4885.26;2026-01-22T19:00:00@4869.93;2026-01-22T21:00:00@4924.35;2026-01-22T21:45:00@4905.87;2026-01-22T22:15:00@4928.29;2026-01-22T22:45:00@4914.16;2026-01-23T01:00:00@4960.04,4,2026-01-23T01:30:00,4930.92,2.724177,2026-01-23T05:15:00,4938.14,2026-01-23T11:15:00,4899.76,3,-1.59916667,2026-01-23T16:15:00,2026-01-23T17:45:00,2026-01-23T18:00:00,LINE_PASSED,0
239d5ae38172b0b7,M15,L1,LONG,DESIGN,2026-01-22T19:15:00,4889.81,4876.46,4893.99,2026-01-22T19:00:00@4869.93;2026-01-22T21:00:00@4924.35;2026-01-22T21:45:00@4905.87;2026-01-22T22:15:00@4928.29;2026-01-22T22:45:00@4914.16;2026-01-23T01:00:00@4960.04,3,2026-01-23T01:30:00,4930.92,2.724177,2026-01-23T05:15:00,4938.14,2026-01-23T11:15:00,4899.76,3,-1.59916667,2026-01-23T10:15:00,2026-01-23T13:30:00,2026-01-23T13:45:00,LINE_PASSED,0
fae0058e58f8dee1,M15,L3,LONG,DESIGN,2026-01-22T19:15:00,4889.81,4876.46,4893.99,2026-01-22T19:00:00@4869.93;2026-01-22T21:00:00@4924.35;2026-01-22T21:45:00@4905.87;2026-01-22T22:15:00@4928.29;2026-01-22T22:45:00@4914.16;2026-01-23T01:00:00@4960.04,3,2026-01-23T01:30:00,4930.92,2.724177,2026-01-23T05:15:00,4938.14,2026-01-23T11:15:00,4899.76,3,-1.59916667,2026-01-23T10:15:00,2026-01-23T13:30:00,2026-01-23T13:45:00,LINE_PASSED,0
630a01566aba2782,M15,L2,SHORT,DESIGN,2026-01-23T10:15:00,4913.85,4901.55,4942.96,2026-01-23T09:15:00@4959.44;2026-01-23T10:15:00@4901.55;2026-01-23T10:30:00@4926.40,1,,NA,NA,,NA,,NA,0,NA,,,2026-01-23T10:45:00,STRUCTURE_FAILED,0
275d632b7d791a44,M15,L2,LONG,DESIGN,2026-01-23T18:00:00,4971.08,4959.04,4976.66,2026-01-23T17:00:00@4938.27;2026-01-23T18:30:00@4987.95;2026-01-23T18:45:00@4975.83,1,,NA,NA,,NA,,NA,0,NA,,,2026-01-23T19:15:00,STRUCTURE_FAILED,0
d373bac42d85286e,M15,L3,LONG,DESIGN,2026-01-23T18:00:00,4971.08,4959.04,4976.66,2026-01-23T17:00:00@4938.27;2026-01-23T18:30:00@4987.95;2026-01-23T18:45:00@4975.83,1,,NA,NA,,NA,,NA,0,NA,,,2026-01-23T19:15:00,STRUCTURE_FAILED,0
f0bb9b7cb4ee77d7,M15,L2,LONG,DESIGN,2026-01-26T09:15:00,5095.24,5089.94,5095.70,2026-01-26T09:00:00@5074.17;2026-01-26T10:30:00@5098.29;2026-01-26T10:45:00@5080.08,1,,NA,NA,,NA,,NA,0,NA,,,2026-01-26T11:00:00,STRUCTURE_FAILED,0
1dfbc7e0dd4972e9,M15,L3,LONG,DESIGN,2026-01-26T09:15:00,5095.24,5089.94,5095.70,2026-01-26T09:00:00@5074.17;2026-01-26T10:30:00@5098.29;2026-01-26T10:45:00@5080.08,1,,NA,NA,,NA,,NA,0,NA,,,2026-01-26T11:00:00,STRUCTURE_FAILED,0
c9bda82f07a66a23,M15,L3,LONG,DESIGN,2026-01-26T18:00:00,5101.59,5089.64,5104.81,2026-01-26T17:30:00@5073.88;2026-01-26T18:00:00@5104.81;2026-01-26T18:30:00@5065.40,1,,NA,NA,,NA,,NA,0,NA,,,2026-01-26T18:45:00,STRUCTURE_FAILED,0
359c12fe6e1a561b,M15,L3,SHORT,DESIGN,2026-01-26T21:15:00,5027.54,5020.18,5061.27,2026-01-26T20:45:00@5082.93;2026-01-26T21:15:00@5020.18;2026-01-26T21:30:00@5043.69,1,,NA,NA,,NA,,NA,0,NA,,,2026-01-26T21:45:00,STRUCTURE_FAILED,0
82a7af9e50e7e233,M15,L3,LONG,DESIGN,2026-01-27T07:45:00,5083.01,5074.64,5085.18,2026-01-27T07:00:00@5057.55;2026-01-27T09:00:00@5094.53;2026-01-27T09:15:00@5081.56,1,,NA,NA,,NA,,NA,0,NA,,,2026-01-27T09:30:00,STRUCTURE_FAILED,0
c5a9ac44c6458cdd,M15,L2,LONG,DESIGN,2026-01-27T08:30:00,5085.65,5079.03,5088.57,2026-01-27T07:00:00@5057.55;2026-01-27T09:00:00@5094.53;2026-01-27T09:15:00@5081.56,1,,NA,NA,,NA,,NA,0,NA,,,2026-01-27T09:30:00,STRUCTURE_FAILED,0
b9abea47f5b4bc42,M15,L3,SHORT,DESIGN,2026-01-27T16:00:00,5060.23,5055.06,5077.40,2026-01-27T15:45:00@5082.38;2026-01-27T16:15:00@5046.46;2026-01-27T16:30:00@5082.54,1,,NA,NA,,NA,,NA,0,NA,,,2026-01-27T16:45:00,STRUCTURE_FAILED,0
16bfc2adeea92466,M15,L3,SHORT,DESIGN,2026-01-27T16:45:00,5054.23,5050.97,5079.42,2026-01-27T16:30:00@5082.54;2026-01-27T17:00:00@5047.30;2026-01-27T18:15:00@5103.17,1,,NA,NA,,NA,,NA,0,NA,,,2026-01-27T18:30:00,STRUCTURE_FAILED,0
16850414daa0ac51,M15,L3,LONG,DESIGN,2026-01-27T18:00:00,5095.09,5083.75,5098.58,2026-01-27T17:00:00@5047.30;2026-01-27T18:15:00@5103.17;2026-01-27T20:00:00@5076.15,1,,NA,NA,,NA,,NA,0,NA,,,2026-01-27T20:30:00,STRUCTURE_FAILED,0
94fbff36a67eb6f6,M15,L1,LONG,DESIGN,2026-01-27T22:00:00,5141.90,5097.94,5142.98,2026-01-27T21:00:00@5081.12;2026-01-27T22:15:00@5151.31;2026-01-27T22:30:00@5132.68,1,,NA,NA,,NA,,NA,0,NA,,,2026-01-27T22:45:00,STRUCTURE_FAILED,0
3c230023afd9e9d0,M15,L3,LONG,DESIGN,2026-01-27T22:00:00,5141.90,5097.94,5142.98,2026-01-27T21:00:00@5081.12;2026-01-27T22:15:00@5151.31;2026-01-27T22:30:00@5132.68,1,,NA,NA,,NA,,NA,0,NA,,,2026-01-27T22:45:00,STRUCTURE_FAILED,0
5cbeb4301be684c2,M15,L1,LONG,DESIGN,2026-01-28T03:00:00,5190.56,5168.79,5201.98,2026-01-28T02:00:00@5157.19;2026-01-28T03:00:00@5201.98;2026-01-28T03:15:00@5181.82,1,,NA,NA,,NA,,NA,0,NA,,,2026-01-28T03:30:00,STRUCTURE_FAILED,0
2ecfe8df9cfeeeea,M15,L3,LONG,DESIGN,2026-01-28T03:00:00,5190.56,5168.79,5201.98,2026-01-28T02:00:00@5157.19;2026-01-28T03:00:00@5201.98;2026-01-28T03:15:00@5181.82,1,,NA,NA,,NA,,NA,0,NA,,,2026-01-28T03:30:00,STRUCTURE_FAILED,0
60478c8c131b7d49,M15,L2,LONG,DESIGN,2026-01-28T08:45:00,5268.70,5257.25,5271.35,2026-01-28T08:15:00@5252.08;2026-01-28T10:30:00@5311.68;2026-01-28T11:30:00@5262.90,1,,NA,NA,,NA,,NA,0,NA,,,2026-01-28T11:45:00,STRUCTURE_FAILED,0
6e0f6a6a6acbc06a,M15,L3,LONG,DESIGN,2026-01-28T21:45:00,5325.42,5304.86,5332.35,2026-01-28T20:30:00@5268.29;2026-01-29T01:30:00@5597.97;2026-01-29T02:00:00@5450.86;2026-01-29T03:00:00@5527.07,1,,NA,NA,,NA,,NA,0,NA,,,2026-01-29T03:15:00,STRUCTURE_FAILED,0
59a3e065aa235a5b,M15,L2,SHORT,DESIGN,2026-01-29T17:00:00,5383.78,5366.84,5497.37,2026-01-29T16:15:00@5549.38;2026-01-29T17:30:00@5104.68;2026-01-29T18:30:00@5311.21;2026-01-29T18:45:00@5228.55,1,,NA,NA,,NA,,NA,0,NA,,,2026-01-29T19:00:00,STRUCTURE_FAILED,0
a37d700bee954a3e,M15,L3,SHORT,DESIGN,2026-01-29T17:00:00,5383.78,5366.84,5497.37,2026-01-29T16:15:00@5549.38;2026-01-29T17:30:00@5104.68;2026-01-29T18:30:00@5311.21;2026-01-29T18:45:00@5228.55,1,,NA,NA,,NA,,NA,0,NA,,,2026-01-29T19:00:00,STRUCTURE_FAILED,0
a3970906c4d968d2,M15,L3,SHORT,DESIGN,2026-01-29T17:15:00,5188.43,5113.59,5387.25,2026-01-29T16:15:00@5549.38;2026-01-29T17:30:00@5104.68;2026-01-29T18:30:00@5311.21,1,,NA,NA,,NA,,NA,0,NA,,,2026-01-29T18:45:00,STRUCTURE_FAILED,0
fbab9528600f6b6c,M15,L1,SHORT,DESIGN,2026-01-29T17:30:00,5122.15,5104.68,5257.78,2026-01-29T16:15:00@5549.38;2026-01-29T17:30:00@5104.68;2026-01-29T18:30:00@5311.21,1,,NA,NA,,NA,,NA,0,NA,,,2026-01-29T18:45:00,STRUCTURE_FAILED,0
66066f132264250a,M15,L3,SHORT,DESIGN,2026-01-29T17:30:00,5122.15,5104.68,5257.78,2026-01-29T16:15:00@5549.38;2026-01-29T17:30:00@5104.68;2026-01-29T18:30:00@5311.21,1,,NA,NA,,NA,,NA,0,NA,,,2026-01-29T18:45:00,STRUCTURE_FAILED,0
cd5c5825677a2a1f,M15,L3,SHORT,DESIGN,2026-01-30T04:00:00,5212.02,5195.56,5312.75,2026-01-30T03:30:00@5372.91;2026-01-30T04:15:00@5112.08;2026-01-30T04:45:00@5245.72,1,,NA,NA,,NA,,NA,0,NA,,,2026-01-30T05:00:00,STRUCTURE_FAILED,0
ec631be42cfffa3c,M15,L1,SHORT,DESIGN,2026-01-30T10:30:00,5096.19,5057.41,5154.84,2026-01-30T09:45:00@5184.98;2026-01-30T10:30:00@5057.41;2026-01-30T11:00:00@5131.77,1,,NA,NA,,NA,,NA,0,NA,,,2026-01-30T11:15:00,STRUCTURE_FAILED,0
aadd9b30ac7723d4,M15,L2,SHORT,DESIGN,2026-01-30T10:30:00,5096.19,5057.41,5154.84,2026-01-30T09:45:00@5184.98;2026-01-30T10:30:00@5057.41;2026-01-30T11:00:00@5131.77,1,,NA,NA,,NA,,NA,0,NA,,,2026-01-30T11:15:00,STRUCTURE_FAILED,0
45e0cde035382edb,M15,L3,SHORT,DESIGN,2026-01-30T10:30:00,5096.19,5057.41,5154.84,2026-01-30T09:45:00@5184.98;2026-01-30T10:30:00@5057.41;2026-01-30T11:00:00@5131.77,1,,NA,NA,,NA,,NA,0,NA,,,2026-01-30T11:15:00,STRUCTURE_FAILED,0
f11f0a4dbd78bd88,M15,L3,SHORT,DESIGN,2026-01-30T11:00:00,5028.71,5014.03,5131.77,2026-01-30T11:00:00@5131.77;2026-01-30T11:45:00@4938.83;2026-01-30T14:00:00@5145.80,1,,NA,NA,,NA,,NA,0,NA,,,2026-01-30T14:45:00,STRUCTURE_FAILED,0
0d5ff42bde5fc754,M15,L3,SHORT,DESIGN,2026-01-30T11:30:00,4976.46,4976.46,5068.68,2026-01-30T11:00:00@5131.77;2026-01-30T11:45:00@4938.83;2026-01-30T14:00:00@5145.80,1,,NA,NA,,NA,,NA,0,NA,,,2026-01-30T14:45:00,STRUCTURE_FAILED,0
61e1731118539656,M15,L3,SHORT,DESIGN,2026-01-30T19:00:00,4914.48,4899.57,4985.99,2026-01-30T17:45:00@5073.95;2026-01-30T20:30:00@4687.63;2026-01-30T21:00:00@4918.31,1,,NA,NA,,NA,,NA,0,NA,,,2026-01-30T21:15:00,STRUCTURE_FAILED,0
8bdaa1a9f6c7912e,M15,L1,SHORT,DESIGN,2026-02-02T03:00:00,4650.23,4585.85,4784.66,2026-02-02T02:15:00@4884.96;2026-02-02T03:00:00@4585.85;2026-02-02T04:30:00@4772.98,1,,NA,NA,,NA,,NA,0,NA,,,2026-02-02T04:45:00,STRUCTURE_FAILED,0
22efda1ca8464fe5,M15,L3,SHORT,DESIGN,2026-02-02T03:00:00,4650.23,4585.85,4784.66,2026-02-02T02:15:00@4884.96;2026-02-02T03:00:00@4585.85;2026-02-02T04:30:00@4772.98,1,,NA,NA,,NA,,NA,0,NA,,,2026-02-02T04:45:00,STRUCTURE_FAILED,0
9b05f99070fa3716,M15,L3,SHORT,DESIGN,2026-02-02T07:30:00,4576.68,4572.95,4658.48,2026-02-02T06:45:00@4713.31;2026-02-02T07:45:00@4498.00;2026-02-02T08:00:00@4573.23,1,,NA,NA,,NA,,NA,0,NA,,,2026-02-02T08:15:00,STRUCTURE_FAILED,0
0266394f80e14000,M15,L2,SHORT,DESIGN,2026-02-02T08:15:00,4486.23,4433.33,4549.87,2026-02-02T08:00:00@4573.23;2026-02-02T08:30:00@4402.24;2026-02-02T12:00:00@4733.86,1,,NA,NA,,NA,,NA,0,NA,,,2026-02-02T12:15:00,STRUCTURE_FAILED,0
eb6d80415977f0c3,M15,L3,LONG,DESIGN,2026-02-03T02:15:00,4820.87,4786.98,4829.04,2026-02-03T01:30:00@4716.52;2026-02-03T02:30:00@4830.49;2026-02-03T03:00:00@4766.11,1,,NA,NA,,NA,,NA,0,NA,,,2026-02-03T03:15:00,STRUCTURE_FAILED,0
f78099948c7242d4,M15,L2,LONG,DESIGN,2026-02-03T08:15:00,4871.24,4841.56,4875.28,2026-02-03T05:15:00@4751.97;2026-02-03T09:30:00@4933.52;2026-02-03T10:00:00@4898.85;2026-02-03T10:30:00@4949.40;2026-02-03T11:30:00@4883.80,2,,NA,NA,,NA,,NA,0,NA,,,2026-02-03T11:45:00,STRUCTURE_FAILED,0
32dab414ad64bf4c,M15,L3,LONG,DESIGN,2026-02-03T08:15:00,4871.24,4841.56,4875.28,2026-02-03T05:15:00@4751.97;2026-02-03T09:30:00@4933.52;2026-02-03T10:00:00@4898.85;2026-02-03T10:30:00@4949.40;2026-02-03T11:30:00@4883.80,2,,NA,NA,,NA,,NA,0,NA,,,2026-02-03T11:45:00,STRUCTURE_FAILED,0
5f3137d260494dc6,M15,L1,LONG,DESIGN,2026-02-03T08:30:00,4891.86,4868.73,4893.88,2026-02-03T05:15:00@4751.97;2026-02-03T09:30:00@4933.52;2026-02-03T10:00:00@4898.85;2026-02-03T10:30:00@4949.40;2026-02-03T11:30:00@4883.80,2,,NA,NA,,NA,,NA,0,NA,,,2026-02-03T11:45:00,STRUCTURE_FAILED,0
4c3ab7f6aca43e10,M15,L3,LONG,DESIGN,2026-02-03T18:15:00,4972.98,4941.55,4980.83,2026-02-03T17:30:00@4907.95;2026-02-03T18:30:00@4993.91;2026-02-03T19:00:00@4923.21,1,,NA,NA,,NA,,NA,0,NA,,,2026-02-03T19:15:00,STRUCTURE_FAILED,0
ca6c38c3399023d7,M15,L1,LONG,DESIGN,2026-02-04T02:45:00,5015.60,4986.76,5016.42,2026-02-04T02:30:00@4968.56;2026-02-04T03:15:00@5053.67;2026-02-04T03:30:00@5010.69,1,,NA,NA,,NA,,NA,0,NA,,,2026-02-04T03:45:00,STRUCTURE_FAILED,0
301c5f2b90c8d073,M15,L3,LONG,DESIGN,2026-02-04T02:45:00,5015.60,4986.76,5016.42,2026-02-04T02:30:00@4968.56;2026-02-04T03:15:00@5053.67;2026-02-04T03:30:00@5010.69,1,,NA,NA,,NA,,NA,0,NA,,,2026-02-04T03:45:00,STRUCTURE_FAILED,0
2c8fed1fa19b4b2e,M15,L3,SHORT,DESIGN,2026-02-04T12:15:00,5044.47,5041.55,5056.68,2026-02-04T12:00:00@5064.40;2026-02-04T12:15:00@5041.55;2026-02-04T12:30:00@5061.49,1,,NA,NA,,NA,,NA,0,NA,,,2026-02-04T13:00:00,STRUCTURE_FAILED,0
199da9ccddd789e2,M15,L3,SHORT,DESIGN,2026-02-04T16:30:00,4995.13,4967.22,5038.11,2026-02-04T15:45:00@5063.59;2026-02-04T16:30:00@4967.22;2026-02-04T16:45:00@5017.66,1,,NA,NA,,NA,,NA,0,NA,,,2026-02-04T17:00:00,STRUCTURE_FAILED,0
744a11a2a0558a34,M15,L2,SHORT,DESIGN,2026-02-04T17:45:00,4919.65,4910.31,4950.50,2026-02-04T17:45:00@4950.50;2026-02-04T18:15:00@4889.99;2026-02-04T18:30:00@4934.85,1,,NA,NA,,NA,,NA,0,NA,,,2026-02-04T18:45:00,STRUCTURE_FAILED,0
9f858e0aef292976,M15,L1,SHORT,DESIGN,2026-02-05T04:45:00,4811.50,4805.45,4900.92,2026-02-05T04:30:00@4940.55;2026-02-05T05:00:00@4789.52;2026-02-05T05:15:00@4888.00,1,,NA,NA,,NA,,NA,0,NA,,,2026-02-05T05:30:00,STRUCTURE_FAILED,0
3042b494e9d2860d,M15,L3,SHORT,DESIGN,2026-02-05T04:45:00,4811.50,4805.45,4900.92,2026-02-05T04:30:00@4940.55;2026-02-05T05:00:00@4789.52;2026-02-05T05:15:00@4888.00,1,,NA,NA,,NA,,NA,0,NA,,,2026-02-05T05:30:00,STRUCTURE_FAILED,0
b87caa17fb9e695b,M15,L3,SHORT,DESIGN,2026-02-05T23:30:00,4766.04,4759.54,4804.58,2026-02-05T23:00:00@4826.07;2026-02-06T02:15:00@4655.29;2026-02-06T02:45:00@4764.55,1,,NA,NA,,NA,,NA,0,NA,,,2026-02-06T03:00:00,STRUCTURE_FAILED,0
45831d72fae0ca2d,M15,L1,SHORT,DESIGN,2026-02-06T01:15:00,4752.43,4749.32,4773.00,2026-02-05T23:00:00@4826.07;2026-02-06T02:15:00@4655.29;2026-02-06T02:45:00@4764.55,1,,NA,NA,,NA,,NA,0,NA,,,2026-02-06T03:00:00,STRUCTURE_FAILED,0
04b7037bf2e22406,M15,L3,SHORT,DESIGN,2026-02-06T01:30:00,4742.53,4732.49,4756.99,2026-02-05T23:00:00@4826.07;2026-02-06T02:15:00@4655.29;2026-02-06T02:45:00@4764.55,1,,NA,NA,,NA,,NA,0,NA,,,2026-02-06T03:00:00,STRUCTURE_FAILED,0
cdacffbea0973994,M15,L3,LONG,DESIGN,2026-02-06T07:15:00,4850.95,4819.27,4852.42,2026-02-06T05:30:00@4800.86;2026-02-06T08:00:00@4903.23;2026-02-06T08:45:00@4825.54,1,,NA,NA,,NA,,NA,0,NA,,,2026-02-06T09:00:00,STRUCTURE_FAILED,0
cb89a32ccd0516b7,M15,L2,LONG,DESIGN,2026-02-06T14:45:00,4901.71,4894.12,4903.19,2026-02-06T14:15:00@4870.80;2026-02-06T15:30:00@4938.42;2026-02-06T16:15:00@4894.32,1,,NA,NA,,NA,,NA,0,NA,,,2026-02-06T16:30:00,STRUCTURE_FAILED,0
8f864191d52f5bbf,M15,L3,LONG,DESIGN,2026-02-06T15:00:00,4909.48,4897.04,4926.36,2026-02-06T14:15:00@4870.80;2026-02-06T15:30:00@4938.42;2026-02-06T16:15:00@4894.32,1,,NA,NA,,NA,,NA,0,NA,,,2026-02-06T16:30:00,STRUCTURE_FAILED,0
fe8998fc86450c11,M15,L3,LONG,DESIGN,2026-02-06T16:45:00,4947.97,4927.58,4949.81,2026-02-06T16:15:00@4894.32;2026-02-06T17:00:00@4964.61;2026-02-06T17:15:00@4936.06,1,,NA,NA,,NA,,NA,0,NA,,,2026-02-06T17:30:00,STRUCTURE_FAILED,0
d8c5cfd60f8d9423,M15,L3,LONG,DESIGN,2026-02-09T01:30:00,5041.24,5019.91,5043.69,2026-02-06T22:30:00@4936.54;2026-02-09T01:45:00@5047.27;2026-02-09T03:00:00@5005.30,1,,NA,NA,,NA,,NA,0,NA,,,2026-02-09T03:15:00,STRUCTURE_FAILED,0
5fbbf346d9e6bd85,M15,L3,SHORT,DESIGN,2026-02-09T12:15:00,4992.79,4985.22,5015.40,2026-02-09T11:00:00@5040.81;2026-02-09T12:30:00@4982.08;2026-02-09T14:30:00@5021.47,1,,NA,NA,,NA,,NA,0,NA,,,2026-02-09T14:45:00,STRUCTURE_FAILED,0
b031f482415765f5,M15,L2,LONG,DESIGN,2026-02-09T17:30:00,5055.55,5032.89,5056.27,2026-02-09T17:15:00@5023.73;2026-02-09T18:45:00@5080.78;2026-02-09T19:45:00@5040.82,1,,NA,NA,,NA,,NA,0,NA,,,2026-02-09T20:00:00,STRUCTURE_FAILED,0
3ee1eab75564727f,M15,L3,LONG,DESIGN,2026-02-09T17:30:00,5055.55,5032.89,5056.27,2026-02-09T17:15:00@5023.73;2026-02-09T18:45:00@5080.78;2026-02-09T19:45:00@5040.82,1,,NA,NA,,NA,,NA,0,NA,,,2026-02-09T20:00:00,STRUCTURE_FAILED,0
a78f7dd130b760eb,M15,L2,LONG,DESIGN,2026-02-10T16:15:00,5070.03,5055.22,5074.97,2026-02-10T14:45:00@5019.86;2026-02-10T16:30:00@5078.56;2026-02-10T16:45:00@5020.84,1,,NA,NA,,NA,,NA,0,NA,,,2026-02-10T17:00:00,STRUCTURE_FAILED,0
130e57265c4ebd79,M15,L3,LONG,DESIGN,2026-02-10T16:15:00,5070.03,5055.22,5074.97,2026-02-10T14:45:00@5019.86;2026-02-10T16:30:00@5078.56;2026-02-10T16:45:00@5020.84,1,,NA,NA,,NA,,NA,0,NA,,,2026-02-10T17:00:00,STRUCTURE_FAILED,0
fd718f921b4195ff,M15,L3,SHORT,DESIGN,2026-02-10T17:30:00,5013.56,4998.14,5037.32,2026-02-10T17:15:00@5048.01;2026-02-10T17:30:00@4998.14;2026-02-10T17:45:00@5029.79,1,,NA,NA,,NA,,NA,0,NA,,,2026-02-10T18:00:00,STRUCTURE_FAILED,0
0eb1c582cab99199,M15,L3,SHORT,DESIGN,2026-02-10T20:15:00,5008.13,5004.83,5018.40,2026-02-10T19:45:00@5040.33;2026-02-10T20:15:00@5004.83;2026-02-10T22:45:00@5045.35,1,,NA,NA,,NA,,NA,0,NA,,,2026-02-10T23:00:00,STRUCTURE_FAILED,0
8b002bf1ddc5c4ae,M15,L3,LONG,DESIGN,2026-02-11T05:15:00,5056.97,5045.18,5059.19,2026-02-11T04:15:00@5032.51;2026-02-11T05:45:00@5060.98;2026-02-11T07:00:00@5043.46,1,,NA,NA,,NA,,NA,0,NA,,,2026-02-11T07:15:00,STRUCTURE_FAILED,0
36b18888a51ed527,M15,L2,LONG,DESIGN,2026-02-11T08:45:00,5063.94,5052.09,5064.52,2026-02-11T07:45:00@5046.27;2026-02-11T09:00:00@5068.89;2026-02-11T09:45:00@5048.95,1,,NA,NA,,NA,,NA,0,NA,,,2026-02-11T10:00:00,STRUCTURE_FAILED,0
27373e8143ef9d54,M15,L1,LONG,DESIGN,2026-02-11T12:30:00,5096.67,5067.88,5100.56,2026-02-11T12:00:00@5062.27;2026-02-11T12:45:00@5101.02;2026-02-11T13:00:00@5082.39,1,,NA,NA,,NA,,NA,0,NA,,,2026-02-11T13:15:00,STRUCTURE_FAILED,0
f730bc18d628b0c0,M15,L3,LONG,DESIGN,2026-02-11T12:30:00,5096.67,5067.88,5100.56,2026-02-11T12:00:00@5062.27;2026-02-11T12:45:00@5101.02;2026-02-11T13:00:00@5082.39,1,,NA,NA,,NA,,NA,0,NA,,,2026-02-11T13:15:00,STRUCTURE_FAILED,0
1b433ba804aca239,M15,L3,SHORT,DESIGN,2026-02-11T16:30:00,5040.07,5035.21,5076.59,2026-02-11T16:15:00@5083.48;2026-02-11T16:30:00@5035.21;2026-02-11T17:00:00@5081.87,1,,NA,NA,,NA,,NA,0,NA,,,2026-02-11T17:15:00,STRUCTURE_FAILED,0
74b26982875a317b,M15,L2,SHORT,DESIGN,2026-02-12T16:45:00,5044.36,5038.39,5061.36,2026-02-12T15:45:00@5083.78;2026-02-12T16:45:00@5038.39;2026-02-12T17:45:00@5074.84,1,,NA,NA,,NA,,NA,0,NA,,,2026-02-12T18:00:00,STRUCTURE_FAILED,0
fe4903b623a2805f,M15,L3,SHORT,DESIGN,2026-02-12T16:45:00,5044.36,5038.39,5061.36,2026-02-12T15:45:00@5083.78;2026-02-12T16:45:00@5038.39;2026-02-12T17:45:00@5074.84,1,,NA,NA,,NA,,NA,0,NA,,,2026-02-12T18:00:00,STRUCTURE_FAILED,0
ede7eea33bc9fe65,M15,L1,SHORT,DESIGN,2026-02-12T18:00:00,4955.87,4948.45,5068.29,2026-02-12T17:45:00@5074.84;2026-02-12T18:15:00@4878.23;2026-02-12T18:30:00@4968.95,1,,NA,NA,,NA,,NA,0,NA,,,2026-02-12T18:45:00,STRUCTURE_FAILED,0
f6fb396abda58370,M15,L3,SHORT,DESIGN,2026-02-12T18:00:00,4955.87,4948.45,5068.29,2026-02-12T17:45:00@5074.84;2026-02-12T18:15:00@4878.23;2026-02-12T18:30:00@4968.95,1,,NA,NA,,NA,,NA,0,NA,,,2026-02-12T18:45:00,STRUCTURE_FAILED,0
9f7a32c5e5a38ab3,M15,L3,SHORT,DESIGN,2026-02-12T18:15:00,4896.99,4878.23,4965.76,2026-02-12T17:45:00@5074.84;2026-02-12T18:15:00@4878.23;2026-02-12T18:30:00@4968.95,1,,NA,NA,,NA,,NA,0,NA,,,2026-02-12T18:45:00,STRUCTURE_FAILED,0
3c0dc28238431143,M15,L3,SHORT,DESIGN,2026-02-13T13:30:00,4944.13,4935.34,4948.65,,0,,NA,NA,,NA,,NA,0,NA,,,2026-02-13T15:15:00,NO_LEG1,0
721f2638cb204dc7,M15,L2,LONG,DESIGN,2026-02-13T16:00:00,4997.72,4984.93,5000.84,2026-02-13T15:45:00@4972.57;2026-02-13T16:30:00@5011.34;2026-02-13T16:45:00@4988.51,1,,NA,NA,,NA,,NA,0,NA,,,2026-02-13T17:00:00,STRUCTURE_FAILED,0
50b61ae0b93c6c62,M15,L3,LONG,DESIGN,2026-02-13T16:00:00,4997.72,4984.93,5000.84,2026-02-13T15:45:00@4972.57;2026-02-13T16:30:00@5011.34;2026-02-13T16:45:00@4988.51,1,,NA,NA,,NA,,NA,0,NA,,,2026-02-13T17:00:00,STRUCTURE_FAILED,0
2818850d3bca6649,M15,L1,SHORT,DESIGN,2026-02-17T02:45:00,4935.63,4932.14,4970.33,2026-02-17T01:15:00@5001.16;2026-02-17T03:00:00@4923.21;2026-02-17T04:15:00@4971.55,1,,NA,NA,,NA,,NA,0,NA,,,2026-02-17T04:30:00,STRUCTURE_FAILED,0
57360b3bf3193c76,M15,L3,SHORT,DESIGN,2026-02-17T02:45:00,4935.63,4932.14,4970.33,2026-02-17T01:15:00@5001.16;2026-02-17T03:00:00@4923.21;2026-02-17T04:15:00@4971.55,1,,NA,NA,,NA,,NA,0,NA,,,2026-02-17T04:30:00,STRUCTURE_FAILED,0
f5e9d8e51fc23890,M15,L3,SHORT,DESIGN,2026-02-17T07:00:00,4928.39,4927.05,4954.19,2026-02-17T06:30:00@4960.18;2026-02-17T07:30:00@4858.70;2026-02-17T10:00:00@4930.33,1,,NA,NA,,NA,,NA,0,NA,,,2026-02-17T10:30:00,STRUCTURE_FAILED,0
3897bb139fe1bf0e,M15,L3,SHORT,DESIGN,2026-02-17T07:15:00,4900.61,4888.31,4928.54,2026-02-17T06:30:00@4960.18;2026-02-17T07:30:00@4858.70;2026-02-17T10:00:00@4930.33,1,,NA,NA,,NA,,NA,0,NA,,,2026-02-17T10:30:00,STRUCTURE_FAILED,0
e0dd524e63aa2114,M15,L3,SHORT,DESIGN,2026-02-17T07:30:00,4880.07,4858.70,4902.46,2026-02-17T06:30:00@4960.18;2026-02-17T07:30:00@4858.70;2026-02-17T10:00:00@4930.33,1,,NA,NA,,NA,,NA,0,NA,,,2026-02-17T10:30:00,STRUCTURE_FAILED,0
998cf070aa2a3cf4,M15,L3,SHORT,DESIGN,2026-02-17T15:45:00,4870.67,4868.59,4924.46,2026-02-17T14:15:00@4944.55;2026-02-17T16:00:00@4841.62;2026-02-17T16:30:00@4907.40,1,,NA,NA,,NA,,NA,0,NA,,,2026-02-17T16:45:00,STRUCTURE_FAILED,0
c3cefbd8a40c6f94,M15,L2,SHORT,DESIGN,2026-02-17T17:00:00,4857.12,4848.70,4872.66,2026-02-17T16:30:00@4907.40;2026-02-17T17:00:00@4848.70;2026-02-17T17:15:00@4877.83,1,,NA,NA,,NA,,NA,0,NA,,,2026-02-17T17:30:00,STRUCTURE_FAILED,0
19fd5abdf20c7e46,M15,L3,SHORT,DESIGN,2026-02-17T17:00:00,4857.12,4848.70,4872.66,2026-02-17T16:30:00@4907.40;2026-02-17T17:00:00@4848.70;2026-02-17T17:15:00@4877.83,1,,NA,NA,,NA,,NA,0,NA,,,2026-02-17T17:30:00,STRUCTURE_FAILED,0
0755c962b5f616d8,M15,L3,LONG,DESIGN,2026-02-18T05:00:00,4912.22,4904.28,4916.26,2026-02-18T01:45:00@4853.64;2026-02-18T06:45:00@4940.00;2026-02-18T07:00:00@4930.04;2026-02-18T07:30:00@4940.13;2026-02-18T08:15:00@4925.17,2,,NA,NA,,NA,,NA,0,NA,,,2026-02-18T08:45:00,STRUCTURE_FAILED,0
75288925529c9081,M15,L2,LONG,DESIGN,2026-02-18T14:45:00,4942.36,4928.24,4947.40,2026-02-18T13:45:00@4906.32;2026-02-18T15:30:00@4968.87;2026-02-18T15:45:00@4948.99;2026-02-18T17:15:00@5009.00;2026-02-18T18:15:00@4991.43;2026-02-18T18:45:00@5011.23;2026-02-18T19:30:00@4993.53;2026-02-18T20:00:00@5003.34,3,,NA,NA,,NA,,NA,0,NA,,,2026-02-18T20:15:00,NO_SPIKE,0
d4b77bb3762f52e6,M15,L3,LONG,DESIGN,2026-02-18T14:45:00,4942.36,4928.24,4947.40,2026-02-18T13:45:00@4906.32;2026-02-18T15:30:00@4968.87;2026-02-18T15:45:00@4948.99;2026-02-18T17:15:00@5009.00;2026-02-18T18:15:00@4991.43;2026-02-18T18:45:00@5011.23;2026-02-18T19:30:00@4993.53;2026-02-18T20:00:00@5003.34,3,,NA,NA,,NA,,NA,0,NA,,,2026-02-18T20:15:00,NO_SPIKE,0
33868575ccb51418,M15,L3,LONG,DESIGN,2026-02-18T15:00:00,4957.47,4942.44,4959.46,2026-02-18T13:45:00@4906.32;2026-02-18T15:30:00@4968.87;2026-02-18T15:45:00@4948.99,1,,NA,NA,,NA,,NA,0,NA,,,2026-02-18T16:00:00,STRUCTURE_FAILED,0
62574769adfd2d1a,M15,L1,LONG,DESIGN,2026-02-18T17:00:00,5004.13,4991.49,5007.93,2026-02-18T15:45:00@4948.99;2026-02-18T17:15:00@5009.00;2026-02-18T18:15:00@4991.43,1,,NA,NA,,NA,,NA,0,NA,,,2026-02-18T18:30:00,STRUCTURE_FAILED,0
f79f272408bc1294,M15,L3,LONG,DESIGN,2026-02-18T17:00:00,5004.13,4991.49,5007.93,2026-02-18T15:45:00@4948.99;2026-02-18T17:15:00@5009.00;2026-02-18T18:15:00@4991.43,1,,NA,NA,,NA,,NA,0,NA,,,2026-02-18T18:30:00,STRUCTURE_FAILED,0
13d9a2cbf8367771,M15,L3,SHORT,DESIGN,2026-02-19T02:00:00,4968.07,4961.25,4976.34,2026-02-19T01:30:00@4988.92;2026-02-19T02:00:00@4961.25;2026-02-19T02:30:00@4973.21,1,,NA,NA,,NA,,NA,0,NA,,,2026-02-19T02:45:00,STRUCTURE_FAILED,0
83587d72ff608617,M15,L3,LONG,DESIGN,2026-02-19T07:00:00,4990.44,4984.22,4993.50,2026-02-19T06:45:00@4976.86;2026-02-19T09:00:00@5021.82;2026-02-19T10:00:00@5006.26;2026-02-19T10:45:00@5021.96;2026-02-19T11:30:00@4993.43,2,,NA,NA,,NA,,NA,0,NA,,,2026-02-19T11:45:00,STRUCTURE_FAILED,0
69803c3db5bff549,M15,L2,LONG,DESIGN,2026-02-19T08:00:00,4999.06,4996.62,5000.14,2026-02-19T06:45:00@4976.86;2026-02-19T09:00:00@5021.82;2026-02-19T10:00:00@5006.26;2026-02-19T10:45:00@5021.96;2026-02-19T11:30:00@4993.43,2,,NA,NA,,NA,,NA,0,NA,,,2026-02-19T11:45:00,STRUCTURE_FAILED,0
df9dea76bf5c4485,M15,L1,LONG,DESIGN,2026-02-19T08:45:00,5018.42,5009.05,5020.35,2026-02-19T06:45:00@4976.86;2026-02-19T09:00:00@5021.82;2026-02-19T10:00:00@5006.26,1,,NA,NA,,NA,,NA,0,NA,,,2026-02-19T10:15:00,STRUCTURE_FAILED,0
e05c3c765b7145e8,M15,L3,LONG,DESIGN,2026-02-19T08:45:00,5018.42,5009.05,5020.35,2026-02-19T06:45:00@4976.86;2026-02-19T09:00:00@5021.82;2026-02-19T10:00:00@5006.26,1,,NA,NA,,NA,,NA,0,NA,,,2026-02-19T10:15:00,STRUCTURE_FAILED,0
68d0fe429e01cec4,M15,L2,LONG,DESIGN,2026-02-20T08:00:00,5016.54,5011.63,5020.03,2026-02-20T05:30:00@4981.68;2026-02-20T08:15:00@5029.79;2026-02-20T10:00:00@5005.12,1,,NA,NA,,NA,,NA,0,NA,,,2026-02-20T10:15:00,STRUCTURE_FAILED,0
0fd55cce74f3bb45,M15,L3,LONG,DESIGN,2026-02-20T08:00:00,5016.54,5011.63,5020.03,2026-02-20T05:30:00@4981.68;2026-02-20T08:15:00@5029.79;2026-02-20T10:00:00@5005.12,1,,NA,NA,,NA,,NA,0,NA,,,2026-02-20T10:15:00,STRUCTURE_FAILED,0
1770d98b80a7c021,M15,L1,LONG,DESIGN,2026-02-20T08:15:00,5022.42,5016.44,5029.79,2026-02-20T05:30:00@4981.68;2026-02-20T08:15:00@5029.79;2026-02-20T10:00:00@5005.12,1,,NA,NA,,NA,,NA,0,NA,,,2026-02-20T10:15:00,STRUCTURE_FAILED,0
5ff657e0bacb386d,M15,L3,LONG,DESIGN,2026-02-20T08:15:00,5022.42,5016.44,5029.79,2026-02-20T05:30:00@4981.68;2026-02-20T08:15:00@5029.79;2026-02-20T10:00:00@5005.12,1,,NA,NA,,NA,,NA,0,NA,,,2026-02-20T10:15:00,STRUCTURE_FAILED,0
62c8e385439d79d6,M15,L3,LONG,DESIGN,2026-02-20T11:00:00,5038.98,5028.08,5040.67,2026-02-20T10:00:00@5005.12;2026-02-20T11:15:00@5042.50;2026-02-20T12:00:00@5019.75,1,,NA,NA,,NA,,NA,0,NA,,,2026-02-20T12:15:00,STRUCTURE_FAILED,0
3b06030e324d73bd,M15,L3,LONG,DESIGN,2026-02-20T15:45:00,5043.93,5030.93,5048.65,2026-02-20T14:30:00@5006.91;2026-02-20T15:45:00@5048.65;2026-02-20T16:00:00@5037.27,1,,NA,NA,,NA,,NA,0,NA,,,2026-02-20T16:30:00,STRUCTURE_FAILED,0
003bbfea16699858,M15,L3,LONG,DESIGN,2026-02-20T16:30:00,5052.82,5037.64,5054.85,2026-02-20T16:00:00@5037.27;2026-02-20T17:00:00@5064.27;2026-02-20T17:15:00@5011.38,1,,NA,NA,,NA,,NA,0,NA,,,2026-02-20T17:30:00,STRUCTURE_FAILED,0
eb0c26cc6235e019,M15,L1,LONG,DESIGN,2026-02-23T01:00:00,5146.66,5098.34,5146.66,2026-02-20T20:15:00@5054.26;2026-02-23T01:45:00@5171.62;2026-02-23T02:15:00@5129.34,1,,NA,NA,,NA,,NA,0,NA,,,2026-02-23T02:30:00,STRUCTURE_FAILED,0
3338e05de6dd8368,M15,L3,LONG,DESIGN,2026-02-23T04:30:00,5174.43,5161.08,5176.58,2026-02-23T02:45:00@5134.85;2026-02-23T04:45:00@5176.59;2026-02-23T05:00:00@5152.56,1,,NA,NA,,NA,,NA,0,NA,,,2026-02-23T05:30:00,STRUCTURE_FAILED,0
128e34b6aba93276,M15,L4,SHORT,DESIGN,2026-02-23T08:30:00,5148.39,5147.32,5156.86,2026-02-23T05:45:00@5171.26;2026-02-23T09:30:00@5125.17;2026-02-23T10:15:00@5139.64;2026-02-23T10:30:00@5122.30;2026-02-23T12:45:00@5163.77,2,,NA,NA,,NA,,NA,0,NA,,,2026-02-23T13:00:00,STRUCTURE_FAILED,0
6f932eb415573cce,M15,L2,SHORT,DESIGN,2026-02-23T10:15:00,5125.12,5122.73,5139.64,2026-02-23T10:15:00@5139.64;2026-02-23T10:30:00@5122.30;2026-02-23T12:45:00@5163.77,1,,NA,NA,,NA,,NA,0,NA,,,2026-02-23T13:00:00,STRUCTURE_FAILED,0
d09c3630549f640f,M15,L2,LONG,DESIGN,2026-02-23T16:30:00,5190.09,5164.95,5190.53,2026-02-23T15:15:00@5143.68;2026-02-23T16:45:00@5200.68;2026-02-23T17:00:00@5180.72,1,,NA,NA,,NA,,NA,0,NA,,,2026-02-23T17:15:00,STRUCTURE_FAILED,0
5fad269f125b1561,M15,L3,LONG,DESIGN,2026-02-23T16:30:00,5190.09,5164.95,5190.53,2026-02-23T15:15:00@5143.68;2026-02-23T16:45:00@5200.68;2026-02-23T17:00:00@5180.72,1,,NA,NA,,NA,,NA,0,NA,,,2026-02-23T17:15:00,STRUCTURE_FAILED,0
fc9774c49bd46ba5,M15,L4,LONG,DESIGN,2026-02-23T16:30:00,5190.09,5164.95,5190.53,2026-02-23T15:15:00@5143.68;2026-02-23T16:45:00@5200.68;2026-02-23T17:00:00@5180.72,1,,NA,NA,,NA,,NA,0,NA,,,2026-02-23T17:15:00,STRUCTURE_FAILED,0
08e04373365073b0,M15,L3,LONG,DESIGN,2026-02-23T22:00:00,5223.24,5214.93,5224.37,2026-02-23T20:15:00@5201.16;2026-02-23T22:45:00@5237.81;2026-02-24T01:00:00@5222.56,1,,NA,NA,,NA,,NA,0,NA,,,2026-02-24T01:15:00,STRUCTURE_FAILED,0
d6ee7653c3343608,M15,L1,LONG,DESIGN,2026-02-24T01:00:00,5244.46,5222.56,5249.16,2026-02-24T01:00:00@5222.56;2026-02-24T01:15:00@5249.88;2026-02-24T02:00:00@5217.63,1,,NA,NA,,NA,,NA,0,NA,,,2026-02-24T02:15:00,STRUCTURE_FAILED,0
ddbb9bc2fdfd952c,M15,L4,SHORT,DESIGN,2026-02-24T14:15:00,5161.58,5146.93,5168.49,2026-02-24T13:45:00@5178.58;2026-02-24T14:15:00@5146.93;2026-02-24T14:30:00@5164.68,1,,NA,NA,,NA,,NA,0,NA,,,2026-02-24T14:45:00,STRUCTURE_FAILED,0
0e2af67e295cbb56,M15,L3,SHORT,DESIGN,2026-02-24T14:45:00,5150.94,5144.60,5158.87,2026-02-24T14:30:00@5164.68;2026-02-24T14:45:00@5144.60;2026-02-24T15:00:00@5161.10,1,,NA,NA,,NA,,NA,0,NA,,,2026-02-24T15:30:00,STRUCTURE_FAILED,0
6222facc1b684d92,M15,L2,SHORT,DESIGN,2026-02-24T15:45:00,5115.26,5111.24,5146.21,2026-02-24T15:00:00@5161.10;2026-02-24T16:00:00@5092.51;2026-02-24T16:45:00@5139.20,1,,NA,NA,,NA,,NA,0,NA,,,2026-02-24T17:00:00,STRUCTURE_FAILED,0
9f5ee6b52bd1c663,M15,L3,SHORT,DESIGN,2026-02-24T15:45:00,5115.26,5111.24,5146.21,2026-02-24T15:00:00@5161.10;2026-02-24T16:00:00@5092.51;2026-02-24T16:45:00@5139.20,1,,NA,NA,,NA,,NA,0,NA,,,2026-02-24T17:00:00,STRUCTURE_FAILED,0
9dce829c4a801bb4,M15,L3,LONG,DESIGN,2026-02-25T03:00:00,5174.50,5144.44,5176.67,2026-02-25T02:00:00@5136.94;2026-02-25T03:30:00@5190.30;2026-02-25T03:45:00@5174.83,1,,NA,NA,,NA,,NA,0,NA,,,2026-02-25T04:00:00,STRUCTURE_FAILED,0
c696ce74cd6aab02,M15,L3,LONG,DESIGN,2026-02-25T07:15:00,5195.46,5187.72,5195.74,2026-02-25T06:00:00@5172.67;2026-02-25T07:45:00@5210.54;2026-02-25T08:00:00@5182.15,1,,NA,NA,,NA,,NA,0,NA,,,2026-02-25T08:15:00,STRUCTURE_FAILED,0
6d3f719285e09a7f,M15,L2,LONG,DESIGN,2026-02-25T18:45:00,5212.28,5206.70,5213.92,2026-02-25T17:30:00@5172.63;2026-02-25T19:00:00@5217.76;2026-02-25T21:00:00@5191.88,1,,NA,NA,,NA,,NA,0,NA,,,2026-02-25T21:15:00,STRUCTURE_FAILED,0
ed2e0b21b0ed2dd7,M15,L3,LONG,DESIGN,2026-02-25T18:45:00,5212.28,5206.70,5213.92,2026-02-25T17:30:00@5172.63;2026-02-25T19:00:00@5217.76;2026-02-25T21:00:00@5191.88,1,,NA,NA,,NA,,NA,0,NA,,,2026-02-25T21:15:00,STRUCTURE_FAILED,0
75144fecb9bfaf3d,M15,L3,SHORT,DESIGN,2026-02-25T22:45:00,5152.04,5145.58,5181.54,2026-02-25T21:45:00@5208.54;2026-02-25T22:45:00@5145.58;2026-02-26T01:00:00@5181.68,1,,NA,NA,,NA,,NA,0,NA,,,2026-02-26T01:15:00,STRUCTURE_FAILED,0
82b036c0ceb9bc7f,M15,L3,LONG,DESIGN,2026-02-26T07:15:00,5200.54,5196.57,5205.71,2026-02-26T04:30:00@5174.21;2026-02-26T07:15:00@5205.71;2026-02-26T10:45:00@5167.87,1,,NA,NA,,NA,,NA,0,NA,,,2026-02-26T11:00:00,STRUCTURE_FAILED,0
87b630fe2ce0da51,M15,L2,SHORT,DESIGN,2026-02-26T17:15:00,5141.47,5130.07,5163.33,2026-02-26T16:45:00@5176.45;2026-02-26T17:15:00@5130.07;2026-02-26T17:45:00@5192.90,1,,NA,NA,,NA,,NA,0,NA,,,2026-02-26T18:00:00,STRUCTURE_FAILED,0
fc70d37f9fc02943,M15,L3,SHORT,DESIGN,2026-02-26T17:15:00,5141.47,5130.07,5163.33,2026-02-26T16:45:00@5176.45;2026-02-26T17:15:00@5130.07;2026-02-26T17:45:00@5192.90,1,,NA,NA,,NA,,NA,0,NA,,,2026-02-26T18:00:00,STRUCTURE_FAILED,0
d0059eb0ef8f90f4,M15,L3,LONG,DESIGN,2026-02-26T22:00:00,5196.91,5186.75,5198.09,2026-02-26T19:45:00@5162.07;2026-02-26T22:45:00@5200.95;2026-02-27T01:00:00@5175.87,1,,NA,NA,,NA,,NA,0,NA,,,2026-02-27T01:15:00,STRUCTURE_FAILED,0
edbbefea65fc4ac6,M15,L1,LONG,DESIGN,2026-02-27T15:00:00,5212.96,5186.91,5214.95,2026-02-27T14:45:00@5183.04;2026-02-27T15:15:00@5240.48;2026-02-27T15:30:00@5207.51,1,,NA,NA,,NA,,NA,0,NA,,,2026-02-27T15:45:00,STRUCTURE_FAILED,0
b2e9f71fd85ef6fa,M15,L2,LONG,DESIGN,2026-02-27T15:00:00,5212.96,5186.91,5214.95,2026-02-27T14:45:00@5183.04;2026-02-27T15:15:00@5240.48;2026-02-27T15:30:00@5207.51,1,,NA,NA,,NA,,NA,0,NA,,,2026-02-27T15:45:00,STRUCTURE_FAILED,0
159bd9d387cb5918,M15,L3,LONG,DESIGN,2026-02-27T15:00:00,5212.96,5186.91,5214.95,2026-02-27T14:45:00@5183.04;2026-02-27T15:15:00@5240.48;2026-02-27T15:30:00@5207.51,1,,NA,NA,,NA,,NA,0,NA,,,2026-02-27T15:45:00,STRUCTURE_FAILED,0
4d3c346c546529a8,M15,L3,LONG,DESIGN,2026-02-27T15:15:00,5234.59,5212.53,5240.48,2026-02-27T14:45:00@5183.04;2026-02-27T15:15:00@5240.48;2026-02-27T15:30:00@5207.51,1,,NA,NA,,NA,,NA,0,NA,,,2026-02-27T15:45:00,STRUCTURE_FAILED,0
d07e47e6a0dbd3a7,M15,L3,LONG,DESIGN,2026-02-27T18:00:00,5253.93,5234.13,5255.52,2026-02-27T17:15:00@5214.75;2026-02-27T18:15:00@5257.75;2026-02-27T19:30:00@5221.05,1,,NA,NA,,NA,,NA,0,NA,,,2026-02-27T19:45:00,STRUCTURE_FAILED,0
559e93aa93628e3e,M15,L3,LONG,DESIGN,2026-02-27T22:30:00,5260.16,5254.64,5263.02,2026-02-27T20:15:00@5222.50;2026-03-02T01:00:00@5379.38;2026-03-02T01:15:00@5343.83;2026-03-02T01:30:00@5393.28;2026-03-02T02:15:00@5348.98;2026-03-02T02:30:00@5373.55,2,,NA,NA,,NA,,NA,0,NA,,,2026-03-02T02:45:00,STRUCTURE_FAILED,0
64cc1630a5966574,M15,L2,LONG,DESIGN,2026-03-02T09:00:00,5406.10,5384.93,5406.93,2026-03-02T07:15:00@5341.00;2026-03-02T09:15:00@5419.07;2026-03-02T09:30:00@5401.94,1,,NA,NA,,NA,,NA,0,NA,,,2026-03-02T10:15:00,STRUCTURE_FAILED,0
ab61bbca13df8415,M15,L3,LONG,DESIGN,2026-03-02T09:00:00,5406.10,5384.93,5406.93,2026-03-02T07:15:00@5341.00;2026-03-02T09:15:00@5419.07;2026-03-02T09:30:00@5401.94,1,,NA,NA,,NA,,NA,0,NA,,,2026-03-02T10:15:00,STRUCTURE_FAILED,0
912a4f76ebaf44d7,M15,L3,SHORT,DESIGN,2026-03-02T16:15:00,5333.76,5307.12,5376.87,2026-03-02T15:30:00@5416.55;2026-03-02T16:15:00@5307.12;2026-03-02T16:30:00@5356.41,1,,NA,NA,,NA,,NA,0,NA,,,2026-03-02T16:45:00,STRUCTURE_FAILED,0
b3912df100a7cee1,M15,L2,SHORT,DESIGN,2026-03-02T18:00:00,5301.01,5261.19,5315.96,2026-03-02T17:30:00@5348.71;2026-03-02T18:00:00@5261.19;2026-03-02T18:15:00@5314.81,1,,NA,NA,,NA,,NA,0,NA,,,2026-03-02T18:30:00,STRUCTURE_FAILED,0
05b7d1729fe3c166,M15,L3,SHORT,DESIGN,2026-03-03T07:45:00,5319.36,5305.55,5346.92,2026-03-03T06:15:00@5375.46;2026-03-03T08:00:00@5279.14;2026-03-03T08:15:00@5319.47,1,,NA,NA,,NA,,NA,0,NA,,,2026-03-03T08:30:00,STRUCTURE_FAILED,0
0b549d6a708b41c9,M15,L2,SHORT,DESIGN,2026-03-03T08:00:00,5290.03,5279.14,5323.40,2026-03-03T06:15:00@5375.46;2026-03-03T08:00:00@5279.14;2026-03-03T08:15:00@5319.47,1,,NA,NA,,NA,,NA,0,NA,,,2026-03-03T08:30:00,STRUCTURE_FAILED,0
bcb097da48134b1f,M15,L1,SHORT,DESIGN,2026-03-03T11:15:00,5242.91,5226.35,5302.58,2026-03-03T10:00:00@5335.57;2026-03-03T11:15:00@5226.35;2026-03-03T12:00:00@5287.91,1,,NA,NA,,NA,,NA,0,NA,,,2026-03-03T12:15:00,STRUCTURE_FAILED,0
6f2d1d52f17c4389,M15,L3,SHORT,DESIGN,2026-03-03T11:15:00,5242.91,5226.35,5302.58,2026-03-03T10:00:00@5335.57;2026-03-03T11:15:00@5226.35;2026-03-03T12:00:00@5287.91,1,,NA,NA,,NA,,NA,0,NA,,,2026-03-03T12:15:00,STRUCTURE_FAILED,0
19349f4f12d23d0b,M15,L3,SHORT,DESIGN,2026-03-03T13:15:00,5126.54,5113.56,5209.46,2026-03-03T12:00:00@5287.91;2026-03-03T13:30:00@5074.51;2026-03-03T14:45:00@5226.86,1,,NA,NA,,NA,,NA,0,NA,,,2026-03-03T15:00:00,STRUCTURE_FAILED,0
9d52263a986cc4b8,M15,L3,SHORT,DESIGN,2026-03-03T16:30:00,5071.85,5061.87,5145.87,2026-03-03T16:00:00@5175.47;2026-03-03T16:45:00@5016.45;2026-03-03T17:00:00@5070.40,1,,NA,NA,,NA,,NA,0,NA,,,2026-03-03T17:15:00,STRUCTURE_FAILED,0
d7a2c37711cfd798,M15,L3,LONG,DESIGN,2026-03-04T03:00:00,5158.72,5138.07,5162.55,2026-03-04T02:00:00@5105.83;2026-03-04T03:15:00@5164.09;2026-03-04T03:30:00@5142.45,1,,NA,NA,,NA,,NA,0,NA,,,2026-03-04T03:45:00,STRUCTURE_FAILED,0
dcc9725fa5d9f7a8,M15,L2,LONG,DESIGN,2026-03-04T12:00:00,5197.93,5182.26,5198.16,2026-03-04T11:00:00@5159.34;2026-03-04T12:15:00@5202.81;2026-03-04T12:30:00@5179.97,1,,NA,NA,,NA,,NA,0,NA,,,2026-03-04T13:00:00,STRUCTURE_FAILED,0
dde5bf4f94dcdc1b,M15,L3,LONG,DESIGN,2026-03-04T12:00:00,5197.93,5182.26,5198.16,2026-03-04T11:00:00@5159.34;2026-03-04T12:15:00@5202.81;2026-03-04T12:30:00@5179.97,1,,NA,NA,,NA,,NA,0,NA,,,2026-03-04T13:00:00,STRUCTURE_FAILED,0
ac27a94dcbaa3056,M15,L2,SHORT,DESIGN,2026-03-05T08:00:00,5132.40,5121.11,5155.81,2026-03-05T05:00:00@5194.89;2026-03-05T08:00:00@5121.11;2026-03-05T09:00:00@5172.62,1,,NA,NA,,NA,,NA,0,NA,,,2026-03-05T09:30:00,STRUCTURE_FAILED,0
e87a0deb8c35057e,M15,L3,SHORT,DESIGN,2026-03-05T15:45:00,5118.68,5110.33,5132.15,2026-03-05T15:30:00@5137.99;2026-03-05T15:45:00@5110.33;2026-03-05T16:00:00@5129.97,1,,NA,NA,,NA,,NA,0,NA,,,2026-03-05T16:15:00,STRUCTURE_FAILED,0
1870512a559c526f,M15,L3,SHORT,DESIGN,2026-03-05T16:30:00,5098.21,5090.81,5123.64,2026-03-05T16:00:00@5129.97;2026-03-05T16:30:00@5090.81;2026-03-05T17:00:00@5119.95,1,,NA,NA,,NA,,NA,0,NA,,,2026-03-05T17:15:00,STRUCTURE_FAILED,0
3ffbedb802f6344e,M15,L1,SHORT,DESIGN,2026-03-05T17:30:00,5080.83,5078.08,5093.86,,0,,NA,NA,,NA,,NA,0,NA,,,2026-03-05T18:15:00,NO_LEG1,0
411bae97cc94274b,M15,L3,SHORT,DESIGN,2026-03-05T17:30:00,5080.83,5078.08,5093.86,,0,,NA,NA,,NA,,NA,0,NA,,,2026-03-05T18:15:00,NO_LEG1,0
08c87406c67e144c,M15,L3,LONG,DESIGN,2026-03-06T16:45:00,5130.44,5087.34,5132.41,2026-03-06T15:45:00@5073.84;2026-03-06T17:15:00@5171.48;2026-03-06T18:30:00@5125.89,1,,NA,NA,,NA,,NA,0,NA,,,2026-03-06T18:45:00,STRUCTURE_FAILED,0
523a90a4b1373d79,M15,L2,LONG,DESIGN,2026-03-06T17:00:00,5149.04,5127.89,5159.28,2026-03-06T15:45:00@5073.84;2026-03-06T17:15:00@5171.48;2026-03-06T18:30:00@5125.89,1,,NA,NA,,NA,,NA,0,NA,,,2026-03-06T18:45:00,STRUCTURE_FAILED,0
df6850936dc90338,M15,L3,LONG,DESIGN,2026-03-06T17:00:00,5149.04,5127.89,5159.28,2026-03-06T15:45:00@5073.84;2026-03-06T17:15:00@5171.48;2026-03-06T18:30:00@5125.89,1,,NA,NA,,NA,,NA,0,NA,,,2026-03-06T18:45:00,STRUCTURE_FAILED,0
777796633efc0f3d,M15,L3,LONG,DESIGN,2026-03-06T23:45:00,5172.56,5165.92,5177.31,2026-03-06T22:30:00@5149.49;2026-03-09T01:00:00@5200.90;2026-03-09T02:30:00@5044.30,1,,NA,NA,,NA,,NA,0,NA,,,2026-03-09T02:45:00,STRUCTURE_FAILED,0
b67f6d75a5d059bd,M15,L1,SHORT,DESIGN,2026-03-09T03:00:00,5036.27,5026.00,5080.88,2026-03-09T03:00:00@5080.88;2026-03-09T03:15:00@5031.26;2026-03-09T03:30:00@5060.20,1,,NA,NA,,NA,,NA,0,NA,,,2026-03-09T03:45:00,STRUCTURE_FAILED,0
d6dcff62b9011330,M15,L3,SHORT,DESIGN,2026-03-09T03:00:00,5036.27,5026.00,5080.88,2026-03-09T03:00:00@5080.88;2026-03-09T03:15:00@5031.26;2026-03-09T03:30:00@5060.20,1,,NA,NA,,NA,,NA,0,NA,,,2026-03-09T03:45:00,STRUCTURE_FAILED,0
4ff0633c91fb3017,M15,L3,SHORT,DESIGN,2026-03-09T16:30:00,5076.41,5074.49,5111.29,2026-03-09T15:30:00@5112.17;2026-03-09T17:00:00@5060.43;2026-03-09T17:45:00@5115.99,1,,NA,NA,,NA,,NA,0,NA,,,2026-03-09T18:00:00,STRUCTURE_FAILED,0
476098f4d7c012fb,M15,L3,LONG,DESIGN,2026-03-09T21:30:00,5117.91,5104.21,5120.10,2026-03-09T20:30:00@5088.94;2026-03-09T22:15:00@5143.95;2026-03-09T22:30:00@5125.02;2026-03-09T23:00:00@5148.05;2026-03-10T01:15:00@5117.40,2,,NA,NA,,NA,,NA,0,NA,,,2026-03-10T01:30:00,STRUCTURE_FAILED,0
0e5bdf6539e170b1,M15,L3,LONG,DESIGN,2026-03-09T22:15:00,5139.74,5118.43,5143.95,2026-03-09T20:30:00@5088.94;2026-03-09T22:15:00@5143.95;2026-03-09T22:30:00@5125.02,1,,NA,NA,,NA,,NA,0,NA,,,2026-03-09T22:45:00,STRUCTURE_FAILED,0
a8520496ae0bc2e6,M15,L3,LONG,DESIGN,2026-03-09T22:45:00,5141.03,5129.14,5143.91,2026-03-09T22:30:00@5125.02;2026-03-09T23:00:00@5148.05;2026-03-10T01:15:00@5117.40,1,,NA,NA,,NA,,NA,0,NA,,,2026-03-10T01:30:00,STRUCTURE_FAILED,0
51a51528d519856a,M15,L3,LONG,DESIGN,2026-03-10T04:45:00,5184.14,5164.37,5186.07,2026-03-10T03:30:00@5124.96;2026-03-10T05:00:00@5186.82;2026-03-10T07:00:00@5154.45,1,,NA,NA,,NA,,NA,0,NA,,,2026-03-10T08:00:00,STRUCTURE_FAILED,0
5da419f588e409f7,M15,L2,LONG,DESIGN,2026-03-10T11:30:00,5189.86,5183.06,5193.98,2026-03-10T10:15:00@5158.54;2026-03-10T11:45:00@5195.10;2026-03-10T13:30:00@5156.54,1,,NA,NA,,NA,,NA,0,NA,,,2026-03-10T13:45:00,STRUCTURE_FAILED,0
6388c14854609b1c,M15,L3,LONG,DESIGN,2026-03-10T11:30:00,5189.86,5183.06,5193.98,2026-03-10T10:15:00@5158.54;2026-03-10T11:45:00@5195.10;2026-03-10T13:30:00@5156.54,1,,NA,NA,,NA,,NA,0,NA,,,2026-03-10T13:45:00,STRUCTURE_FAILED,0
0f22f8ed8143f626,M15,L3,LONG,DESIGN,2026-03-10T16:00:00,5200.68,5185.93,5202.57,2026-03-10T15:00:00@5162.46;2026-03-10T16:15:00@5228.83;2026-03-10T17:00:00@5185.41,1,,NA,NA,,NA,,NA,0,NA,,,2026-03-10T17:15:00,STRUCTURE_FAILED,0
a1d08a0f00e5198e,M15,L1,LONG,DESIGN,2026-03-10T16:15:00,5221.63,5199.14,5228.83,2026-03-10T15:00:00@5162.46;2026-03-10T16:15:00@5228.83;2026-03-10T17:00:00@5185.41,1,,NA,NA,,NA,,NA,0,NA,,,2026-03-10T17:15:00,STRUCTURE_FAILED,0
33ed4a601a7b943b,M15,L3,LONG,DESIGN,2026-03-10T16:15:00,5221.63,5199.14,5228.83,2026-03-10T15:00:00@5162.46;2026-03-10T16:15:00@5228.83;2026-03-10T17:00:00@5185.41,1,,NA,NA,,NA,,NA,0,NA,,,2026-03-10T17:15:00,STRUCTURE_FAILED,0
b6eaa4cc238ff58f,M15,L2,SHORT,DESIGN,2026-03-11T11:15:00,5184.89,5181.05,5198.48,2026-03-11T11:00:00@5198.62;2026-03-11T11:30:00@5175.52;2026-03-11T12:30:00@5197.14,1,,NA,NA,,NA,,NA,0,NA,,,2026-03-11T12:45:00,STRUCTURE_FAILED,0
851e00da35b872b6,M15,L3,SHORT,DESIGN,2026-03-11T15:45:00,5167.55,5166.64,5180.72,2026-03-11T15:30:00@5196.71;2026-03-11T16:00:00@5162.30;2026-03-11T16:15:00@5183.15,1,,NA,NA,,NA,,NA,0,NA,,,2026-03-11T16:30:00,STRUCTURE_FAILED,0
31e7a2b89d9b30af,M15,L4,SHORT,DESIGN,2026-03-11T15:45:00,5167.55,5166.64,5180.72,2026-03-11T15:30:00@5196.71;2026-03-11T16:00:00@5162.30;2026-03-11T16:15:00@5183.15,1,,NA,NA,,NA,,NA,0,NA,,,2026-03-11T16:30:00,STRUCTURE_FAILED,0
898ec1eeeef66cf9,M15,L3,SHORT,DESIGN,2026-03-12T01:30:00,5158.46,5153.02,5170.23,2026-03-11T23:00:00@5183.63;2026-03-12T01:45:00@5129.97;2026-03-12T02:30:00@5158.02,1,,NA,NA,,NA,,NA,0,NA,,,2026-03-12T02:45:00,STRUCTURE_FAILED,0
ee98c3b6e17db018,M15,L1,SHORT,DESIGN,2026-03-12T01:45:00,5138.93,5129.97,5169.04,2026-03-11T23:00:00@5183.63;2026-03-12T01:45:00@5129.97;2026-03-12T02:30:00@5158.02,1,,NA,NA,,NA,,NA,0,NA,,,2026-03-12T02:45:00,STRUCTURE_FAILED,0
c0a640d8e1666cdb,M15,L3,SHORT,DESIGN,2026-03-12T01:45:00,5138.93,5129.97,5169.04,2026-03-11T23:00:00@5183.63;2026-03-12T01:45:00@5129.97;2026-03-12T02:30:00@5158.02,1,,NA,NA,,NA,,NA,0,NA,,,2026-03-12T02:45:00,STRUCTURE_FAILED,0
87215c2f9e049bdd,M15,L2,LONG,DESIGN,2026-03-12T10:30:00,5178.74,5168.12,5179.68,2026-03-12T09:15:00@5147.27;2026-03-12T11:00:00@5189.72;2026-03-12T12:15:00@5174.47,1,,NA,NA,,NA,,NA,0,NA,,,2026-03-12T12:30:00,STRUCTURE_FAILED,0
e5b063e79ef9251a,M15,L3,LONG,DESIGN,2026-03-12T10:30:00,5178.74,5168.12,5179.68,2026-03-12T09:15:00@5147.27;2026-03-12T11:00:00@5189.72;2026-03-12T12:15:00@5174.47,1,,NA,NA,,NA,,NA,0,NA,,,2026-03-12T12:30:00,STRUCTURE_FAILED,0
0381940c12c441fa,M15,L3,LONG,DESIGN,2026-03-12T12:30:00,5184.79,5180.20,5187.47,2026-03-12T12:15:00@5174.47;2026-03-12T13:00:00@5191.69;2026-03-12T13:30:00@5176.35,1,,NA,NA,,NA,,NA,0,NA,,,2026-03-12T13:45:00,STRUCTURE_FAILED,0
a92517b574dc0880,M15,L2,SHORT,DESIGN,2026-03-12T18:00:00,5124.73,5109.46,5144.87,2026-03-12T17:00:00@5163.72;2026-03-12T18:00:00@5109.46;2026-03-12T18:45:00@5135.27,1,,NA,NA,,NA,,NA,0,NA,,,2026-03-12T19:00:00,STRUCTURE_FAILED,0
0e2e4774a66a6c56,M15,L3,SHORT,DESIGN,2026-03-12T18:00:00,5124.73,5109.46,5144.87,2026-03-12T17:00:00@5163.72;2026-03-12T18:00:00@5109.46;2026-03-12T18:45:00@5135.27,1,,NA,NA,,NA,,NA,0,NA,,,2026-03-12T19:00:00,STRUCTURE_FAILED,0
3887666d687fd92c,M15,L3,SHORT,DESIGN,2026-03-12T19:45:00,5123.58,5121.52,5135.58,2026-03-12T19:15:00@5138.05;2026-03-12T22:00:00@5079.19;2026-03-12T22:30:00@5096.88;2026-03-12T23:30:00@5054.76;2026-03-13T05:00:00@5128.29,2,,NA,NA,,NA,,NA,0,NA,,,2026-03-13T05:15:00,STRUCTURE_FAILED,0
73330f49e5a3db88,M15,L3,SHORT,DESIGN,2026-03-12T20:30:00,5110.51,5104.91,5120.04,2026-03-12T19:15:00@5138.05;2026-03-12T22:00:00@5079.19;2026-03-12T22:30:00@5096.88;2026-03-12T23:30:00@5054.76;2026-03-13T05:00:00@5128.29,2,,NA,NA,,NA,,NA,0,NA,,,2026-03-13T05:15:00,STRUCTURE_FAILED,0
2e3db9ed3c10c586,M15,L2,SHORT,DESIGN,2026-03-13T09:45:00,5088.38,5085.74,5094.72,2026-03-13T09:00:00@5107.85;2026-03-13T10:15:00@5071.72;2026-03-13T10:30:00@5093.01,1,,NA,NA,,NA,,NA,0,NA,,,2026-03-13T10:45:00,STRUCTURE_FAILED,0
85ae9a48f37d2e4e,M15,L1,SHORT,DESIGN,2026-03-13T17:45:00,5041.70,5035.45,5079.39,2026-03-13T16:45:00@5116.90;2026-03-13T17:45:00@5035.45;2026-03-13T18:00:00@5071.40,1,,NA,NA,,NA,,NA,0,NA,,,2026-03-13T18:30:00,STRUCTURE_FAILED,0
b7d4bb9077f76b57,M15,L3,SHORT,DESIGN,2026-03-13T17:45:00,5041.70,5035.45,5079.39,2026-03-13T16:45:00@5116.90;2026-03-13T17:45:00@5035.45;2026-03-13T18:00:00@5071.40,1,,NA,NA,,NA,,NA,0,NA,,,2026-03-13T18:30:00,STRUCTURE_FAILED,0
830187278228cc2b,M15,L3,SHORT,DESIGN,2026-03-13T22:45:00,5016.29,5009.57,5025.93,2026-03-13T20:30:00@5063.96;2026-03-13T22:45:00@5009.57;2026-03-16T01:00:00@5030.48,1,,NA,NA,,NA,,NA,0,NA,,,2026-03-16T01:15:00,STRUCTURE_FAILED,0
4550998297b5c2ad,M15,L3,SHORT,DESIGN,2026-03-13T23:15:00,5013.88,5012.34,5021.41,,0,,NA,NA,,NA,,NA,0,NA,,,2026-03-16T01:15:00,NO_LEG1,0
eef5b239d6ba9e14,M15,L2,LONG,DESIGN,2026-03-16T16:30:00,5031.55,5018.08,5034.54,2026-03-16T15:45:00@5012.01;2026-03-16T17:00:00@5037.99;2026-03-16T17:45:00@4987.93,1,,NA,NA,,NA,,NA,0,NA,,,2026-03-16T18:00:00,STRUCTURE_FAILED,0
391bd18d8251b8aa,M15,L3,LONG,DESIGN,2026-03-16T16:30:00,5031.55,5018.08,5034.54,2026-03-16T15:45:00@5012.01;2026-03-16T17:00:00@5037.99;2026-03-16T17:45:00@4987.93,1,,NA,NA,,NA,,NA,0,NA,,,2026-03-16T18:00:00,STRUCTURE_FAILED,0
c10908fb354f4f15,M15,L3,LONG,DESIGN,2026-03-17T04:45:00,5027.80,5016.64,5027.81,2026-03-17T04:00:00@4994.76;2026-03-17T05:00:00@5029.56;2026-03-17T05:15:00@5020.01,1,,NA,NA,,NA,,NA,0,NA,,,2026-03-17T05:30:00,STRUCTURE_FAILED,0
0c75acad4d427ff8,M15,L1,LONG,DESIGN,2026-03-17T07:30:00,5039.72,5032.12,5041.67,2026-03-17T06:00:00@5020.41;2026-03-17T07:45:00@5041.96;2026-03-17T08:00:00@5032.39,1,,NA,NA,,NA,,NA,0,NA,,,2026-03-17T08:15:00,STRUCTURE_FAILED,0
193ac9cbae22df11,M15,L3,LONG,DESIGN,2026-03-17T07:30:00,5039.72,5032.12,5041.67,2026-03-17T06:00:00@5020.41;2026-03-17T07:45:00@5041.96;2026-03-17T08:00:00@5032.39,1,,NA,NA,,NA,,NA,0,NA,,,2026-03-17T08:15:00,STRUCTURE_FAILED,0
6129ca0b380b5b9d,M15,L3,SHORT,DESIGN,2026-03-17T13:00:00,5004.07,5001.03,5016.47,2026-03-17T11:15:00@5029.58;2026-03-17T13:30:00@4992.00;2026-03-17T14:45:00@5011.64,1,,NA,NA,,NA,,NA,0,NA,,,2026-03-17T15:00:00,STRUCTURE_FAILED,0
c69f72fd32b13f7d,M15,L3,SHORT,DESIGN,2026-03-17T18:30:00,4984.53,4973.56,5000.54,2026-03-17T17:45:00@5019.44;2026-03-17T18:30:00@4973.56;2026-03-17T20:15:00@5008.64,1,,NA,NA,,NA,,NA,0,NA,,,2026-03-17T20:30:00,STRUCTURE_FAILED,0
7d6667d2376506be,M15,L3,LONG,DESIGN,2026-03-18T03:00:00,5009.96,5001.21,5012.44,2026-03-18T01:45:00@4993.28;2026-03-18T03:00:00@5012.44;2026-03-18T03:30:00@5000.22,1,,NA,NA,,NA,,NA,0,NA,,,2026-03-18T03:45:00,STRUCTURE_FAILED,0
60c9bcb718d90703,M15,L4,LONG,DESIGN,2026-03-18T03:00:00,5009.96,5001.21,5012.44,2026-03-18T01:45:00@4993.28;2026-03-18T03:00:00@5012.44;2026-03-18T03:30:00@5000.22,1,,NA,NA,,NA,,NA,0,NA,,,2026-03-18T03:45:00,STRUCTURE_FAILED,0
06bb91006a227aea,M15,L3,SHORT,DESIGN,2026-03-18T05:45:00,4991.96,4990.45,5004.08,2026-03-18T05:15:00@5006.95;2026-03-18T06:00:00@4986.14;2026-03-18T06:30:00@4997.52,1,,NA,NA,,NA,,NA,0,NA,,,2026-03-18T06:45:00,STRUCTURE_FAILED,0
bbb808f1e385eb93,M15,L2,SHORT,DESIGN,2026-03-18T13:30:00,4977.92,4959.56,4987.49,2026-03-18T12:30:00@4995.59;2026-03-18T16:15:00@4834.26;2026-03-18T16:30:00@4885.43;2026-03-18T16:45:00@4860.48,1,,NA,NA,,NA,,NA,0,NA,,,2026-03-18T17:00:00,STRUCTURE_FAILED,0
97418f34a7cf0c44,M15,L3,SHORT,DESIGN,2026-03-18T13:30:00,4977.92,4959.56,4987.49,2026-03-18T12:30:00@4995.59;2026-03-18T16:15:00@4834.26;2026-03-18T16:30:00@4885.43;2026-03-18T16:45:00@4860.48,1,,NA,NA,,NA,,NA,0,NA,,,2026-03-18T17:00:00,STRUCTURE_FAILED,0
58cd5fcb7be0702f,M15,L1,SHORT,DESIGN,2026-03-18T13:45:00,4967.89,4958.84,4980.25,2026-03-18T12:30:00@4995.59;2026-03-18T16:15:00@4834.26;2026-03-18T16:30:00@4885.43;2026-03-18T16:45:00@4860.48,1,,NA,NA,,NA,,NA,0,NA,,,2026-03-18T17:00:00,STRUCTURE_FAILED,0
311f8d8045ea952a,M15,L3,SHORT,DESIGN,2026-03-18T13:45:00,4967.89,4958.84,4980.25,2026-03-18T12:30:00@4995.59;2026-03-18T16:15:00@4834.26;2026-03-18T16:30:00@4885.43;2026-03-18T16:45:00@4860.48,1,,NA,NA,,NA,,NA,0,NA,,,2026-03-18T17:00:00,STRUCTURE_FAILED,0
e3b23bd3c0d5af70,M15,L3,SHORT,DESIGN,2026-03-18T14:15:00,4948.68,4946.45,4973.90,2026-03-18T12:30:00@4995.59;2026-03-18T16:15:00@4834.26;2026-03-18T16:30:00@4885.43;2026-03-18T16:45:00@4860.48,1,,NA,NA,,NA,,NA,0,NA,,,2026-03-18T17:00:00,STRUCTURE_FAILED,0
39c385d55811885c,M15,L3,SHORT,DESIGN,2026-03-18T23:00:00,4825.76,4823.55,4848.59,2026-03-18T22:15:00@4865.25;2026-03-18T23:30:00@4806.67;2026-03-19T01:00:00@4838.12,1,,NA,NA,,NA,,NA,0,NA,,,2026-03-19T01:15:00,STRUCTURE_FAILED,0
e2eceffc0cf97641,M15,L2,SHORT,DESIGN,2026-03-19T09:15:00,4813.40,4813.12,4833.62,2026-03-19T09:00:00@4842.33;2026-03-19T09:45:00@4747.65;2026-03-19T10:00:00@4784.27;2026-03-19T11:00:00@4701.35;2026-03-19T11:15:00@4736.44;2026-03-19T11:30:00@4686.85;2026-03-19T12:30:00@4725.90;2026-03-19T12:45:00@4696.16,3,,NA,NA,,NA,,NA,0,NA,,,2026-03-19T13:00:00,NO_SPIKE,0
25cab4cc3c6a65d7,M15,L1,SHORT,DESIGN,2026-03-19T09:30:00,4786.01,4780.24,4819.84,2026-03-19T09:00:00@4842.33;2026-03-19T09:45:00@4747.65;2026-03-19T10:00:00@4784.27,1,,NA,NA,,NA,,NA,0,NA,,,2026-03-19T10:15:00,STRUCTURE_FAILED,0
ba72fd97dad5d9ab,M15,L3,SHORT,DESIGN,2026-03-19T09:30:00,4786.01,4780.24,4819.84,2026-03-19T09:00:00@4842.33;2026-03-19T09:45:00@4747.65;2026-03-19T10:00:00@4784.27,1,,NA,NA,,NA,,NA,0,NA,,,2026-03-19T10:15:00,STRUCTURE_FAILED,0
88b9c97426aca898,M15,L3,LONG,DESIGN,2026-03-20T04:30:00,4686.61,4661.27,4688.98,2026-03-20T04:00:00@4639.19;2026-03-20T04:45:00@4699.36;2026-03-20T05:00:00@4670.34,1,,NA,NA,,NA,,NA,0,NA,,,2026-03-20T05:30:00,STRUCTURE_FAILED,0
cf5b149c557ee231,M15,L4,LONG,DESIGN,2026-03-20T04:30:00,4686.61,4661.27,4688.98,2026-03-20T04:00:00@4639.19;2026-03-20T04:45:00@4699.36;2026-03-20T05:00:00@4670.34,1,,NA,NA,,NA,,NA,0,NA,,,2026-03-20T05:30:00,STRUCTURE_FAILED,0
3755a6c782fbda85,M15,L3,SHORT,DESIGN,2026-03-20T13:15:00,4658.06,4646.02,4666.66,2026-03-20T11:15:00@4734.69;2026-03-20T13:15:00@4646.02;2026-03-20T13:30:00@4669.76,1,,NA,NA,,NA,,NA,0,NA,,,2026-03-20T13:45:00,STRUCTURE_FAILED,0
dc9d958830f4e242,M15,L2,SHORT,DESIGN,2026-03-20T16:45:00,4616.53,4612.81,4665.38,2026-03-20T15:45:00@4681.81;2026-03-20T17:15:00@4551.20;2026-03-20T17:30:00@4585.29;2026-03-20T17:45:00@4548.06;2026-03-20T18:00:00@4580.31;2026-03-20T18:15:00@4540.73;2026-03-20T18:30:00@4575.89;2026-03-20T18:45:00@4544.25,3,,NA,NA,,NA,,NA,0,NA,,,2026-03-20T19:00:00,NO_SPIKE,0
5949679adff7867f,M15,L3,SHORT,DESIGN,2026-03-20T16:45:00,4616.53,4612.81,4665.38,2026-03-20T15:45:00@4681.81;2026-03-20T17:15:00@4551.20;2026-03-20T17:30:00@4585.29;2026-03-20T17:45:00@4548.06;2026-03-20T18:00:00@4580.31;2026-03-20T18:15:00@4540.73;2026-03-20T18:30:00@4575.89;2026-03-20T18:45:00@4544.25,3,,NA,NA,,NA,,NA,0,NA,,,2026-03-20T19:00:00,NO_SPIKE,0
e4e5dc0c9c1880b8,M15,L3,SHORT,DESIGN,2026-03-20T21:30:00,4526.15,4524.62,4557.16,2026-03-20T21:00:00@4578.41;2026-03-20T21:45:00@4477.28;2026-03-20T22:00:00@4516.31;2026-03-20T22:15:00@4484.79,1,,NA,NA,,NA,,NA,0,NA,,,2026-03-20T22:30:00,STRUCTURE_FAILED,0
a94ccb0739dc4cbb,M15,L1,SHORT,DESIGN,2026-03-20T21:45:00,4499.69,4477.28,4529.40,2026-03-20T21:00:00@4578.41;2026-03-20T21:45:00@4477.28;2026-03-20T22:00:00@4516.31,1,,NA,NA,,NA,,NA,0,NA,,,2026-03-20T22:15:00,STRUCTURE_FAILED,0
4057756793d68b73,M15,L3,SHORT,DESIGN,2026-03-20T21:45:00,4499.69,4477.28,4529.40,2026-03-20T21:00:00@4578.41;2026-03-20T21:45:00@4477.28;2026-03-20T22:00:00@4516.31,1,,NA,NA,,NA,,NA,0,NA,,,2026-03-20T22:15:00,STRUCTURE_FAILED,0
a2e9f40ddb2286d5,M15,L2,SHORT,DESIGN,2026-03-23T08:45:00,4310.30,4302.37,4326.63,2026-03-23T08:00:00@4380.08;2026-03-23T10:15:00@4098.47;2026-03-23T11:30:00@4270.91;2026-03-23T11:45:00@4219.75,1,,NA,NA,,NA,,NA,0,NA,,,2026-03-23T12:00:00,STRUCTURE_FAILED,0
4ac870a0f029e223,M15,L3,SHORT,DESIGN,2026-03-23T08:45:00,4310.30,4302.37,4326.63,2026-03-23T08:00:00@4380.08;2026-03-23T10:15:00@4098.47;2026-03-23T11:30:00@4270.91;2026-03-23T11:45:00@4219.75,1,,NA,NA,,NA,,NA,0,NA,,,2026-03-23T12:00:00,STRUCTURE_FAILED,0
7020ee19115db411,M15,L3,SHORT,DESIGN,2026-03-24T03:30:00,4344.30,4331.51,4387.30,2026-03-24T02:15:00@4448.32;2026-03-24T03:30:00@4331.51;2026-03-24T03:45:00@4386.64,1,,NA,NA,,NA,,NA,0,NA,,,2026-03-24T04:00:00,STRUCTURE_FAILED,0
bbf7be5f58d70639,M15,L3,LONG,DESIGN,2026-03-24T13:45:00,4438.43,4418.72,4441.65,2026-03-24T11:15:00@4391.30;2026-03-24T14:00:00@4442.02;2026-03-24T14:15:00@4403.38,1,,NA,NA,,NA,,NA,0,NA,,,2026-03-24T14:30:00,STRUCTURE_FAILED,0
fd940ff4faf37481,M15,L3,LONG,DESIGN,2026-03-24T23:15:00,4455.57,4399.08,4484.18,2026-03-24T21:45:00@4383.63;2026-03-24T23:15:00@4484.18;2026-03-24T23:30:00@4446.82,1,,NA,NA,,NA,,NA,0,NA,,,2026-03-24T23:45:00,STRUCTURE_FAILED,0
9eb7045c614470da,M15,L3,LONG,DESIGN,2026-03-24T23:45:00,4476.30,4456.08,4481.47,2026-03-24T23:30:00@4446.82;2026-03-25T01:00:00@4486.23;2026-03-25T01:30:00@4455.95,1,,NA,NA,,NA,,NA,0,NA,,,2026-03-25T01:45:00,STRUCTURE_FAILED,0
48b169108a4006f7,M15,L1,LONG,DESIGN,2026-03-25T01:45:00,4484.33,4466.79,4484.51,2026-03-25T01:30:00@4455.95;2026-03-25T04:45:00@4601.01;2026-03-25T05:00:00@4580.02;2026-03-25T05:45:00@4602.62;2026-03-25T08:30:00@4549.37,2,,NA,NA,,NA,,NA,0,NA,,,2026-03-25T08:45:00,STRUCTURE_FAILED,0
fcb00725e562b96a,M15,L3,LONG,DESIGN,2026-03-25T02:30:00,4539.78,4504.34,4546.41,2026-03-25T01:30:00@4455.95;2026-03-25T04:45:00@4601.01;2026-03-25T05:00:00@4580.02;2026-03-25T05:45:00@4602.62;2026-03-25T08:30:00@4549.37,2,,NA,NA,,NA,,NA,0,NA,,,2026-03-25T08:45:00,STRUCTURE_FAILED,0
c0b898d9f0818d9b,M15,L3,LONG,DESIGN,2026-03-25T14:15:00,4579.86,4564.42,4582.82,2026-03-25T12:45:00@4527.58;2026-03-25T14:30:00@4585.79;2026-03-25T15:30:00@4521.68,1,,NA,NA,,NA,,NA,0,NA,,,2026-03-25T15:45:00,STRUCTURE_FAILED,0
5283ad10e32124dd,M15,L3,SHORT,DESIGN,2026-03-25T22:00:00,4509.15,4486.87,4539.58,2026-03-25T20:30:00@4563.97;2026-03-25T22:00:00@4486.87;2026-03-25T23:00:00@4542.07,1,,NA,NA,,NA,,NA,0,NA,,,2026-03-25T23:15:00,STRUCTURE_FAILED,0
b5c8af23e3449ee4,M15,L2,SHORT,DESIGN,2026-03-26T08:30:00,4483.05,4480.12,4495.66,2026-03-26T07:45:00@4524.30;2026-03-26T09:15:00@4415.85;2026-03-26T10:00:00@4460.56;2026-03-26T10:15:00@4438.95,1,,NA,NA,,NA,,NA,0,NA,,,2026-03-26T10:30:00,STRUCTURE_FAILED,0
fe70f65340a2e076,M15,L3,SHORT,DESIGN,2026-03-26T08:30:00,4483.05,4480.12,4495.66,2026-03-26T07:45:00@4524.30;2026-03-26T09:15:00@4415.85;2026-03-26T10:00:00@4460.56;2026-03-26T10:15:00@4438.95,1,,NA,NA,,NA,,NA,0,NA,,,2026-03-26T10:30:00,STRUCTURE_FAILED,0
d0adc291829d73b7,M15,L1,SHORT,DESIGN,2026-03-26T08:45:00,4439.04,4439.01,4484.17,2026-03-26T07:45:00@4524.30;2026-03-26T09:15:00@4415.85;2026-03-26T10:00:00@4460.56,1,,NA,NA,,NA,,NA,0,NA,,,2026-03-26T10:15:00,STRUCTURE_FAILED,0
260eea17d9733795,M15,L3,SHORT,DESIGN,2026-03-26T19:15:00,4396.56,4386.78,4439.85,2026-03-26T18:00:00@4469.13;2026-03-26T19:30:00@4366.61;2026-03-26T20:00:00@4402.57,1,,NA,NA,,NA,,NA,0,NA,,,2026-03-26T20:15:00,STRUCTURE_FAILED,0
6460e17ccbe6e332,M15,L3,SHORT,DESIGN,2026-03-26T22:45:00,4364.18,4359.26,4380.06,2026-03-26T22:00:00@4399.44;2026-03-26T23:00:00@4351.05;2026-03-26T23:30:00@4421.02,1,,NA,NA,,NA,,NA,0,NA,,,2026-03-26T23:45:00,STRUCTURE_FAILED,0
1ce8581067e59d07,M15,L3,LONG,DESIGN,2026-03-27T05:00:00,4435.07,4417.09,4439.59,2026-03-27T03:45:00@4375.48;2026-03-27T05:45:00@4440.56;2026-03-27T06:00:00@4421.12,1,,NA,NA,,NA,,NA,0,NA,,,2026-03-27T06:30:00,STRUCTURE_FAILED,0
235129955d1d3778,M15,L2,LONG,DESIGN,2026-03-27T08:30:00,4465.63,4442.68,4475.09,2026-03-27T07:15:00@4431.45;2026-03-27T08:30:00@4475.09;2026-03-27T09:00:00@4451.72,1,,NA,NA,,NA,,NA,0,NA,,,2026-03-27T09:15:00,STRUCTURE_FAILED,0
136a50ebf12710b4,M15,L3,LONG,DESIGN,2026-03-27T17:45:00,4509.84,4463.82,4514.77,2026-03-27T17:30:00@4451.87;2026-03-27T18:15:00@4555.44;2026-03-27T20:30:00@4486.62,1,,NA,NA,,NA,,NA,0,NA,,,2026-03-27T21:15:00,STRUCTURE_FAILED,0
5abaeffb8d2a9212,M15,L3,SHORT,DESIGN,2026-03-30T01:45:00,4484.41,4479.98,4496.96,2026-03-30T01:30:00@4513.15;2026-03-30T02:00:00@4464.94;2026-03-30T02:15:00@4484.65,1,,NA,NA,,NA,,NA,0,NA,,,2026-03-30T02:30:00,STRUCTURE_FAILED,0
3364774e759b1d69,M15,L2,LONG,DESIGN,2026-03-30T08:45:00,4522.43,4510.25,4528.54,2026-03-30T07:30:00@4486.22;2026-03-30T09:45:00@4550.66;2026-03-30T10:30:00@4515.82,1,,NA,NA,,NA,,NA,0,NA,,,2026-03-30T11:00:00,STRUCTURE_FAILED,0
c4904734b8310a9b,M15,L1,LONG,DESIGN,2026-03-30T14:30:00,4565.19,4538.72,4565.25,2026-03-30T12:15:00@4523.55;2026-03-30T14:45:00@4580.86;2026-03-30T15:00:00@4545.41,1,,NA,NA,,NA,,NA,0,NA,,,2026-03-30T15:15:00,STRUCTURE_FAILED,0
b661c9dbeed78e65,M15,L3,LONG,DESIGN,2026-03-30T14:30:00,4565.19,4538.72,4565.25,2026-03-30T12:15:00@4523.55;2026-03-30T14:45:00@4580.86;2026-03-30T15:00:00@4545.41,1,,NA,NA,,NA,,NA,0,NA,,,2026-03-30T15:15:00,STRUCTURE_FAILED,0
c58001b8be9bb436,M15,L3,LONG,DESIGN,2026-03-30T15:30:00,4573.91,4564.30,4578.11,2026-03-30T15:00:00@4545.41;2026-03-30T15:30:00@4578.11;2026-03-30T16:45:00@4516.71,1,,NA,NA,,NA,,NA,0,NA,,,2026-03-30T17:00:00,STRUCTURE_FAILED,0
961ce5d2cdf559ca,M15,L3,SHORT,DESIGN,2026-03-30T21:45:00,4498.92,4498.29,4518.62,2026-03-30T19:45:00@4548.89;2026-03-30T22:15:00@4493.00;2026-03-30T22:45:00@4518.40,1,,NA,NA,,NA,,NA,0,NA,,,2026-03-30T23:15:00,STRUCTURE_FAILED,0
3cb8967eabbc0eba,M15,L1,LONG,DESIGN,2026-03-31T04:15:00,4581.37,4543.48,4585.84,2026-03-31T03:15:00@4482.71;2026-03-31T04:45:00@4619.51;2026-03-31T06:45:00@4550.23,1,,NA,NA,,NA,,NA,0,NA,,,2026-03-31T07:15:00,STRUCTURE_FAILED,0
1bf5161f201203c5,M15,L3,LONG,DESIGN,2026-03-31T04:15:00,4581.37,4543.48,4585.84,2026-03-31T03:15:00@4482.71;2026-03-31T04:45:00@4619.51;2026-03-31T06:45:00@4550.23,1,,NA,NA,,NA,,NA,0,NA,,,2026-03-31T07:15:00,STRUCTURE_FAILED,0
a8da063a986d7f8d,M15,L3,LONG,DESIGN,2026-03-31T04:30:00,4617.77,4577.61,4618.97,2026-03-31T03:15:00@4482.71;2026-03-31T04:45:00@4619.51;2026-03-31T06:45:00@4550.23,1,,NA,NA,,NA,,NA,0,NA,,,2026-03-31T07:15:00,STRUCTURE_FAILED,0
017904ffcf1555ad,M15,L3,SHORT,DESIGN,2026-03-31T13:30:00,4541.16,4529.51,4560.79,2026-03-31T12:45:00@4562.40;2026-03-31T13:30:00@4529.51;2026-03-31T14:30:00@4593.26,1,,NA,NA,,NA,,NA,0,NA,,,2026-03-31T14:45:00,STRUCTURE_FAILED,0
6421ffaaad121950,M15,L3,LONG,DESIGN,2026-03-31T14:30:00,4592.02,4568.93,4593.26,2026-03-31T13:30:00@4529.51;2026-03-31T14:30:00@4593.26;2026-03-31T15:15:00@4571.46,1,,NA,NA,,NA,,NA,0,NA,,,2026-03-31T15:30:00,STRUCTURE_FAILED,0
af20810caac085c0,M15,L2,LONG,DESIGN,2026-03-31T18:00:00,4622.91,4599.08,4623.92,2026-03-31T17:45:00@4594.91;2026-03-31T18:15:00@4625.42;2026-03-31T19:00:00@4607.01,1,,NA,NA,,NA,,NA,0,NA,,,2026-03-31T19:30:00,STRUCTURE_FAILED,0
b62d704e80e8e328,M15,L3,LONG,DESIGN,2026-03-31T18:00:00,4622.91,4599.08,4623.92,2026-03-31T17:45:00@4594.91;2026-03-31T18:15:00@4625.42;2026-03-31T19:00:00@4607.01,1,,NA,NA,,NA,,NA,0,NA,,,2026-03-31T19:30:00,STRUCTURE_FAILED,0
f549a0ab016e6f8c,M15,L1,LONG,DESIGN,2026-04-01T02:30:00,4690.94,4681.91,4695.06,2026-04-01T01:45:00@4661.66;2026-04-01T03:30:00@4722.55;2026-04-01T04:00:00@4689.51,1,,NA,NA,,NA,,NA,0,NA,,,2026-04-01T04:15:00,STRUCTURE_FAILED,0
ee5d898ae6b9cd80,M15,L2,LONG,DESIGN,2026-04-01T09:45:00,4730.56,4708.50,4733.08,2026-04-01T09:00:00@4682.68;2026-04-01T09:45:00@4733.08;2026-04-01T10:15:00@4713.05,1,,NA,NA,,NA,,NA,0,NA,,,2026-04-01T10:30:00,STRUCTURE_FAILED,0
a7a93cec73fdc04a,M15,L3,LONG,DESIGN,2026-04-01T09:45:00,4730.56,4708.50,4733.08,2026-04-01T09:00:00@4682.68;2026-04-01T09:45:00@4733.08;2026-04-01T10:15:00@4713.05,1,,NA,NA,,NA,,NA,0,NA,,,2026-04-01T10:30:00,STRUCTURE_FAILED,0
da5c6fd442e03be2,M15,L3,LONG,DESIGN,2026-04-01T14:30:00,4760.49,4744.92,4763.01,2026-04-01T12:30:00@4713.12;2026-04-01T14:30:00@4763.01;2026-04-01T15:15:00@4724.57,1,,NA,NA,,NA,,NA,0,NA,,,2026-04-01T15:30:00,STRUCTURE_FAILED,0
59be5216e0d78d76,M15,L3,LONG,DESIGN,2026-04-01T18:00:00,4764.77,4758.48,4774.94,2026-04-01T17:00:00@4724.01;2026-04-01T19:00:00@4790.88;2026-04-01T19:15:00@4774.61,1,,NA,NA,,NA,,NA,0,NA,,,2026-04-01T20:00:00,STRUCTURE_FAILED,0
e29740aef8e7aeec,M15,L1,LONG,DESIGN,2026-04-02T02:15:00,4794.88,4788.60,4798.86,2026-04-02T01:00:00@4751.88;2026-04-02T02:30:00@4800.41;2026-04-02T03:00:00@4775.17,1,,NA,NA,,NA,,NA,0,NA,,,2026-04-02T03:15:00,STRUCTURE_FAILED,0
7478f4a323b78598,M15,L3,LONG,DESIGN,2026-04-02T02:15:00,4794.88,4788.60,4798.86,2026-04-02T01:00:00@4751.88;2026-04-02T02:30:00@4800.41;2026-04-02T03:00:00@4775.17,1,,NA,NA,,NA,,NA,0,NA,,,2026-04-02T03:15:00,STRUCTURE_FAILED,0
58466ff7c9dba5ca,M15,L3,SHORT,DESIGN,2026-04-02T04:15:00,4697.09,4687.03,4752.72,2026-04-02T03:15:00@4798.81;2026-04-02T04:30:00@4649.66;2026-04-02T04:45:00@4711.77,1,,NA,NA,,NA,,NA,0,NA,,,2026-04-02T05:00:00,STRUCTURE_FAILED,0
16a3dc07b142696d,M15,L3,SHORT,DESIGN,2026-04-02T07:15:00,4666.77,4662.21,4672.30,2026-04-02T06:15:00@4699.43;2026-04-02T07:45:00@4657.16;2026-04-02T08:15:00@4680.46,1,,NA,NA,,NA,,NA,0,NA,,,2026-04-02T08:30:00,STRUCTURE_FAILED,0
8f3662a8bf27cad3,M15,L1,SHORT,DESIGN,2026-04-02T08:30:00,4634.28,4629.05,4679.05,2026-04-02T08:15:00@4680.46;2026-04-02T09:00:00@4553.75;2026-04-02T10:45:00@4651.15,1,,NA,NA,,NA,,NA,0,NA,,,2026-04-02T11:00:00,STRUCTURE_FAILED,0
32b99da493434bb8,M15,L2,SHORT,DESIGN,2026-04-02T08:30:00,4634.28,4629.05,4679.05,2026-04-02T08:15:00@4680.46;2026-04-02T09:00:00@4553.75;2026-04-02T10:45:00@4651.15,1,,NA,NA,,NA,,NA,0,NA,,,2026-04-02T11:00:00,STRUCTURE_FAILED,0
963456341a8de000,M15,L3,SHORT,DESIGN,2026-04-02T08:30:00,4634.28,4629.05,4679.05,2026-04-02T08:15:00@4680.46;2026-04-02T09:00:00@4553.75;2026-04-02T10:45:00@4651.15,1,,NA,NA,,NA,,NA,0,NA,,,2026-04-02T11:00:00,STRUCTURE_FAILED,0
ed46cbbe7b743cbf,M15,L2,LONG,DESIGN,2026-04-06T08:00:00,4673.59,4657.98,4676.97,2026-04-06T06:15:00@4625.40;2026-04-06T08:15:00@4678.66;2026-04-06T09:00:00@4643.33,1,,NA,NA,,NA,,NA,0,NA,,,2026-04-06T09:15:00,STRUCTURE_FAILED,0
6afce9cf85be76e9,M15,L3,LONG,DESIGN,2026-04-06T08:00:00,4673.59,4657.98,4676.97,2026-04-06T06:15:00@4625.40;2026-04-06T08:15:00@4678.66;2026-04-06T09:00:00@4643.33,1,,NA,NA,,NA,,NA,0,NA,,,2026-04-06T09:15:00,STRUCTURE_FAILED,0
01885a709a8c976e,M15,L3,LONG,DESIGN,2026-04-06T10:45:00,4684.69,4662.61,4688.47,2026-04-06T10:15:00@4644.96;2026-04-06T12:30:00@4706.62;2026-04-06T13:45:00@4684.05,1,,NA,NA,,NA,,NA,0,NA,,,2026-04-06T14:00:00,STRUCTURE_FAILED,0
e0dd5dd497b30190,M15,L3,LONG,DESIGN,2026-04-06T12:00:00,4701.32,4695.91,4703.26,2026-04-06T10:15:00@4644.96;2026-04-06T12:30:00@4706.62;2026-04-06T13:45:00@4684.05,1,,NA,NA,,NA,,NA,0,NA,,,2026-04-06T14:00:00,STRUCTURE_FAILED,0
fab0476b663d71ca,M15,L3,SHORT,DESIGN,2026-04-07T04:00:00,4640.58,4627.47,4664.47,2026-04-07T04:00:00@4664.47;2026-04-07T04:45:00@4616.20;2026-04-07T06:00:00@4654.04,1,,NA,NA,,NA,,NA,0,NA,,,2026-04-07T06:15:00,STRUCTURE_FAILED,0
2b171ff83cf4db16,M15,L2,LONG,DESIGN,2026-04-07T11:15:00,4678.36,4657.17,4690.91,2026-04-07T10:30:00@4636.57;2026-04-07T11:15:00@4690.91;2026-04-07T11:30:00@4676.61,1,,NA,NA,,NA,,NA,0,NA,,,2026-04-07T12:00:00,STRUCTURE_FAILED,0
f32f7d94a0309446,M15,L3,LONG,DESIGN,2026-04-07T11:15:00,4678.36,4657.17,4690.91,2026-04-07T10:30:00@4636.57;2026-04-07T11:15:00@4690.91;2026-04-07T11:30:00@4676.61,1,,NA,NA,,NA,,NA,0,NA,,,2026-04-07T12:00:00,STRUCTURE_FAILED,0
e32823d81e7a4f50,M15,L3,SHORT,DESIGN,2026-04-07T17:00:00,4622.12,4607.51,4645.41,2026-04-07T16:30:00@4663.28;2026-04-07T17:00:00@4607.51;2026-04-07T17:30:00@4661.74,1,,NA,NA,,NA,,NA,0,NA,,,2026-04-07T17:45:00,STRUCTURE_FAILED,0
28a8037863dfa1c0,M15,L3,LONG,DESIGN,2026-04-07T22:45:00,4700.54,4685.81,4718.77,2026-04-07T22:30:00@4681.49;2026-04-07T22:45:00@4718.77;2026-04-07T23:00:00@4697.24,1,,NA,NA,,NA,,NA,0,NA,,,2026-04-07T23:30:00,STRUCTURE_FAILED,0
f27d535bd48f66c3,M15,L1,LONG,DESIGN,2026-04-07T23:00:00,4708.37,4697.24,4710.85,2026-04-07T23:00:00@4697.24;2026-04-08T01:00:00@4752.06;2026-04-08T01:30:00@4712.93;2026-04-08T02:15:00@4829.10;2026-04-08T02:30:00@4804.08;2026-04-08T03:00:00@4857.42,3,2026-04-08T03:45:00,4809.17,2.076346,2026-04-08T15:15:00,4767.87,2026-04-08T17:45:00,4732.18,4,-3.56900000,2026-04-08T19:00:00,2026-04-08T19:45:00,2026-04-08T20:00:00,LINE_PASSED,0
a4546299f431b3c2,M15,L3,LONG,DESIGN,2026-04-07T23:00:00,4708.37,4697.24,4710.85,2026-04-07T23:00:00@4697.24;2026-04-08T01:00:00@4752.06;2026-04-08T01:30:00@4712.93;2026-04-08T02:15:00@4829.10;2026-04-08T02:30:00@4804.08;2026-04-08T03:00:00@4857.42,3,2026-04-08T03:45:00,4809.17,2.076346,2026-04-08T15:15:00,4767.87,2026-04-08T17:45:00,4732.18,4,-3.56900000,2026-04-08T19:00:00,2026-04-08T19:45:00,2026-04-08T20:00:00,LINE_PASSED,0
a5f177d5505beeff,M15,L3,LONG,DESIGN,2026-04-08T01:45:00,4818.31,4761.65,4819.80,2026-04-08T01:30:00@4712.93;2026-04-08T02:15:00@4829.10;2026-04-08T02:30:00@4804.08,1,,NA,NA,,NA,,NA,0,NA,,,2026-04-08T02:45:00,STRUCTURE_FAILED,0
a28ba29a005c93e2,M15,L2,SHORT,DESIGN,2026-04-08T12:30:00,4782.33,4776.83,4803.70,2026-04-08T12:15:00@4806.62;2026-04-08T12:45:00@4776.37;2026-04-08T13:00:00@4790.40,1,,NA,NA,,NA,,NA,0,NA,,,2026-04-08T13:15:00,STRUCTURE_FAILED,0
f4c2dbdb27fdec83,M15,L3,SHORT,DESIGN,2026-04-08T12:30:00,4782.33,4776.83,4803.70,2026-04-08T12:15:00@4806.62;2026-04-08T12:45:00@4776.37;2026-04-08T13:00:00@4790.40,1,,NA,NA,,NA,,NA,0,NA,,,2026-04-08T13:15:00,STRUCTURE_FAILED,0
0de6fc0f7d337548,M15,L3,SHORT,DESIGN,2026-04-08T21:15:00,4722.49,4716.75,4744.34,2026-04-08T19:45:00@4765.63;2026-04-08T22:00:00@4699.31;2026-04-08T23:00:00@4732.28,1,,NA,NA,,NA,,NA,0,NA,,,2026-04-08T23:45:00,STRUCTURE_FAILED,0
46cfd7f681d6e5bd,M15,L2,LONG,DESIGN,2026-04-09T13:15:00,4738.16,4723.63,4739.81,2026-04-09T10:45:00@4711.57;2026-04-09T15:00:00@4759.67;2026-04-09T15:15:00@4734.98,1,,NA,NA,,NA,,NA,0,NA,,,2026-04-09T15:30:00,STRUCTURE_FAILED,0
d8b396e545a7ad8d,M15,L3,LONG,DESIGN,2026-04-09T13:15:00,4738.16,4723.63,4739.81,2026-04-09T10:45:00@4711.57;2026-04-09T15:00:00@4759.67;2026-04-09T15:15:00@4734.98,1,,NA,NA,,NA,,NA,0,NA,,,2026-04-09T15:30:00,STRUCTURE_FAILED,0
ea7cfddbf1456dd9,M15,L3,LONG,DESIGN,2026-04-10T15:30:00,4772.54,4761.98,4782.44,2026-04-10T13:00:00@4742.29;2026-04-10T15:30:00@4782.44;2026-04-10T15:45:00@4763.77,1,,NA,NA,,NA,,NA,0,NA,,,2026-04-10T16:00:00,STRUCTURE_FAILED,0
d9dfbf75e4f0680b,M15,L2,LONG,DESIGN,2026-04-10T17:00:00,4780.22,4767.42,4780.72,2026-04-10T16:30:00@4764.88;2026-04-10T17:30:00@4795.07;2026-04-10T18:00:00@4769.55,1,,NA,NA,,NA,,NA,0,NA,,,2026-04-10T18:15:00,STRUCTURE_FAILED,0
c8a07e15e1f5ff68,M15,L3,LONG,DESIGN,2026-04-10T17:00:00,4780.22,4767.42,4780.72,2026-04-10T16:30:00@4764.88;2026-04-10T17:30:00@4795.07;2026-04-10T18:00:00@4769.55,1,,NA,NA,,NA,,NA,0,NA,,,2026-04-10T18:15:00,STRUCTURE_FAILED,0
e035b6b825f56e05,M15,L3,SHORT,DESIGN,2026-04-10T23:15:00,4745.36,4740.81,4753.55,2026-04-10T21:30:00@4773.30;2026-04-10T23:15:00@4740.81;2026-04-10T23:30:00@4752.53,1,,NA,NA,,NA,,NA,0,NA,,,2026-04-13T01:00:00,STRUCTURE_FAILED,0
f470a164f5b182fa,M15,L2,LONG,DESIGN,2026-04-13T08:45:00,4729.36,4720.55,4730.84,2026-04-13T07:00:00@4708.60;2026-04-13T09:30:00@4732.69;2026-04-13T09:45:00@4720.83,1,,NA,NA,,NA,,NA,0,NA,,,2026-04-13T10:00:00,STRUCTURE_FAILED,0
b7cb5e56f3c53119,M15,L3,LONG,DESIGN,2026-04-13T08:45:00,4729.36,4720.55,4730.84,2026-04-13T07:00:00@4708.60;2026-04-13T09:30:00@4732.69;2026-04-13T09:45:00@4720.83,1,,NA,NA,,NA,,NA,0,NA,,,2026-04-13T10:00:00,STRUCTURE_FAILED,0
ecca130748f9c1ac,M15,L4,LONG,DESIGN,2026-04-13T09:15:00,4731.62,4725.37,4731.93,2026-04-13T07:00:00@4708.60;2026-04-13T09:30:00@4732.69;2026-04-13T09:45:00@4720.83,1,,NA,NA,,NA,,NA,0,NA,,,2026-04-13T10:00:00,STRUCTURE_FAILED,0
9f5310ea089683a9,M15,L3,SHORT,DESIGN,2026-04-13T14:30:00,4707.58,4704.26,4722.37,2026-04-13T14:00:00@4729.11;2026-04-13T14:45:00@4703.51;2026-04-13T15:00:00@4720.28,1,,NA,NA,,NA,,NA,0,NA,,,2026-04-13T15:15:00,STRUCTURE_FAILED,0
3972c4c10ef61c6d,M15,L3,LONG,DESIGN,2026-04-13T19:30:00,4740.38,4728.58,4740.60,2026-04-13T18:00:00@4700.13;2026-04-13T19:45:00@4746.38;2026-04-13T20:00:00@4725.53,1,,NA,NA,,NA,,NA,0,NA,,,2026-04-13T20:15:00,STRUCTURE_FAILED,0
4906ba0213e909d8,M15,L1,LONG,DESIGN,2026-04-14T01:30:00,4750.40,4746.33,4750.43,2026-04-14T01:15:00@4745.65;2026-04-14T02:00:00@4765.60;2026-04-14T03:00:00@4751.59;2026-04-14T04:00:00@4777.55;2026-04-14T04:45:00@4761.88;2026-04-14T05:45:00@4777.14,2,,NA,NA,,NA,,NA,0,NA,,,2026-04-14T06:00:00,STRUCTURE_FAILED,0
850eb6e7e29911be,M15,L3,LONG,DESIGN,2026-04-14T01:30:00,4750.40,4746.33,4750.43,2026-04-14T01:15:00@4745.65;2026-04-14T02:00:00@4765.60;2026-04-14T03:00:00@4751.59;2026-04-14T04:00:00@4777.55;2026-04-14T04:45:00@4761.88;2026-04-14T05:45:00@4777.14,2,,NA,NA,,NA,,NA,0,NA,,,2026-04-14T06:00:00,STRUCTURE_FAILED,0
7853421499eea06c,M15,L3,LONG,DESIGN,2026-04-14T04:00:00,4775.93,4762.40,4777.55,2026-04-14T03:00:00@4751.59;2026-04-14T04:00:00@4777.55;2026-04-14T04:45:00@4761.88,1,,NA,NA,,NA,,NA,0,NA,,,2026-04-14T05:00:00,STRUCTURE_FAILED,0
fea1b0d5af6ae659,M15,L2,LONG,DESIGN,2026-04-14T09:45:00,4782.04,4768.92,4782.99,2026-04-14T08:30:00@4757.94;2026-04-14T10:00:00@4796.63;2026-04-14T10:15:00@4767.65,1,,NA,NA,,NA,,NA,0,NA,,,2026-04-14T10:30:00,STRUCTURE_FAILED,0
93cd518ccc13b022,M15,L3,LONG,DESIGN,2026-04-14T09:45:00,4782.04,4768.92,4782.99,2026-04-14T08:30:00@4757.94;2026-04-14T10:00:00@4796.63;2026-04-14T10:15:00@4767.65,1,,NA,NA,,NA,,NA,0,NA,,,2026-04-14T10:30:00,STRUCTURE_FAILED,0
09dc9538cfaf9798,M15,L3,LONG,DESIGN,2026-04-14T17:15:00,4809.41,4794.94,4810.79,2026-04-14T16:45:00@4789.10;2026-04-14T17:30:00@4818.09;2026-04-14T18:00:00@4791.19,1,,NA,NA,,NA,,NA,0,NA,,,2026-04-14T18:15:00,STRUCTURE_FAILED,0
2f27ad34b010299a,M15,L3,LONG,DESIGN,2026-04-14T22:45:00,4845.05,4839.88,4846.26,2026-04-14T21:45:00@4830.92;2026-04-15T01:00:00@4850.87;2026-04-15T01:45:00@4833.16,1,,NA,NA,,NA,,NA,0,NA,,,2026-04-15T02:00:00,STRUCTURE_FAILED,0
6343132113224b90,M15,L1,LONG,DESIGN,2026-04-15T04:00:00,4850.20,4828.16,4852.48,2026-04-15T03:30:00@4827.13;2026-04-15T04:15:00@4871.69;2026-04-15T04:45:00@4839.78,1,,NA,NA,,NA,,NA,0,NA,,,2026-04-15T05:00:00,STRUCTURE_FAILED,0
9f974288f848a01e,M15,L2,SHORT,DESIGN,2026-04-15T08:30:00,4816.83,4812.67,4827.87,2026-04-15T08:15:00@4830.55;2026-04-15T08:30:00@4812.67;2026-04-15T09:00:00@4824.95,1,,NA,NA,,NA,,NA,0,NA,,,2026-04-15T09:15:00,STRUCTURE_FAILED,0
b533f77199f46568,M15,L3,LONG,DESIGN,2026-04-16T03:30:00,4832.60,4819.97,4837.69,2026-04-16T03:30:00@4819.97;2026-04-16T03:45:00@4837.35;2026-04-16T04:30:00@4811.24,1,,NA,NA,,NA,,NA,0,NA,,,2026-04-16T04:45:00,STRUCTURE_FAILED,0
f8288bb01d848756,M15,L2,SHORT,DESIGN,2026-04-16T13:00:00,4806.99,4806.91,4815.52,2026-04-16T13:00:00@4815.52;2026-04-16T13:30:00@4805.17;2026-04-16T15:00:00@4823.09,1,,NA,NA,,NA,,NA,0,NA,,,2026-04-16T15:15:00,STRUCTURE_FAILED,0
b3468cfdf8edb07d,M15,L3,SHORT,DESIGN,2026-04-16T16:45:00,4795.42,4784.31,4819.61,2026-04-16T16:00:00@4823.03;2026-04-16T16:45:00@4784.31;2026-04-16T17:00:00@4805.48,1,,NA,NA,,NA,,NA,0,NA,,,2026-04-16T17:15:00,STRUCTURE_FAILED,0
ce5f477f82323b71,M15,L1,SHORT,DESIGN,2026-04-16T20:15:00,4785.02,4784.65,4794.16,2026-04-16T19:00:00@4810.01;2026-04-16T20:30:00@4781.28;2026-04-16T22:45:00@4798.63,1,,NA,NA,,NA,,NA,0,NA,,,2026-04-16T23:00:00,STRUCTURE_FAILED,0
9d8039f51d3ba018,M15,L3,SHORT,DESIGN,2026-04-16T20:15:00,4785.02,4784.65,4794.16,2026-04-16T19:00:00@4810.01;2026-04-16T20:30:00@4781.28;2026-04-16T22:45:00@4798.63,1,,NA,NA,,NA,,NA,0,NA,,,2026-04-16T23:00:00,STRUCTURE_FAILED,0
1e92e1e02e15fb33,M15,L3,SHORT,DESIGN,2026-04-17T04:00:00,4779.04,4769.25,4795.70,2026-04-17T03:45:00@4801.12;2026-04-17T04:30:00@4767.64;2026-04-17T05:30:00@4794.68,1,,NA,NA,,NA,,NA,0,NA,,,2026-04-17T05:45:00,STRUCTURE_FAILED,0
5cf348f8e7e7545f,M15,L1,SHORT,DESIGN,2026-04-17T04:15:00,4768.77,4767.81,4785.09,2026-04-17T03:45:00@4801.12;2026-04-17T04:30:00@4767.64;2026-04-17T05:30:00@4794.68,1,,NA,NA,,NA,,NA,0,NA,,,2026-04-17T05:45:00,STRUCTURE_FAILED,0
23ab102150a96fc9,M15,L3,SHORT,DESIGN,2026-04-17T04:15:00,4768.77,4767.81,4785.09,2026-04-17T03:45:00@4801.12;2026-04-17T04:30:00@4767.64;2026-04-17T05:30:00@4794.68,1,,NA,NA,,NA,,NA,0,NA,,,2026-04-17T05:45:00,STRUCTURE_FAILED,0
98e37f52a6e874e8,M15,L3,LONG,DESIGN,2026-04-17T07:30:00,4800.97,4795.31,4801.39,2026-04-17T05:45:00@4784.38;2026-04-17T08:00:00@4806.23;2026-04-17T09:30:00@4779.26,1,,NA,NA,,NA,,NA,0,NA,,,2026-04-17T09:45:00,STRUCTURE_FAILED,0
88339eec6034f94e,M15,L3,LONG,DESIGN,2026-04-17T07:45:00,4803.14,4798.39,4804.47,2026-04-17T05:45:00@4784.38;2026-04-17T08:00:00@4806.23;2026-04-17T09:30:00@4779.26,1,,NA,NA,,NA,,NA,0,NA,,,2026-04-17T09:45:00,STRUCTURE_FAILED,0
4f03687892257eeb,M15,L2,LONG,DESIGN,2026-04-17T08:00:00,4804.97,4799.70,4806.23,2026-04-17T05:45:00@4784.38;2026-04-17T08:00:00@4806.23;2026-04-17T09:30:00@4779.26,1,,NA,NA,,NA,,NA,0,NA,,,2026-04-17T09:45:00,STRUCTURE_FAILED,0
29504a2a8613b8b9,M15,L3,LONG,DESIGN,2026-04-17T15:15:00,4816.93,4803.21,4819.60,2026-04-17T15:00:00@4797.68;2026-04-17T16:00:00@4891.64;2026-04-17T16:30:00@4848.49;2026-04-17T17:00:00@4885.61,1,,NA,NA,,NA,,NA,0,NA,,,2026-04-17T17:15:00,STRUCTURE_FAILED,0
eaf48f8f0c3ea9c7,M15,L1,LONG,DESIGN,2026-04-17T15:45:00,4846.42,4821.73,4847.70,2026-04-17T15:00:00@4797.68;2026-04-17T16:00:00@4891.64;2026-04-17T16:30:00@4848.49;2026-04-17T17:00:00@4885.61,1,,NA,NA,,NA,,NA,0,NA,,,2026-04-17T17:15:00,STRUCTURE_FAILED,0
cadd6c5b77310b51,M15,L3,LONG,DESIGN,2026-04-17T15:45:00,4846.42,4821.73,4847.70,2026-04-17T15:00:00@4797.68;2026-04-17T16:00:00@4891.64;2026-04-17T16:30:00@4848.49;2026-04-17T17:00:00@4885.61,1,,NA,NA,,NA,,NA,0,NA,,,2026-04-17T17:15:00,STRUCTURE_FAILED,0
44abc2eb652d57fd,M15,L3,LONG,DESIGN,2026-04-17T16:00:00,4883.21,4834.91,4891.64,2026-04-17T15:00:00@4797.68;2026-04-17T16:00:00@4891.64;2026-04-17T16:30:00@4848.49,1,,NA,NA,,NA,,NA,0,NA,,,2026-04-17T16:45:00,STRUCTURE_FAILED,0
6d63f159989ff848,M15,L3,SHORT,DESIGN,2026-04-20T02:00:00,4772.53,4771.96,4779.45,2026-04-20T01:15:00@4795.20;2026-04-20T02:45:00@4737.00;2026-04-20T04:45:00@4814.37,1,,NA,NA,,NA,,NA,0,NA,,,2026-04-20T05:00:00,STRUCTURE_FAILED,0
c42458d59a388dc2,M15,L1,SHORT,DESIGN,2026-04-20T02:30:00,4751.52,4745.71,4773.39,2026-04-20T01:15:00@4795.20;2026-04-20T02:45:00@4737.00;2026-04-20T04:45:00@4814.37,1,,NA,NA,,NA,,NA,0,NA,,,2026-04-20T05:00:00,STRUCTURE_FAILED,0
909d2f439a7f6ce0,M15,L3,SHORT,DESIGN,2026-04-20T02:30:00,4751.52,4745.71,4773.39,2026-04-20T01:15:00@4795.20;2026-04-20T02:45:00@4737.00;2026-04-20T04:45:00@4814.37,1,,NA,NA,,NA,,NA,0,NA,,,2026-04-20T05:00:00,STRUCTURE_FAILED,0
272f69a31b824727,M15,L3,LONG,DESIGN,2026-04-20T14:45:00,4810.49,4794.41,4810.84,2026-04-20T14:15:00@4786.56;2026-04-20T15:15:00@4822.30;2026-04-20T15:30:00@4799.06,1,,NA,NA,,NA,,NA,0,NA,,,2026-04-20T15:45:00,STRUCTURE_FAILED,0
5c9830fa1e97b7f4,M15,L2,LONG,DESIGN,2026-04-20T16:00:00,4815.44,4799.64,4816.97,2026-04-20T15:30:00@4799.06;2026-04-20T16:30:00@4826.31;2026-04-20T17:00:00@4806.87,1,,NA,NA,,NA,,NA,0,NA,,,2026-04-20T17:15:00,STRUCTURE_FAILED,0
76b50502812bbc07,M15,L3,LONG,DESIGN,2026-04-20T16:00:00,4815.44,4799.64,4816.97,2026-04-20T15:30:00@4799.06;2026-04-20T16:30:00@4826.31;2026-04-20T17:00:00@4806.87,1,,NA,NA,,NA,,NA,0,NA,,,2026-04-20T17:15:00,STRUCTURE_FAILED,0
1bef077f8e189f7d,M15,L1,LONG,DESIGN,2026-04-21T01:00:00,4829.01,4819.79,4832.34,2026-04-20T22:30:00@4810.27;2026-04-21T01:15:00@4833.20;2026-04-21T02:45:00@4819.87,1,,NA,NA,,NA,,NA,0,NA,,,2026-04-21T03:00:00,STRUCTURE_FAILED,0
3d554d89d3b756ca,M15,L3,LONG,DESIGN,2026-04-21T01:00:00,4829.01,4819.79,4832.34,2026-04-20T22:30:00@4810.27;2026-04-21T01:15:00@4833.20;2026-04-21T02:45:00@4819.87,1,,NA,NA,,NA,,NA,0,NA,,,2026-04-21T03:00:00,STRUCTURE_FAILED,0
3707726b1f145df0,M15,L3,SHORT,DESIGN,2026-04-21T07:15:00,4792.14,4791.16,4796.56,2026-04-21T03:45:00@4826.23;2026-04-21T08:00:00@4785.86;2026-04-21T08:30:00@4796.91,1,,NA,NA,,NA,,NA,0,NA,,,2026-04-21T08:45:00,STRUCTURE_FAILED,0
5329546c6ed7d465,M15,L2,SHORT,DESIGN,2026-04-21T08:15:00,4787.49,4785.93,4791.37,,0,,NA,NA,,NA,,NA,0,NA,,,2026-04-21T08:45:00,NO_LEG1,0
392f32fe49f5968c,M15,L3,SHORT,DESIGN,2026-04-21T09:15:00,4778.76,4775.27,4785.89,2026-04-21T08:30:00@4796.91;2026-04-21T10:00:00@4772.59;2026-04-21T10:45:00@4792.70,1,,NA,NA,,NA,,NA,0,NA,,,2026-04-21T11:00:00,STRUCTURE_FAILED,0
5e788bfb60076c87,M15,L3,LONG,DESIGN,2026-04-21T14:45:00,4794.63,4791.86,4798.16,2026-04-21T14:00:00@4775.32;2026-04-21T14:45:00@4798.16;2026-04-21T15:30:00@4766.33,1,,NA,NA,,NA,,NA,0,NA,,,2026-04-21T15:45:00,STRUCTURE_FAILED,0
1369c7497834ae55,M15,L3,SHORT,DESIGN,2026-04-21T16:00:00,4765.25,4764.73,4783.79,2026-04-21T16:00:00@4783.79;2026-04-21T16:15:00@4760.57;2026-04-21T16:45:00@4794.41,1,,NA,NA,,NA,,NA,0,NA,,,2026-04-21T17:00:00,STRUCTURE_FAILED,0
e2bdc6b9fd27180f,M15,L3,SHORT,DESIGN,2026-04-21T17:30:00,4744.82,4743.67,4775.01,2026-04-21T16:45:00@4794.41;2026-04-21T17:45:00@4723.47;2026-04-21T18:15:00@4757.73,1,,NA,NA,,NA,,NA,0,NA,,,2026-04-21T18:30:00,STRUCTURE_FAILED,0
6bd92aa9d9c5cb14,M15,L1,SHORT,DESIGN,2026-04-21T19:00:00,4730.36,4726.82,4746.78,2026-04-21T18:15:00@4757.73;2026-04-21T20:30:00@4697.02;2026-04-21T20:45:00@4718.76;2026-04-21T21:15:00@4692.46;2026-04-21T22:15:00@4715.11;2026-04-21T22:30:00@4668.41,3,2026-04-21T23:00:00,4702.20,2.172377,,NA,,NA,0,NA,,,2026-04-22T01:30:00,STRUCTURE_FAILED,0
05020b5860f38e1b,M15,L3,SHORT,DESIGN,2026-04-21T19:00:00,4730.36,4726.82,4746.78,2026-04-21T18:15:00@4757.73;2026-04-21T20:30:00@4697.02;2026-04-21T20:45:00@4718.76;2026-04-21T21:15:00@4692.46;2026-04-21T22:15:00@4715.11;2026-04-21T22:30:00@4668.41,3,2026-04-21T23:00:00,4702.20,2.172377,,NA,,NA,0,NA,,,2026-04-22T01:30:00,STRUCTURE_FAILED,0
b41d858daf2916bc,M15,L2,LONG,DESIGN,2026-04-22T08:15:00,4766.07,4756.28,4771.58,2026-04-22T08:00:00@4752.18;2026-04-22T08:15:00@4771.58;2026-04-22T08:30:00@4763.76,1,,NA,NA,,NA,,NA,0,NA,,,2026-04-22T08:45:00,STRUCTURE_FAILED,0
9e0fc62a06064e5c,M15,L3,SHORT,DESIGN,2026-04-22T13:00:00,4748.53,4745.83,4757.64,2026-04-22T12:30:00@4762.45;2026-04-22T13:00:00@4745.83;2026-04-22T14:15:00@4760.78,1,,NA,NA,,NA,,NA,0,NA,,,2026-04-22T14:30:00,STRUCTURE_FAILED,0
a7bcff5e7c0ad4e5,M15,L1,SHORT,DESIGN,2026-04-23T03:00:00,4699.25,4698.61,4728.21,2026-04-23T01:00:00@4746.67;2026-04-23T03:15:00@4694.19;2026-04-23T03:45:00@4753.84,1,,NA,NA,,NA,,NA,0,NA,,,2026-04-23T04:00:00,STRUCTURE_FAILED,0
060cfcc5b028c05e,M15,L3,SHORT,DESIGN,2026-04-23T03:00:00,4699.25,4698.61,4728.21,2026-04-23T01:00:00@4746.67;2026-04-23T03:15:00@4694.19;2026-04-23T03:45:00@4753.84,1,,NA,NA,,NA,,NA,0,NA,,,2026-04-23T04:00:00,STRUCTURE_FAILED,0
aad7a4f0a3034893,M15,L2,SHORT,DESIGN,2026-04-23T13:00:00,4689.04,4685.10,4701.66,2026-04-23T11:00:00@4724.95;2026-04-23T13:15:00@4684.18;2026-04-23T15:00:00@4738.72,1,,NA,NA,,NA,,NA,0,NA,,,2026-04-23T15:15:00,STRUCTURE_FAILED,0
d99ab0fe5e8abb2b,M15,L3,SHORT,DESIGN,2026-04-23T13:00:00,4689.04,4685.10,4701.66,2026-04-23T11:00:00@4724.95;2026-04-23T13:15:00@4684.18;2026-04-23T15:00:00@4738.72,1,,NA,NA,,NA,,NA,0,NA,,,2026-04-23T15:15:00,STRUCTURE_FAILED,0
2a0c39a8c17ecf21,M15,L3,LONG,DESIGN,2026-04-23T15:00:00,4729.19,4719.55,4738.72,2026-04-23T13:15:00@4684.18;2026-04-23T15:00:00@4738.72;2026-04-23T15:15:00@4725.92,1,,NA,NA,,NA,,NA,0,NA,,,2026-04-23T15:30:00,STRUCTURE_FAILED,0
6a5392143991b45a,M15,L3,SHORT,DESIGN,2026-04-23T20:30:00,4677.33,4673.29,4714.07,2026-04-23T19:45:00@4737.15;2026-04-23T20:45:00@4664.22;2026-04-23T21:00:00@4722.24,1,,NA,NA,,NA,,NA,0,NA,,,2026-04-23T21:30:00,STRUCTURE_FAILED,0
0a21a9bca31101ce,M15,L4,LONG,DESIGN,2026-04-24T04:00:00,4709.40,4695.86,4710.01,2026-04-24T04:00:00@4695.86;2026-04-24T04:15:00@4711.08;2026-04-24T07:30:00@4657.58,1,,NA,NA,,NA,,NA,0,NA,,,2026-04-24T07:45:00,STRUCTURE_FAILED,0
f9ae6f01298913a7,M15,L3,SHORT,DESIGN,2026-04-24T05:15:00,4683.69,4682.10,4696.11,2026-04-24T04:15:00@4711.08;2026-04-24T07:30:00@4657.58;2026-04-24T09:00:00@4688.08,1,,NA,NA,,NA,,NA,0,NA,,,2026-04-24T09:15:00,STRUCTURE_FAILED,0
4aa7ee5123652a06,M15,L4,SHORT,DESIGN,2026-04-24T05:15:00,4683.69,4682.10,4696.11,2026-04-24T04:15:00@4711.08;2026-04-24T07:30:00@4657.58;2026-04-24T09:00:00@4688.08,1,,NA,NA,,NA,,NA,0,NA,,,2026-04-24T09:15:00,STRUCTURE_FAILED,0
37e9f73b8ccda997,M15,L1,SHORT,DESIGN,2026-04-24T07:15:00,4659.47,4658.46,4670.75,2026-04-24T04:15:00@4711.08;2026-04-24T07:30:00@4657.58;2026-04-24T09:00:00@4688.08,1,,NA,NA,,NA,,NA,0,NA,,,2026-04-24T09:15:00,STRUCTURE_FAILED,0
d3a0253286a1fa94,M15,L3,SHORT,DESIGN,2026-04-24T07:15:00,4659.47,4658.46,4670.75,2026-04-24T04:15:00@4711.08;2026-04-24T07:30:00@4657.58;2026-04-24T09:00:00@4688.08,1,,NA,NA,,NA,,NA,0,NA,,,2026-04-24T09:15:00,STRUCTURE_FAILED,0
26ca784ff9439aaf,M15,L2,LONG,DESIGN,2026-04-24T14:15:00,4715.47,4692.53,4717.14,2026-04-24T13:30:00@4674.65;2026-04-24T14:30:00@4717.35;2026-04-24T15:45:00@4690.37,1,,NA,NA,,NA,,NA,0,NA,,,2026-04-24T16:00:00,STRUCTURE_FAILED,0
d88376ba0ac7e02e,M15,L3,LONG,DESIGN,2026-04-24T14:15:00,4715.47,4692.53,4717.14,2026-04-24T13:30:00@4674.65;2026-04-24T14:30:00@4717.35;2026-04-24T15:45:00@4690.37,1,,NA,NA,,NA,,NA,0,NA,,,2026-04-24T16:00:00,STRUCTURE_FAILED,0
7bdd966f0c393774,M15,L3,SHORT,DESIGN,2026-04-27T11:45:00,4706.73,4705.58,4714.69,2026-04-27T11:45:00@4714.69;2026-04-27T12:30:00@4699.38;2026-04-27T13:00:00@4706.86,1,,NA,NA,,NA,,NA,0,NA,,,2026-04-27T13:15:00,STRUCTURE_FAILED,0
3c0d97e1871be577,M15,L3,SHORT,DESIGN,2026-04-27T15:30:00,4698.87,4697.00,4707.83,2026-04-27T15:15:00@4712.60;2026-04-27T16:00:00@4693.28;2026-04-27T16:15:00@4703.41,1,,NA,NA,,NA,,NA,0,NA,,,2026-04-27T16:30:00,STRUCTURE_FAILED,0
0fdb293c86cecbd8,M15,L3,SHORT,DESIGN,2026-04-27T18:00:00,4674.54,4667.13,4679.41,2026-04-27T16:45:00@4697.37;2026-04-27T18:00:00@4667.13;2026-04-27T18:30:00@4682.52,1,,NA,NA,,NA,,NA,0,NA,,,2026-04-27T18:45:00,STRUCTURE_FAILED,0
b52054c9980d26e9,M15,L2,SHORT,DESIGN,2026-04-27T18:45:00,4670.02,4667.79,4678.05,2026-04-27T18:30:00@4682.52;2026-04-27T19:00:00@4667.30;2026-04-27T19:30:00@4679.50,1,,NA,NA,,NA,,NA,0,NA,,,2026-04-27T20:00:00,STRUCTURE_FAILED,0
7e3717904bfa2266,M15,L3,SHORT,DESIGN,2026-04-27T18:45:00,4670.02,4667.79,4678.05,2026-04-27T18:30:00@4682.52;2026-04-27T19:00:00@4667.30;2026-04-27T19:30:00@4679.50,1,,NA,NA,,NA,,NA,0,NA,,,2026-04-27T20:00:00,STRUCTURE_FAILED,0
c821f43b26ed395c,M15,L3,LONG,DESIGN,2026-04-28T01:00:00,4689.28,4682.20,4691.15,2026-04-27T22:30:00@4676.64;2026-04-28T01:00:00@4691.15;2026-04-28T01:45:00@4686.12,1,,NA,NA,,NA,,NA,0,NA,,,2026-04-28T02:15:00,STRUCTURE_FAILED,0
c4b3951330cca568,M15,L1,SHORT,DESIGN,2026-04-28T08:00:00,4652.34,4648.34,4667.97,2026-04-28T06:15:00@4675.72;2026-04-28T08:00:00@4648.34;2026-04-28T08:15:00@4659.54,1,,NA,NA,,NA,,NA,0,NA,,,2026-04-28T08:30:00,STRUCTURE_FAILED,0
8ea0f3a9e39a7095,M15,L2,SHORT,DESIGN,2026-04-28T08:00:00,4652.34,4648.34,4667.97,2026-04-28T06:15:00@4675.72;2026-04-28T08:00:00@4648.34;2026-04-28T08:15:00@4659.54,1,,NA,NA,,NA,,NA,0,NA,,,2026-04-28T08:30:00,STRUCTURE_FAILED,0
011fe1d7b605fad3,M15,L3,SHORT,DESIGN,2026-04-28T08:00:00,4652.34,4648.34,4667.97,2026-04-28T06:15:00@4675.72;2026-04-28T08:00:00@4648.34;2026-04-28T08:15:00@4659.54,1,,NA,NA,,NA,,NA,0,NA,,,2026-04-28T08:30:00,STRUCTURE_FAILED,0
49ca2fc568aff73b,M15,L3,LONG,DESIGN,2026-04-29T03:00:00,4607.36,4594.80,4610.58,2026-04-29T02:30:00@4587.86;2026-04-29T03:00:00@4610.58;2026-04-29T04:00:00@4575.72,1,,NA,NA,,NA,,NA,0,NA,,,2026-04-29T04:15:00,STRUCTURE_FAILED,0
845d4871bef5a860,M15,L4,LONG,DESIGN,2026-04-29T03:00:00,4607.36,4594.80,4610.58,2026-04-29T02:30:00@4587.86;2026-04-29T03:00:00@4610.58;2026-04-29T04:00:00@4575.72,1,,NA,NA,,NA,,NA,0,NA,,,2026-04-29T04:15:00,STRUCTURE_FAILED,0
a4a05461a0e6bcad,M15,L2,SHORT,DESIGN,2026-04-29T10:15:00,4575.16,4569.63,4581.30,2026-04-29T08:00:00@4607.62;2026-04-29T11:30:00@4557.29;2026-04-29T12:15:00@4580.86,1,,NA,NA,,NA,,NA,0,NA,,,2026-04-29T12:30:00,STRUCTURE_FAILED,0
bedccc7047a68382,M15,L3,SHORT,DESIGN,2026-04-29T10:15:00,4575.16,4569.63,4581.30,2026-04-29T08:00:00@4607.62;2026-04-29T11:30:00@4557.29;2026-04-29T12:15:00@4580.86,1,,NA,NA,,NA,,NA,0,NA,,,2026-04-29T12:30:00,STRUCTURE_FAILED,0
0e4abbd9baf5c744,M15,L1,SHORT,DESIGN,2026-04-29T15:45:00,4544.91,4541.52,4559.98,2026-04-29T15:15:00@4569.01;2026-04-29T15:45:00@4541.52;2026-04-29T16:00:00@4553.23,1,,NA,NA,,NA,,NA,0,NA,,,2026-04-29T16:15:00,STRUCTURE_FAILED,0
5dc8ec2b87d70252,M15,L3,SHORT,DESIGN,2026-04-29T15:45:00,4544.91,4541.52,4559.98,2026-04-29T15:15:00@4569.01;2026-04-29T15:45:00@4541.52;2026-04-29T16:00:00@4553.23,1,,NA,NA,,NA,,NA,0,NA,,,2026-04-29T16:15:00,STRUCTURE_FAILED,0
c37c255a7656e8b7,M15,L3,LONG,DESIGN,2026-04-30T03:30:00,4566.97,4562.27,4567.00,2026-04-30T03:15:00@4556.53;2026-04-30T03:45:00@4574.12;2026-04-30T04:00:00@4564.64,1,,NA,NA,,NA,,NA,0,NA,,,2026-04-30T04:15:00,STRUCTURE_FAILED,0
9fb5e8ed496092bf,M15,L2,LONG,DESIGN,2026-04-30T09:45:00,4589.59,4574.72,4591.59,2026-04-30T09:00:00@4560.17;2026-04-30T10:00:00@4595.58;2026-04-30T10:15:00@4584.95,1,,NA,NA,,NA,,NA,0,NA,,,2026-04-30T10:30:00,STRUCTURE_FAILED,0
6baba496b0a98044,M15,L3,LONG,DESIGN,2026-04-30T09:45:00,4589.59,4574.72,4591.59,2026-04-30T09:00:00@4560.17;2026-04-30T10:00:00@4595.58;2026-04-30T10:15:00@4584.95,1,,NA,NA,,NA,,NA,0,NA,,,2026-04-30T10:30:00,STRUCTURE_FAILED,0
dcf2bcd949e2aaa5,M15,L1,LONG,DESIGN,2026-04-30T11:00:00,4618.83,4597.38,4629.79,2026-04-30T10:15:00@4584.95;2026-04-30T11:00:00@4629.79;2026-04-30T11:15:00@4612.04,1,,NA,NA,,NA,,NA,0,NA,,,2026-04-30T12:15:00,STRUCTURE_FAILED,0
e8c7bd71e10b76b2,M15,L3,LONG,DESIGN,2026-04-30T11:00:00,4618.83,4597.38,4629.79,2026-04-30T10:15:00@4584.95;2026-04-30T11:00:00@4629.79;2026-04-30T11:15:00@4612.04,1,,NA,NA,,NA,,NA,0,NA,,,2026-04-30T12:15:00,STRUCTURE_FAILED,0
2ebcd88b35c78805,M15,L3,SHORT,DESIGN,2026-05-01T07:30:00,4613.51,4612.15,4618.14,2026-05-01T06:30:00@4632.02;2026-05-01T08:00:00@4607.60;2026-05-01T08:15:00@4616.21,1,,NA,NA,,NA,,NA,0,NA,,,2026-05-01T08:30:00,STRUCTURE_FAILED,0
7fd68d86b6e66474,M15,L3,SHORT,DESIGN,2026-05-01T08:45:00,4604.91,4602.95,4613.54,2026-05-01T08:15:00@4616.21;2026-05-01T12:00:00@4564.35;2026-05-01T12:30:00@4573.03;2026-05-01T12:45:00@4560.22;2026-05-01T13:30:00@4576.08,2,,NA,NA,,NA,,NA,0,NA,,,2026-05-01T13:45:00,STRUCTURE_FAILED,0
2e4be532c6bf92a0,M15,L1,LONG,DESIGN,2026-05-01T17:00:00,4656.09,4624.90,4660.22,2026-05-01T16:30:00@4586.45;2026-05-01T17:15:00@4660.38;2026-05-01T18:00:00@4619.09,1,,NA,NA,,NA,,NA,0,NA,,,2026-05-01T18:15:00,STRUCTURE_FAILED,0
e9a0260f759c7f2e,M15,L2,LONG,DESIGN,2026-05-01T17:00:00,4656.09,4624.90,4660.22,2026-05-01T16:30:00@4586.45;2026-05-01T17:15:00@4660.38;2026-05-01T18:00:00@4619.09,1,,NA,NA,,NA,,NA,0,NA,,,2026-05-01T18:15:00,STRUCTURE_FAILED,0
6b69b64893bff0f5,M15,L3,LONG,DESIGN,2026-05-01T17:00:00,4656.09,4624.90,4660.22,2026-05-01T16:30:00@4586.45;2026-05-01T17:15:00@4660.38;2026-05-01T18:00:00@4619.09,1,,NA,NA,,NA,,NA,0,NA,,,2026-05-01T18:15:00,STRUCTURE_FAILED,0
37184a35accb0a2b,M15,L3,SHORT,DESIGN,2026-05-04T03:15:00,4605.99,4601.65,4614.63,2026-05-04T01:30:00@4629.32;2026-05-04T03:15:00@4601.65;2026-05-04T04:00:00@4613.97,1,,NA,NA,,NA,,NA,0,NA,,,2026-05-04T04:15:00,STRUCTURE_FAILED,0
ba01d1d60817f9f6,M15,L2,SHORT,DESIGN,2026-05-04T09:30:00,4585.36,4584.36,4595.55,2026-05-04T09:15:00@4597.80;2026-05-04T09:45:00@4583.67;2026-05-04T10:00:00@4593.36,1,,NA,NA,,NA,,NA,0,NA,,,2026-05-04T10:15:00,STRUCTURE_FAILED,0
8a8f1c953c2bf889,M15,L3,SHORT,DESIGN,2026-05-04T09:30:00,4585.36,4584.36,4595.55,2026-05-04T09:15:00@4597.80;2026-05-04T09:45:00@4583.67;2026-05-04T10:00:00@4593.36,1,,NA,NA,,NA,,NA,0,NA,,,2026-05-04T10:15:00,STRUCTURE_FAILED,0
70e39ad99debe19c,M15,L1,SHORT,DESIGN,2026-05-04T13:00:00,4541.88,4537.37,4575.72,2026-05-04T12:15:00@4584.45;2026-05-04T13:15:00@4525.96;2026-05-04T14:00:00@4570.84,1,,NA,NA,,NA,,NA,0,NA,,,2026-05-04T14:30:00,STRUCTURE_FAILED,0
faedf89d2f7dd98c,M15,L3,SHORT,DESIGN,2026-05-04T13:00:00,4541.88,4537.37,4575.72,2026-05-04T12:15:00@4584.45;2026-05-04T13:15:00@4525.96;2026-05-04T14:00:00@4570.84,1,,NA,NA,,NA,,NA,0,NA,,,2026-05-04T14:30:00,STRUCTURE_FAILED,0
a3129b780798624e,M15,L3,SHORT,DESIGN,2026-05-04T18:15:00,4537.93,4514.53,4555.65,2026-05-04T17:30:00@4583.27;2026-05-04T18:15:00@4514.53;2026-05-04T18:30:00@4543.01,1,,NA,NA,,NA,,NA,0,NA,,,2026-05-04T18:45:00,STRUCTURE_FAILED,0
180e980fb4d95bfd,M15,L3,SHORT,DESIGN,2026-05-04T18:45:00,4521.43,4513.50,4535.11,2026-05-04T18:30:00@4543.01;2026-05-04T19:00:00@4500.70;2026-05-04T19:15:00@4526.95,1,,NA,NA,,NA,,NA,0,NA,,,2026-05-04T19:45:00,STRUCTURE_FAILED,0
3be603421730db6a,M15,L3,SHORT,DESIGN,2026-05-04T19:00:00,4509.62,4500.70,4525.41,2026-05-04T18:30:00@4543.01;2026-05-04T19:00:00@4500.70;2026-05-04T19:15:00@4526.95,1,,NA,NA,,NA,,NA,0,NA,,,2026-05-04T19:45:00,STRUCTURE_FAILED,0
732a5bf598743a98,M15,L4,LONG,DESIGN,2026-05-05T03:00:00,4527.84,4517.63,4528.52,2026-05-05T01:45:00@4515.54;2026-05-05T03:00:00@4528.52;2026-05-05T03:15:00@4513.60,1,,NA,NA,,NA,,NA,0,NA,,,2026-05-05T03:30:00,STRUCTURE_FAILED,0
ffa850cbad0afb6a,M15,L2,LONG,DESIGN,2026-05-05T09:45:00,4548.08,4545.54,4550.89,2026-05-05T09:15:00@4533.79;2026-05-05T10:30:00@4558.35;2026-05-05T10:45:00@4543.31,1,,NA,NA,,NA,,NA,0,NA,,,2026-05-05T11:00:00,STRUCTURE_FAILED,0
8ac6281c93ca214d,M15,L3,LONG,DESIGN,2026-05-05T09:45:00,4548.08,4545.54,4550.89,2026-05-05T09:15:00@4533.79;2026-05-05T10:30:00@4558.35;2026-05-05T10:45:00@4543.31,1,,NA,NA,,NA,,NA,0,NA,,,2026-05-05T11:00:00,STRUCTURE_FAILED,0
7112dc73e8f19b57,M15,L3,LONG,DESIGN,2026-05-05T17:15:00,4584.34,4565.94,4586.65,2026-05-05T16:30:00@4571.71;2026-05-05T17:15:00@4586.65;2026-05-05T19:30:00@4553.72,1,,NA,NA,,NA,,NA,0,NA,,,2026-05-05T19:45:00,STRUCTURE_FAILED,0
73e7937c6d080fdd,M15,L1,LONG,DESIGN,2026-05-06T02:00:00,4588.74,4569.34,4590.55,2026-05-06T01:30:00@4546.29;2026-05-06T02:00:00@4590.55;2026-05-06T02:30:00@4579.44,1,,NA,NA,,NA,,NA,0,NA,,,2026-05-06T02:45:00,STRUCTURE_FAILED,0
b955167ecda3b21a,M15,L3,LONG,DESIGN,2026-05-06T02:00:00,4588.74,4569.34,4590.55,2026-05-06T01:30:00@4546.29;2026-05-06T02:00:00@4590.55;2026-05-06T02:30:00@4579.44,1,,NA,NA,,NA,,NA,0,NA,,,2026-05-06T02:45:00,STRUCTURE_FAILED,0
c9d8955cf43c26b0,M15,L3,LONG,DESIGN,2026-05-06T03:45:00,4618.74,4609.53,4619.78,2026-05-06T02:30:00@4579.44;2026-05-06T05:15:00@4636.40;2026-05-06T05:30:00@4626.77;2026-05-06T06:30:00@4652.02;2026-05-06T06:45:00@4642.93;2026-05-06T08:00:00@4656.44;2026-05-06T08:30:00@4644.63;2026-05-06T10:00:00@4670.41;2026-05-06T10:15:00@4657.45;2026-05-06T11:00:00@4682.38;2026-05-06T11:30:00@4671.62;2026-05-06T12:00:00@4708.53;2026-05-06T12:15:00@4691.45;2026-05-06T12:30:00@4706.12,6,,NA,NA,,NA,,NA,0,NA,,,2026-05-06T12:45:00,NO_SPIKE,0
b1fa21e3acfbd600,M15,L3,LONG,DESIGN,2026-05-06T05:45:00,4640.69,4633.82,4641.83,2026-05-06T05:30:00@4626.77;2026-05-06T06:30:00@4652.02;2026-05-06T06:45:00@4642.93;2026-05-06T08:00:00@4656.44;2026-05-06T08:30:00@4644.63;2026-05-06T10:00:00@4670.41;2026-05-06T10:15:00@4657.45;2026-05-06T11:00:00@4682.38;2026-05-06T11:30:00@4671.62;2026-05-06T12:00:00@4708.53;2026-05-06T12:15:00@4691.45;2026-05-06T12:30:00@4706.12,5,,NA,NA,,NA,,NA,0,NA,,,2026-05-06T12:45:00,NO_SPIKE,0
0957f22c94fb8572,M15,L2,LONG,DESIGN,2026-05-06T08:00:00,4654.97,4648.92,4656.44,2026-05-06T06:45:00@4642.93;2026-05-06T08:00:00@4656.44;2026-05-06T08:30:00@4644.63,1,,NA,NA,,NA,,NA,0,NA,,,2026-05-06T08:45:00,STRUCTURE_FAILED,0
d039b285df8ef946,M15,L3,LONG,DESIGN,2026-05-06T08:45:00,4663.01,4649.29,4663.83,2026-05-06T08:30:00@4644.63;2026-05-06T10:00:00@4670.41;2026-05-06T10:15:00@4657.45,1,,NA,NA,,NA,,NA,0,NA,,,2026-05-06T10:30:00,STRUCTURE_FAILED,0
f00e6f9eb7e4c6ee,M15,L3,LONG,DESIGN,2026-05-07T04:00:00,4709.71,4685.19,4711.20,2026-05-07T04:00:00@4685.19;2026-05-07T04:45:00@4721.25;2026-05-07T05:30:00@4699.94,1,,NA,NA,,NA,,NA,0,NA,,,2026-05-07T05:45:00,STRUCTURE_FAILED,0
1b10989589fd1d23,M15,L4,LONG,DESIGN,2026-05-07T04:00:00,4709.71,4685.19,4711.20,2026-05-07T04:00:00@4685.19;2026-05-07T04:45:00@4721.25;2026-05-07T05:30:00@4699.94,1,,NA,NA,,NA,,NA,0,NA,,,2026-05-07T05:45:00,STRUCTURE_FAILED,0
e5edbaecb4c539bf,M15,L1,LONG,DESIGN,2026-05-07T09:30:00,4746.06,4716.07,4750.18,2026-05-07T07:30:00@4692.28;2026-05-07T09:30:00@4750.18;2026-05-07T10:00:00@4731.69,1,,NA,NA,,NA,,NA,0,NA,,,2026-05-07T10:15:00,STRUCTURE_FAILED,0
4a591c4cf8f885ea,M15,L2,LONG,DESIGN,2026-05-07T09:30:00,4746.06,4716.07,4750.18,2026-05-07T07:30:00@4692.28;2026-05-07T09:30:00@4750.18;2026-05-07T10:00:00@4731.69,1,,NA,NA,,NA,,NA,0,NA,,,2026-05-07T10:15:00,STRUCTURE_FAILED,0
c2ad29ba5d5193ef,M15,L3,LONG,DESIGN,2026-05-07T09:30:00,4746.06,4716.07,4750.18,2026-05-07T07:30:00@4692.28;2026-05-07T09:30:00@4750.18;2026-05-07T10:00:00@4731.69,1,,NA,NA,,NA,,NA,0,NA,,,2026-05-07T10:15:00,STRUCTURE_FAILED,0
836a7810d320b128,M15,L3,LONG,DESIGN,2026-05-07T17:15:00,4756.66,4741.03,4759.56,2026-05-07T16:45:00@4737.40;2026-05-07T17:15:00@4759.56;2026-05-07T17:30:00@4747.61,1,,NA,NA,,NA,,NA,0,NA,,,2026-05-07T17:45:00,STRUCTURE_FAILED,0
4ec697ffd931e371,M15,L3,SHORT,DESIGN,2026-05-07T19:00:00,4715.21,4713.48,4729.78,2026-05-07T18:00:00@4764.79;2026-05-07T19:15:00@4704.34;2026-05-07T19:30:00@4720.87,1,,NA,NA,,NA,,NA,0,NA,,,2026-05-07T20:15:00,STRUCTURE_FAILED,0
b7a403cfbd328c7e,M15,L3,SHORT,DESIGN,2026-05-07T23:45:00,4685.22,4684.16,4703.89,2026-05-07T23:00:00@4719.23;2026-05-08T01:00:00@4677.48;2026-05-08T01:15:00@4699.53,1,,NA,NA,,NA,,NA,0,NA,,,2026-05-08T01:30:00,STRUCTURE_FAILED,0
03d542c5eb6ef0bf,M15,L3,LONG,DESIGN,2026-05-08T04:45:00,4722.85,4710.75,4725.45,2026-05-08T04:30:00@4705.09;2026-05-08T05:00:00@4732.72;2026-05-08T05:30:00@4707.02,1,,NA,NA,,NA,,NA,0,NA,,,2026-05-08T06:00:00,STRUCTURE_FAILED,0
153b4ebc995c27b5,M15,L2,LONG,DESIGN,2026-05-08T09:15:00,4733.60,4721.62,4734.69,2026-05-08T09:00:00@4712.65;2026-05-08T09:15:00@4734.69;2026-05-08T10:15:00@4697.07,1,,NA,NA,,NA,,NA,0,NA,,,2026-05-08T10:30:00,STRUCTURE_FAILED,0
71d8eb1d2d52a033,M15,L3,LONG,DESIGN,2026-05-08T09:15:00,4733.60,4721.62,4734.69,2026-05-08T09:00:00@4712.65;2026-05-08T09:15:00@4734.69;2026-05-08T10:15:00@4697.07,1,,NA,NA,,NA,,NA,0,NA,,,2026-05-08T10:30:00,STRUCTURE_FAILED,0
0c0a6e99df4aefdf,M15,L3,LONG,DESIGN,2026-05-08T16:30:00,4738.12,4726.86,4744.40,2026-05-08T16:00:00@4716.45;2026-05-08T17:00:00@4749.41;2026-05-08T18:45:00@4702.06,1,,NA,NA,,NA,,NA,0,NA,,,2026-05-08T19:15:00,STRUCTURE_FAILED,0
d88a21ee02d55b2e,M15,L1,SHORT,DESIGN,2026-05-11T07:00:00,4677.45,4673.35,4680.01,2026-05-11T06:30:00@4690.48;2026-05-11T08:45:00@4648.11;2026-05-11T09:45:00@4680.44,1,,NA,NA,,NA,,NA,0,NA,,,2026-05-11T10:45:00,STRUCTURE_FAILED,0
0f6b0355636b5093,M15,L3,SHORT,DESIGN,2026-05-11T07:00:00,4677.45,4673.35,4680.01,2026-05-11T06:30:00@4690.48;2026-05-11T08:45:00@4648.11;2026-05-11T09:45:00@4680.44,1,,NA,NA,,NA,,NA,0,NA,,,2026-05-11T10:45:00,STRUCTURE_FAILED,0
092c52faaf6b781a,M15,L2,SHORT,DESIGN,2026-05-11T08:30:00,4663.64,4662.09,4680.70,2026-05-11T06:30:00@4690.48;2026-05-11T08:45:00@4648.11;2026-05-11T09:45:00@4680.44,1,,NA,NA,,NA,,NA,0,NA,,,2026-05-11T10:45:00,STRUCTURE_FAILED,0
0006805881bddac9,M15,L3,SHORT,DESIGN,2026-05-11T08:30:00,4663.64,4662.09,4680.70,2026-05-11T06:30:00@4690.48;2026-05-11T08:45:00@4648.11;2026-05-11T09:45:00@4680.44,1,,NA,NA,,NA,,NA,0,NA,,,2026-05-11T10:45:00,STRUCTURE_FAILED,0
619ab3d9cfb66765,M15,L3,SHORT,DESIGN,2026-05-11T08:45:00,4652.27,4648.11,4664.02,2026-05-11T06:30:00@4690.48;2026-05-11T08:45:00@4648.11;2026-05-11T09:45:00@4680.44,1,,NA,NA,,NA,,NA,0,NA,,,2026-05-11T10:45:00,STRUCTURE_FAILED,0
05325a6de31bfa83,M15,L2,LONG,DESIGN,2026-05-11T16:00:00,4721.12,4698.74,4721.81,2026-05-11T15:00:00@4667.43;2026-05-11T16:45:00@4748.59;2026-05-11T17:00:00@4718.48,1,,NA,NA,,NA,,NA,0,NA,,,2026-05-11T17:15:00,STRUCTURE_FAILED,0
93ccdb5615edb3d7,M15,L3,LONG,DESIGN,2026-05-11T16:00:00,4721.12,4698.74,4721.81,2026-05-11T15:00:00@4667.43;2026-05-11T16:45:00@4748.59;2026-05-11T17:00:00@4718.48,1,,NA,NA,,NA,,NA,0,NA,,,2026-05-11T17:15:00,STRUCTURE_FAILED,0
ee5918ef7f557528,M15,L3,LONG,DESIGN,2026-05-11T16:30:00,4743.92,4728.28,4745.63,2026-05-11T15:00:00@4667.43;2026-05-11T16:45:00@4748.59;2026-05-11T17:00:00@4718.48,1,,NA,NA,,NA,,NA,0,NA,,,2026-05-11T17:15:00,STRUCTURE_FAILED,0
85684513d8f0574d,M15,L1,LONG,DESIGN,2026-05-12T01:45:00,4750.90,4744.22,4755.36,2026-05-11T19:30:00@4708.00;2026-05-12T01:45:00@4755.36;2026-05-12T02:00:00@4746.13,1,,NA,NA,,NA,,NA,0,NA,,,2026-05-12T02:15:00,STRUCTURE_FAILED,0
91c7a59d57d309be,M15,L3,LONG,DESIGN,2026-05-12T01:45:00,4750.90,4744.22,4755.36,2026-05-11T19:30:00@4708.00;2026-05-12T01:45:00@4755.36;2026-05-12T02:00:00@4746.13,1,,NA,NA,,NA,,NA,0,NA,,,2026-05-12T02:15:00,STRUCTURE_FAILED,0
63720c3d54a3f79b,M15,L3,LONG,DESIGN,2026-05-12T02:45:00,4767.42,4755.39,4769.66,2026-05-12T02:00:00@4746.13;2026-05-12T02:45:00@4769.66;2026-05-12T03:15:00@4753.19,1,,NA,NA,,NA,,NA,0,NA,,,2026-05-12T03:30:00,STRUCTURE_FAILED,0
735a73acc9876f2f,M15,L2,SHORT,DESIGN,2026-05-12T09:00:00,4705.30,4702.90,4714.34,2026-05-12T08:30:00@4722.32;2026-05-12T09:15:00@4695.27;2026-05-12T09:30:00@4704.75,1,,NA,NA,,NA,,NA,0,NA,,,2026-05-12T09:45:00,STRUCTURE_FAILED,0
0192729c4a1256a4,M15,L3,SHORT,DESIGN,2026-05-12T09:00:00,4705.30,4702.90,4714.34,2026-05-12T08:30:00@4722.32;2026-05-12T09:15:00@4695.27;2026-05-12T09:30:00@4704.75,1,,NA,NA,,NA,,NA,0,NA,,,2026-05-12T09:45:00,STRUCTURE_FAILED,0
3270402eccba3932,M15,L3,SHORT,DESIGN,2026-05-12T16:45:00,4678.68,4676.80,4701.41,2026-05-12T16:30:00@4701.64;2026-05-12T17:00:00@4675.98;2026-05-12T17:15:00@4694.17,1,,NA,NA,,NA,,NA,0,NA,,,2026-05-12T17:30:00,STRUCTURE_FAILED,0
641e61c49ba370da,M15,L3,LONG,DESIGN,2026-05-12T22:45:00,4715.65,4709.01,4715.65,2026-05-12T18:15:00@4638.13;2026-05-13T01:00:00@4721.80;2026-05-13T01:15:00@4712.95,1,,NA,NA,,NA,,NA,0,NA,,,2026-05-13T01:45:00,STRUCTURE_FAILED,0
c02ad4071d054687,M15,L2,SHORT,DESIGN,2026-05-13T15:15:00,4684.71,4683.25,4694.17,2026-05-13T14:45:00@4705.58;2026-05-13T15:30:00@4676.20;2026-05-13T16:15:00@4694.62,1,,NA,NA,,NA,,NA,0,NA,,,2026-05-13T16:30:00,STRUCTURE_FAILED,0
9b69ef0d64f2755e,M15,L3,SHORT,DESIGN,2026-05-13T15:15:00,4684.71,4683.25,4694.17,2026-05-13T14:45:00@4705.58;2026-05-13T15:30:00@4676.20;2026-05-13T16:15:00@4694.62,1,,NA,NA,,NA,,NA,0,NA,,,2026-05-13T16:30:00,STRUCTURE_FAILED,0
468fb1c5a58b3517,M15,L3,SHORT,DESIGN,2026-05-14T06:30:00,4676.38,4675.85,4691.80,2026-05-14T06:15:00@4693.35;2026-05-14T07:00:00@4668.69;2026-05-14T07:30:00@4712.70,1,,NA,NA,,NA,,NA,0,NA,,,2026-05-14T07:45:00,STRUCTURE_FAILED,0
9850cf8e9dc9a498,M15,L3,LONG,DESIGN,2026-05-14T10:30:00,4709.21,4702.99,4718.78,2026-05-14T09:00:00@4686.02;2026-05-14T10:30:00@4718.78;2026-05-14T10:45:00@4690.78,1,,NA,NA,,NA,,NA,0,NA,,,2026-05-14T11:15:00,STRUCTURE_FAILED,0
0c667362d60eba40,M15,L3,SHORT,DESIGN,2026-05-14T16:15:00,4688.28,4688.06,4704.39,2026-05-14T16:00:00@4707.81;2026-05-14T16:30:00@4666.69;2026-05-14T16:45:00@4691.10,1,,NA,NA,,NA,,NA,0,NA,,,2026-05-14T17:00:00,STRUCTURE_FAILED,0
47ee170f8a37ee84,M15,L4,SHORT,DESIGN,2026-05-14T16:15:00,4688.28,4688.06,4704.39,2026-05-14T16:00:00@4707.81;2026-05-14T16:30:00@4666.69;2026-05-14T16:45:00@4691.10,1,,NA,NA,,NA,,NA,0,NA,,,2026-05-14T17:00:00,STRUCTURE_FAILED,0
c6a814d369ce47c3,M15,L1,SHORT,DESIGN,2026-05-14T21:30:00,4668.47,4668.29,4674.89,2026-05-14T20:15:00@4683.04;2026-05-14T23:30:00@4644.30;2026-05-15T02:30:00@4665.33;2026-05-15T03:30:00@4613.64;2026-05-15T04:00:00@4631.63;2026-05-15T04:45:00@4607.19;2026-05-15T05:45:00@4623.36;2026-05-15T06:30:00@4607.40,3,,NA,NA,,NA,,NA,0,NA,,,2026-05-15T07:00:00,NO_SPIKE,0
5cea62d398f262d7,M15,L3,SHORT,DESIGN,2026-05-14T21:30:00,4668.47,4668.29,4674.89,2026-05-14T20:15:00@4683.04;2026-05-14T23:30:00@4644.30;2026-05-15T02:30:00@4665.33;2026-05-15T03:30:00@4613.64;2026-05-15T04:00:00@4631.63;2026-05-15T04:45:00@4607.19;2026-05-15T05:45:00@4623.36;2026-05-15T06:30:00@4607.40,3,,NA,NA,,NA,,NA,0,NA,,,2026-05-15T07:00:00,NO_SPIKE,0
c459e8782ce28d2c,M15,L3,SHORT,DESIGN,2026-05-14T22:15:00,4663.35,4663.24,4669.12,2026-05-14T20:15:00@4683.04;2026-05-14T23:30:00@4644.30;2026-05-15T02:30:00@4665.33,1,,NA,NA,,NA,,NA,0,NA,,,2026-05-15T02:45:00,STRUCTURE_FAILED,0
08e852a2634bed73,M15,L3,SHORT,DESIGN,2026-05-14T23:00:00,4649.75,4649.18,4657.26,2026-05-14T20:15:00@4683.04;2026-05-14T23:30:00@4644.30;2026-05-15T02:30:00@4665.33,1,,NA,NA,,NA,,NA,0,NA,,,2026-05-15T02:45:00,STRUCTURE_FAILED,0
fcd8406bb5cc219b,M15,L3,SHORT,DESIGN,2026-05-14T23:15:00,4648.08,4646.66,4650.95,2026-05-14T20:15:00@4683.04;2026-05-14T23:30:00@4644.30;2026-05-15T02:30:00@4665.33,1,,NA,NA,,NA,,NA,0,NA,,,2026-05-15T02:45:00,STRUCTURE_FAILED,0
9e91bd9e5482d377,M15,L1,SHORT,DESIGN,2026-05-15T03:15:00,4630.03,4629.29,4658.37,2026-05-15T02:30:00@4665.33;2026-05-15T03:30:00@4613.64;2026-05-15T04:00:00@4631.63,1,,NA,NA,,NA,,NA,0,NA,,,2026-05-15T04:15:00,STRUCTURE_FAILED,0
36d40d9b2a40d90a,M15,L3,SHORT,DESIGN,2026-05-15T03:15:00,4630.03,4629.29,4658.37,2026-05-15T02:30:00@4665.33;2026-05-15T03:30:00@4613.64;2026-05-15T04:00:00@4631.63,1,,NA,NA,,NA,,NA,0,NA,,,2026-05-15T04:15:00,STRUCTURE_FAILED,0
3a1121a4dfd55c7c,M15,L3,SHORT,DESIGN,2026-05-15T07:30:00,4605.75,4604.30,4614.89,2026-05-15T07:00:00@4621.62;2026-05-15T09:00:00@4556.36;2026-05-15T09:30:00@4580.68;2026-05-15T09:45:00@4564.39,1,,NA,NA,,NA,,NA,0,NA,,,2026-05-15T10:00:00,STRUCTURE_FAILED,0
8ce00d8db0dd1deb,M15,L2,SHORT,DESIGN,2026-05-15T08:00:00,4592.17,4588.43,4606.55,2026-05-15T07:00:00@4621.62;2026-05-15T09:00:00@4556.36;2026-05-15T09:30:00@4580.68;2026-05-15T09:45:00@4564.39,1,,NA,NA,,NA,,NA,0,NA,,,2026-05-15T10:00:00,STRUCTURE_FAILED,0
2359f875110c06b9,M15,L3,SHORT,DESIGN,2026-05-15T16:30:00,4520.06,4520.06,4551.16,2026-05-15T16:15:00@4557.51;2026-05-15T16:45:00@4511.50;2026-05-15T17:45:00@4566.62,1,,NA,NA,,NA,,NA,0,NA,,,2026-05-15T18:15:00,STRUCTURE_FAILED,0
b629402b4bc3db9e,M15,L1,SHORT,DESIGN,2026-05-18T03:30:00,4481.63,4480.41,4519.07,2026-05-18T01:45:00@4554.63;2026-05-18T03:45:00@4480.37;2026-05-18T04:00:00@4516.06,1,,NA,NA,,NA,,NA,0,NA,,,2026-05-18T04:15:00,STRUCTURE_FAILED,0
8740e0fc04d09835,M15,L3,SHORT,DESIGN,2026-05-18T03:30:00,4481.63,4480.41,4519.07,2026-05-18T01:45:00@4554.63;2026-05-18T03:45:00@4480.37;2026-05-18T04:00:00@4516.06,1,,NA,NA,,NA,,NA,0,NA,,,2026-05-18T04:15:00,STRUCTURE_FAILED,0
41a3855266f7fdd2,M15,L2,LONG,DESIGN,2026-05-18T10:15:00,4550.57,4538.18,4551.28,2026-05-18T09:30:00@4534.54;2026-05-18T10:30:00@4559.96;2026-05-18T10:45:00@4540.12,1,,NA,NA,,NA,,NA,0,NA,,,2026-05-18T11:30:00,STRUCTURE_FAILED,0
b0462489ac490020,M15,L3,LONG,DESIGN,2026-05-18T14:30:00,4562.13,4535.51,4567.11,2026-05-18T14:00:00@4529.88;2026-05-18T14:30:00@4567.11;2026-05-18T15:15:00@4545.25,1,,NA,NA,,NA,,NA,0,NA,,,2026-05-18T15:30:00,STRUCTURE_FAILED,0
5c7ef2d5a4303400,M15,L3,LONG,DESIGN,2026-05-18T15:30:00,4569.56,4550.24,4569.57,2026-05-18T15:15:00@4545.25;2026-05-18T16:00:00@4576.78;2026-05-18T16:15:00@4563.91,1,,NA,NA,,NA,,NA,0,NA,,,2026-05-18T16:30:00,STRUCTURE_FAILED,0
5cefc7641150f438,M15,L3,LONG,DESIGN,2026-05-18T16:45:00,4575.64,4563.78,4584.18,2026-05-18T16:15:00@4563.91;2026-05-18T16:45:00@4584.18;2026-05-18T18:00:00@4531.77,1,,NA,NA,,NA,,NA,0,NA,,,2026-05-18T18:45:00,STRUCTURE_FAILED,0
20659d80928b1492,M15,L1,LONG,DESIGN,2026-05-19T02:00:00,4585.57,4573.58,4586.84,2026-05-18T22:15:00@4546.65;2026-05-19T02:15:00@4588.86;2026-05-19T04:15:00@4554.17,1,,NA,NA,,NA,,NA,0,NA,,,2026-05-19T04:30:00,STRUCTURE_FAILED,0
85d664ba1dd06ac0,M15,L3,LONG,DESIGN,2026-05-19T02:00:00,4585.57,4573.58,4586.84,2026-05-18T22:15:00@4546.65;2026-05-19T02:15:00@4588.86;2026-05-19T04:15:00@4554.17,1,,NA,NA,,NA,,NA,0,NA,,,2026-05-19T04:30:00,STRUCTURE_FAILED,0
2c52507f5c0e60b2,M15,L2,SHORT,DESIGN,2026-05-19T13:30:00,4529.16,4525.43,4542.92,2026-05-19T11:45:00@4548.61;2026-05-19T13:30:00@4525.43;2026-05-19T14:00:00@4547.92,1,,NA,NA,,NA,,NA,0,NA,,,2026-05-19T14:15:00,STRUCTURE_FAILED,0
ff8e324ff0890c32,M15,L3,SHORT,DESIGN,2026-05-19T13:30:00,4529.16,4525.43,4542.92,2026-05-19T11:45:00@4548.61;2026-05-19T13:30:00@4525.43;2026-05-19T14:00:00@4547.92,1,,NA,NA,,NA,,NA,0,NA,,,2026-05-19T14:15:00,STRUCTURE_FAILED,0
57b0592dccd299ec,M15,L3,SHORT,DESIGN,2026-05-19T16:00:00,4524.32,4514.90,4537.35,2026-05-19T15:30:00@4547.08;2026-05-19T16:30:00@4464.68;2026-05-19T17:00:00@4514.13;2026-05-19T17:15:00@4484.38,1,,NA,NA,,NA,,NA,0,NA,,,2026-05-19T18:00:00,STRUCTURE_FAILED,0
feb7a909136ad41a,M15,L1,SHORT,DESIGN,2026-05-19T16:30:00,4476.12,4464.68,4495.58,2026-05-19T15:30:00@4547.08;2026-05-19T16:30:00@4464.68;2026-05-19T17:00:00@4514.13,1,,NA,NA,,NA,,NA,0,NA,,,2026-05-19T17:15:00,STRUCTURE_FAILED,0
6f0043cbdd348e74,M15,L3,SHORT,DESIGN,2026-05-19T16:30:00,4476.12,4464.68,4495.58,2026-05-19T15:30:00@4547.08;2026-05-19T16:30:00@4464.68;2026-05-19T17:00:00@4514.13,1,,NA,NA,,NA,,NA,0,NA,,,2026-05-19T17:15:00,STRUCTURE_FAILED,0
dd1dd26c77851237,M15,L3,SHORT,DESIGN,2026-05-20T04:15:00,4473.64,4472.80,4496.72,2026-05-20T03:45:00@4509.02;2026-05-20T04:30:00@4455.97;2026-05-20T04:45:00@4488.48,1,,NA,NA,,NA,,NA,0,NA,,,2026-05-20T05:00:00,STRUCTURE_FAILED,0
cf9189c7d609f314,M15,L1,SHORT,DESIGN,2026-05-20T05:30:00,4460.75,4460.75,4483.49,2026-05-20T04:45:00@4488.48;2026-05-20T06:00:00@4453.50;2026-05-20T07:15:00@4470.63,1,,NA,NA,,NA,,NA,0,NA,,,2026-05-20T07:45:00,STRUCTURE_FAILED,0
ce5bf757d7635297,M15,L3,SHORT,DESIGN,2026-05-20T05:30:00,4460.75,4460.75,4483.49,2026-05-20T04:45:00@4488.48;2026-05-20T06:00:00@4453.50;2026-05-20T07:15:00@4470.63,1,,NA,NA,,NA,,NA,0,NA,,,2026-05-20T07:45:00,STRUCTURE_FAILED,0
f04876b8e8456d08,M15,L2,LONG,DESIGN,2026-05-20T17:30:00,4520.55,4506.87,4528.69,2026-05-20T17:00:00@4467.11;2026-05-20T17:45:00@4537.28;2026-05-20T18:00:00@4523.15,1,,NA,NA,,NA,,NA,0,NA,,,2026-05-20T18:15:00,STRUCTURE_FAILED,0
e68fd2a4e57616a8,M15,L3,LONG,DESIGN,2026-05-20T17:30:00,4520.55,4506.87,4528.69,2026-05-20T17:00:00@4467.11;2026-05-20T17:45:00@4537.28;2026-05-20T18:00:00@4523.15,1,,NA,NA,,NA,,NA,0,NA,,,2026-05-20T18:15:00,STRUCTURE_FAILED,0
d0b3fe11d57a2db1,M15,L1,LONG,DESIGN,2026-05-21T04:00:00,4559.89,4539.92,4560.05,2026-05-21T03:30:00@4539.69;2026-05-21T04:30:00@4570.76;2026-05-21T05:45:00@4531.52,1,,NA,NA,,NA,,NA,0,NA,,,2026-05-21T06:15:00,STRUCTURE_FAILED,0
4a0514b1d34656a5,M15,L3,LONG,DESIGN,2026-05-21T04:00:00,4559.89,4539.92,4560.05,2026-05-21T03:30:00@4539.69;2026-05-21T04:30:00@4570.76;2026-05-21T05:45:00@4531.52,1,,NA,NA,,NA,,NA,0,NA,,,2026-05-21T06:15:00,STRUCTURE_FAILED,0
d0f3065bed12420c,M15,L3,SHORT,DESIGN,2026-05-21T05:45:00,4533.25,4531.52,4537.31,2026-05-21T04:30:00@4570.76;2026-05-21T05:45:00@4531.52;2026-05-21T06:15:00@4540.29,1,,NA,NA,,NA,,NA,0,NA,,,2026-05-21T06:45:00,STRUCTURE_FAILED,0
3bff0b5e7e1fc8b9,M15,L2,SHORT,DESIGN,2026-05-21T08:15:00,4522.94,4521.64,4531.08,2026-05-21T07:30:00@4540.52;2026-05-21T08:45:00@4518.37;2026-05-21T09:15:00@4539.92,1,,NA,NA,,NA,,NA,0,NA,,,2026-05-21T09:30:00,STRUCTURE_FAILED,0
9785ef0e2f97f013,M15,L3,SHORT,DESIGN,2026-05-21T13:45:00,4511.53,4510.83,4517.83,,0,,NA,NA,,NA,,NA,0,NA,,,2026-05-21T14:30:00,NO_LEG1,0
91d2d90f1776d0d1,M15,L3,LONG,DESIGN,2026-05-21T20:30:00,4548.25,4538.74,4548.99,2026-05-21T18:15:00@4502.19;2026-05-21T20:45:00@4559.28;2026-05-21T21:45:00@4527.35,1,,NA,NA,,NA,,NA,0,NA,,,2026-05-21T22:15:00,STRUCTURE_FAILED,0
c6f7cf1b4b9bac51,M15,L2,SHORT,DESIGN,2026-05-22T08:45:00,4511.33,4507.32,4534.20,2026-05-22T08:30:00@4534.32;2026-05-22T08:45:00@4507.32;2026-05-22T09:45:00@4528.91,1,,NA,NA,,NA,,NA,0,NA,,,2026-05-22T10:30:00,STRUCTURE_FAILED,0
7c7a683ea25645f9,M15,L3,SHORT,DESIGN,2026-05-22T08:45:00,4511.33,4507.32,4534.20,2026-05-22T08:30:00@4534.32;2026-05-22T08:45:00@4507.32;2026-05-22T09:45:00@4528.91,1,,NA,NA,,NA,,NA,0,NA,,,2026-05-22T10:30:00,STRUCTURE_FAILED,0
78f110bacfeeb23b,M15,L3,SHORT,DESIGN,2026-05-22T17:00:00,4497.53,4490.60,4514.16,2026-05-22T16:00:00@4534.36;2026-05-22T17:00:00@4490.60;2026-05-22T19:30:00@4526.82,1,,NA,NA,,NA,,NA,0,NA,,,2026-05-22T19:45:00,STRUCTURE_FAILED,0
9d7e789822b93adc,M15,L1,LONG,DESIGN,2026-05-25T01:00:00,4554.67,4532.73,4557.38,2026-05-22T23:45:00@4503.65;2026-05-25T02:30:00@4580.21;2026-05-25T02:45:00@4565.63;2026-05-25T03:45:00@4579.60,1,,NA,NA,,NA,,NA,0,NA,,,2026-05-25T04:00:00,STRUCTURE_FAILED,0
16580639450dc031,M15,L3,LONG,DESIGN,2026-05-25T01:00:00,4554.67,4532.73,4557.38,2026-05-22T23:45:00@4503.65;2026-05-25T02:30:00@4580.21;2026-05-25T02:45:00@4565.63;2026-05-25T03:45:00@4579.60,1,,NA,NA,,NA,,NA,0,NA,,,2026-05-25T04:00:00,STRUCTURE_FAILED,0
28aa8e79ccf521a4,M15,L3,LONG,DESIGN,2026-05-25T01:45:00,4564.96,4557.88,4565.76,2026-05-22T23:45:00@4503.65;2026-05-25T02:30:00@4580.21;2026-05-25T02:45:00@4565.63,1,,NA,NA,,NA,,NA,0,NA,,,2026-05-25T03:00:00,STRUCTURE_FAILED,0
cfee4c254435ab74,M15,L3,LONG,DESIGN,2026-05-25T02:00:00,4574.39,4564.90,4576.34,2026-05-22T23:45:00@4503.65;2026-05-25T02:30:00@4580.21;2026-05-25T02:45:00@4565.63,1,,NA,NA,,NA,,NA,0,NA,,,2026-05-25T03:00:00,STRUCTURE_FAILED,0
6121cb0bcd149dcd,M15,L2,SHORT,DESIGN,2026-05-25T08:15:00,4554.18,4553.99,4563.59,2026-05-25T07:15:00@4565.84;2026-05-25T09:00:00@4550.48;2026-05-25T10:00:00@4564.76,1,,NA,NA,,NA,,NA,0,NA,,,2026-05-25T10:15:00,STRUCTURE_FAILED,0
01f63311ffcdad90,M15,L3,LONG,DESIGN,2026-05-26T02:00:00,4578.99,4573.79,4579.17,2026-05-26T01:30:00@4569.63;2026-05-26T02:15:00@4580.28;2026-05-26T02:30:00@4555.21,1,,NA,NA,,NA,,NA,0,NA,,,2026-05-26T02:45:00,STRUCTURE_FAILED,0
0ed2a89671d4561f,M15,L3,SHORT,DESIGN,2026-05-26T02:30:00,4556.69,4555.21,4568.60,2026-05-26T02:15:00@4580.28;2026-05-26T02:30:00@4555.21;2026-05-26T02:45:00@4562.94,1,,NA,NA,,NA,,NA,0,NA,,,2026-05-26T03:00:00,STRUCTURE_FAILED,0
511cafef73bccc55,M15,L3,SHORT,DESIGN,2026-05-26T03:00:00,4552.35,4548.58,4560.21,2026-05-26T02:45:00@4562.94;2026-05-26T03:15:00@4541.24;2026-05-26T03:30:00@4553.05,1,,NA,NA,,NA,,NA,0,NA,,,2026-05-26T03:45:00,STRUCTURE_FAILED,0
64cc516fda329680,M15,L3,SHORT,DESIGN,2026-05-26T03:15:00,4549.32,4541.24,4553.48,2026-05-26T02:45:00@4562.94;2026-05-26T03:15:00@4541.24;2026-05-26T03:30:00@4553.05,1,,NA,NA,,NA,,NA,0,NA,,,2026-05-26T03:45:00,STRUCTURE_FAILED,0
d1f32b222bdd6aba,M15,L1,SHORT,DESIGN,2026-05-26T04:30:00,4532.21,4527.70,4544.27,2026-05-26T04:00:00@4550.45;2026-05-26T04:30:00@4527.70;2026-05-26T05:00:00@4539.54,1,,NA,NA,,NA,,NA,0,NA,,,2026-05-26T05:45:00,STRUCTURE_FAILED,0
5504e1f82a547fd4,M15,L3,SHORT,DESIGN,2026-05-26T07:30:00,4526.17,4525.24,4533.23,2026-05-26T06:30:00@4545.34;2026-05-26T08:00:00@4522.81;2026-05-26T08:30:00@4535.06,1,,NA,NA,,NA,,NA,0,NA,,,2026-05-26T08:45:00,STRUCTURE_FAILED,0
ee8bf6014a57fdc3,M15,L2,SHORT,DESIGN,2026-05-26T11:15:00,4522.48,4520.54,4529.93,2026-05-26T11:00:00@4539.14;2026-05-26T12:30:00@4512.01;2026-05-26T13:45:00@4540.53,1,,NA,NA,,NA,,NA,0,NA,,,2026-05-26T14:00:00,STRUCTURE_FAILED,0
f98c5875e3c1c1e2,M15,L3,SHORT,DESIGN,2026-05-26T19:00:00,4501.46,4500.46,4508.51,2026-05-26T17:30:00@4524.97;2026-05-26T19:15:00@4499.83;2026-05-26T19:30:00@4511.32,1,,NA,NA,,NA,,NA,0,NA,,,2026-05-26T20:15:00,STRUCTURE_FAILED,0
9630c3f0a03eeb78,M15,L3,SHORT,DESIGN,2026-05-26T20:30:00,4498.60,4496.63,4501.78,2026-05-26T19:30:00@4511.32;2026-05-26T21:00:00@4482.54;2026-05-26T23:00:00@4510.79,1,,NA,NA,,NA,,NA,0,NA,,,2026-05-26T23:45:00,STRUCTURE_FAILED,0
bd332d60a3f1ec8a,M15,L3,SHORT,DESIGN,2026-05-26T21:00:00,4487.25,4482.54,4493.30,2026-05-26T19:30:00@4511.32;2026-05-26T21:00:00@4482.54;2026-05-26T23:00:00@4510.79,1,,NA,NA,,NA,,NA,0,NA,,,2026-05-26T23:45:00,STRUCTURE_FAILED,0
6896fb9683a199ff,M15,L2,SHORT,DESIGN,2026-05-27T08:30:00,4493.35,4491.74,4508.78,2026-05-27T07:45:00@4517.37;2026-05-27T08:30:00@4491.74;2026-05-27T08:45:00@4502.23,1,,NA,NA,,NA,,NA,0,NA,,,2026-05-27T09:00:00,STRUCTURE_FAILED,0
db326975ee27e220,M15,L1,SHORT,DESIGN,2026-05-27T10:00:00,4480.24,4480.13,4488.61,2026-05-27T09:45:00@4490.14;2026-05-27T10:00:00@4480.13;2026-05-27T10:15:00@4489.23,1,,NA,NA,,NA,,NA,0,NA,,,2026-05-27T10:45:00,STRUCTURE_FAILED,0
5a671b63227a22a3,M15,L3,SHORT,DESIGN,2026-05-27T10:00:00,4480.24,4480.13,4488.61,2026-05-27T09:45:00@4490.14;2026-05-27T10:00:00@4480.13;2026-05-27T10:15:00@4489.23,1,,NA,NA,,NA,,NA,0,NA,,,2026-05-27T10:45:00,STRUCTURE_FAILED,0
c2cff114ffcc101f,M15,L3,SHORT,DESIGN,2026-05-27T13:30:00,4465.71,4462.13,4477.25,2026-05-27T11:45:00@4498.69;2026-05-27T13:45:00@4442.73;2026-05-27T14:00:00@4453.16;2026-05-27T14:45:00@4425.08;2026-05-27T15:15:00@4466.44,2,,NA,NA,,NA,,NA,0,NA,,,2026-05-27T15:30:00,STRUCTURE_FAILED,0
0f714988f688ec64,M15,L3,SHORT,DESIGN,2026-05-27T13:45:00,4445.76,4442.73,4466.99,2026-05-27T11:45:00@4498.69;2026-05-27T13:45:00@4442.73;2026-05-27T14:00:00@4453.16,1,,NA,NA,,NA,,NA,0,NA,,,2026-05-27T14:15:00,STRUCTURE_FAILED,0
db25438f356ffd23,M15,L1,SHORT,DESIGN,2026-05-28T05:45:00,4394.43,4392.64,4402.30,2026-05-28T05:30:00@4410.44;2026-05-28T06:45:00@4368.50;2026-05-28T07:00:00@4382.01;2026-05-28T07:15:00@4366.49;2026-05-28T08:45:00@4395.96,2,,NA,NA,,NA,,NA,0,NA,,,2026-05-28T09:00:00,STRUCTURE_FAILED,0
2349bf30ccb9b6f1,M15,L3,SHORT,DESIGN,2026-05-28T05:45:00,4394.43,4392.64,4402.30,2026-05-28T05:30:00@4410.44;2026-05-28T06:45:00@4368.50;2026-05-28T07:00:00@4382.01;2026-05-28T07:15:00@4366.49;2026-05-28T08:45:00@4395.96,2,,NA,NA,,NA,,NA,0,NA,,,2026-05-28T09:00:00,STRUCTURE_FAILED,0
ed309134f857b6ff,M15,L2,LONG,DESIGN,2026-05-28T17:00:00,4464.43,4420.71,4467.66,2026-05-28T16:30:00@4418.18;2026-05-28T17:15:00@4473.50;2026-05-28T17:30:00@4452.97,1,,NA,NA,,NA,,NA,0,NA,,,2026-05-28T17:45:00,STRUCTURE_FAILED,0
d91bf4cc1ae19d4a,M15,L3,LONG,DESIGN,2026-05-28T17:00:00,4464.43,4420.71,4467.66,2026-05-28T16:30:00@4418.18;2026-05-28T17:15:00@4473.50;2026-05-28T17:30:00@4452.97,1,,NA,NA,,NA,,NA,0,NA,,,2026-05-28T17:45:00,STRUCTURE_FAILED,0
bb36100b4cac2ec5,M15,L3,LONG,DESIGN,2026-05-28T17:30:00,4468.95,4452.97,4471.51,2026-05-28T17:30:00@4452.97;2026-05-28T20:00:00@4514.47;2026-05-28T20:15:00@4501.24;2026-05-28T21:00:00@4516.51;2026-05-29T02:30:00@4489.05,2,,NA,NA,,NA,,NA,0,NA,,,2026-05-29T02:45:00,STRUCTURE_FAILED,0
75d20bf1cb902c3a,M15,L4,LONG,DESIGN,2026-05-29T04:00:00,4514.95,4492.50,4515.33,2026-05-29T04:00:00@4492.50;2026-05-29T04:15:00@4520.73;2026-05-29T04:45:00@4501.09,1,,NA,NA,,NA,,NA,0,NA,,,2026-05-29T05:00:00,STRUCTURE_FAILED,0
3d5035fa2e679d1a,M15,L1,LONG,DESIGN,2026-05-29T09:15:00,4516.61,4509.98,4521.48,2026-05-29T09:15:00@4509.98;2026-05-29T09:45:00@4524.05;2026-05-29T10:15:00@4510.74,1,,NA,NA,,NA,,NA,0,NA,,,2026-05-29T10:30:00,STRUCTURE_FAILED,0
1cb7552598adb899,M15,L3,LONG,DESIGN,2026-05-29T09:15:00,4516.61,4509.98,4521.48,2026-05-29T09:15:00@4509.98;2026-05-29T09:45:00@4524.05;2026-05-29T10:15:00@4510.74,1,,NA,NA,,NA,,NA,0,NA,,,2026-05-29T10:30:00,STRUCTURE_FAILED,0
220a062912256158,M15,L2,LONG,DESIGN,2026-05-29T09:45:00,4523.62,4515.28,4524.05,2026-05-29T09:15:00@4509.98;2026-05-29T09:45:00@4524.05;2026-05-29T10:15:00@4510.74,1,,NA,NA,,NA,,NA,0,NA,,,2026-05-29T10:30:00,STRUCTURE_FAILED,0
b7c9f4a17bf02753,M15,L3,LONG,DESIGN,2026-05-29T09:45:00,4523.62,4515.28,4524.05,2026-05-29T09:15:00@4509.98;2026-05-29T09:45:00@4524.05;2026-05-29T10:15:00@4510.74,1,,NA,NA,,NA,,NA,0,NA,,,2026-05-29T10:30:00,STRUCTURE_FAILED,0
40f110e9722f1e9f,M15,L3,LONG,DESIGN,2026-05-29T13:45:00,4538.54,4535.46,4541.04,,0,,NA,NA,,NA,,NA,0,NA,,,2026-05-29T14:45:00,NO_LEG1,0
3b8539ff611c0bbd,M15,L3,LONG,DESIGN,2026-05-29T17:00:00,4543.97,4535.18,4552.71,2026-05-29T15:45:00@4512.74;2026-05-29T17:00:00@4552.71;2026-05-29T17:30:00@4525.46,1,,NA,NA,,NA,,NA,0,NA,,,2026-05-29T17:45:00,STRUCTURE_FAILED,0
9fb5d19fadb91df7,M15,L3,LONG,DESIGN,2026-05-29T18:00:00,4590.10,4564.15,4595.34,2026-05-29T17:30:00@4525.46;2026-05-29T18:00:00@4595.34;2026-05-29T18:45:00@4557.76,1,,NA,NA,,NA,,NA,0,NA,,,2026-05-29T19:00:00,STRUCTURE_FAILED,0
6e96f96175a55ffe,M15,L3,SHORT,DESIGN,2026-06-01T06:30:00,4510.66,4509.88,4524.04,2026-06-01T05:15:00@4534.62;2026-06-01T06:45:00@4509.84;2026-06-01T07:00:00@4519.64,1,,NA,NA,,NA,,NA,0,NA,,,2026-06-01T07:45:00,STRUCTURE_FAILED,0
a5be7cf920d3f340,M15,L2,SHORT,DESIGN,2026-06-01T09:30:00,4504.58,4501.76,4514.91,2026-06-01T08:45:00@4525.26;2026-06-01T09:45:00@4500.25;2026-06-01T10:00:00@4509.99,1,,NA,NA,,NA,,NA,0,NA,,,2026-06-01T10:30:00,STRUCTURE_FAILED,0
13bc0abbf25eb3fd,M15,L1,SHORT,DESIGN,2026-06-01T16:00:00,4484.26,4472.39,4503.93,2026-06-01T15:45:00@4510.48;2026-06-01T17:00:00@4447.73;2026-06-01T17:15:00@4464.73;2026-06-01T17:45:00@4452.22,1,,NA,NA,,NA,,NA,0,NA,,,2026-06-01T18:00:00,STRUCTURE_FAILED,0
8c081ee22fb711d6,M15,L3,SHORT,DESIGN,2026-06-01T16:00:00,4484.26,4472.39,4503.93,2026-06-01T15:45:00@4510.48;2026-06-01T17:00:00@4447.73;2026-06-01T17:15:00@4464.73;2026-06-01T17:45:00@4452.22,1,,NA,NA,,NA,,NA,0,NA,,,2026-06-01T18:00:00,STRUCTURE_FAILED,0
f7dc7f92ed199461,M15,L4,LONG,DESIGN,2026-06-02T03:15:00,4493.79,4481.05,4493.81,2026-06-02T03:00:00@4476.71;2026-06-02T03:30:00@4497.20;2026-06-02T04:00:00@4473.68,1,,NA,NA,,NA,,NA,0,NA,,,2026-06-02T04:15:00,STRUCTURE_FAILED,0
faf3d44a6349df1d,M15,L3,LONG,DESIGN,2026-06-02T06:30:00,4497.21,4493.01,4499.30,2026-06-02T04:45:00@4462.91;2026-06-02T08:30:00@4528.21;2026-06-02T08:45:00@4516.20;2026-06-02T10:00:00@4541.50;2026-06-02T10:45:00@4527.92;2026-06-02T11:00:00@4539.19,2,,NA,NA,,NA,,NA,0,NA,,,2026-06-02T11:15:00,STRUCTURE_FAILED,0
dd516cb9f8c794e5,M15,L3,LONG,DESIGN,2026-06-02T07:45:00,4517.34,4509.78,4518.20,2026-06-02T04:45:00@4462.91;2026-06-02T08:30:00@4528.21;2026-06-02T08:45:00@4516.20,1,,NA,NA,,NA,,NA,0,NA,,,2026-06-02T09:00:00,STRUCTURE_FAILED,0
8ac0a3f88a4e65e9,M15,L2,LONG,DESIGN,2026-06-02T08:00:00,4518.66,4515.17,4518.72,2026-06-02T04:45:00@4462.91;2026-06-02T08:30:00@4528.21;2026-06-02T08:45:00@4516.20,1,,NA,NA,,NA,,NA,0,NA,,,2026-06-02T09:00:00,STRUCTURE_FAILED,0
f41051f233a5a386,M15,L3,SHORT,DESIGN,2026-06-02T15:45:00,4514.22,4513.49,4525.97,2026-06-02T14:00:00@4534.63;2026-06-02T17:15:00@4490.34;2026-06-02T18:30:00@4508.54;2026-06-02T20:30:00@4482.10;2026-06-02T21:15:00@4490.92;2026-06-02T21:30:00@4478.70;2026-06-02T21:45:00@4490.54;2026-06-02T22:30:00@4483.44,3,,NA,NA,,NA,,NA,0,NA,,,2026-06-02T23:00:00,NO_SPIKE,0
f9432f4d56563ba9,M15,L3,SHORT,DESIGN,2026-06-03T02:00:00,4477.02,4474.44,4488.73,2026-06-03T01:00:00@4493.23;2026-06-03T02:15:00@4462.28;2026-06-03T03:30:00@4496.80,1,,NA,NA,,NA,,NA,0,NA,,,2026-06-03T03:45:00,STRUCTURE_FAILED,0
66845a8ad736fc30,M15,L1,SHORT,DESIGN,2026-06-03T08:30:00,4462.01,4459.06,4469.05,2026-06-03T07:15:00@4488.14;2026-06-03T08:45:00@4456.62;2026-06-03T09:15:00@4471.07,1,,NA,NA,,NA,,NA,0,NA,,,2026-06-03T09:30:00,STRUCTURE_FAILED,0
9764977d67c076c0,M15,L2,SHORT,DESIGN,2026-06-03T08:30:00,4462.01,4459.06,4469.05,2026-06-03T07:15:00@4488.14;2026-06-03T08:45:00@4456.62;2026-06-03T09:15:00@4471.07,1,,NA,NA,,NA,,NA,0,NA,,,2026-06-03T09:30:00,STRUCTURE_FAILED,0
9d4e88eb7f788005,M15,L3,SHORT,DESIGN,2026-06-03T08:30:00,4462.01,4459.06,4469.05,2026-06-03T07:15:00@4488.14;2026-06-03T08:45:00@4456.62;2026-06-03T09:15:00@4471.07,1,,NA,NA,,NA,,NA,0,NA,,,2026-06-03T09:30:00,STRUCTURE_FAILED,0
9c0c1dd4fde0b197,M15,L3,SHORT,DESIGN,2026-06-03T11:45:00,4443.99,4440.23,4457.85,2026-06-03T10:00:00@4472.17;2026-06-03T11:45:00@4440.23;2026-06-03T12:00:00@4458.97,1,,NA,NA,,NA,,NA,0,NA,,,2026-06-03T12:15:00,STRUCTURE_FAILED,0
034aa29bbdcfdf80,M15,L3,SHORT,DESIGN,2026-06-03T16:30:00,4427.40,4427.35,4453.27,2026-06-03T15:45:00@4467.19;2026-06-03T16:45:00@4426.41;2026-06-03T17:45:00@4459.55,1,,NA,NA,,NA,,NA,0,NA,,,2026-06-03T18:00:00,STRUCTURE_FAILED,0
877fc0af76c40ea0,M15,L3,SHORT,DESIGN,2026-06-03T23:30:00,4433.22,4432.00,4439.64,2026-06-03T22:15:00@4452.26;2026-06-04T01:15:00@4423.79;2026-06-04T03:00:00@4465.31,1,,NA,NA,,NA,,NA,0,NA,,,2026-06-04T03:15:00,STRUCTURE_FAILED,0
fac9531ea18c6f2d,M15,L3,LONG,DESIGN,2026-06-04T05:45:00,4475.11,4462.46,4476.87,2026-06-04T05:00:00@4455.64;2026-06-04T06:00:00@4477.23;2026-06-04T06:45:00@4458.30,1,,NA,NA,,NA,,NA,0,NA,,,2026-06-04T07:00:00,STRUCTURE_FAILED,0
f0a138aad5cc5cae,M15,L2,LONG,DESIGN,2026-06-04T14:15:00,4489.53,4473.50,4491.48,2026-06-04T13:15:00@4464.31;2026-06-04T14:45:00@4514.61;2026-06-04T15:15:00@4491.16,1,,NA,NA,,NA,,NA,0,NA,,,2026-06-04T15:30:00,STRUCTURE_FAILED,0
59a6716351202b89,M15,L3,LONG,DESIGN,2026-06-04T14:15:00,4489.53,4473.50,4491.48,2026-06-04T13:15:00@4464.31;2026-06-04T14:45:00@4514.61;2026-06-04T15:15:00@4491.16,1,,NA,NA,,NA,,NA,0,NA,,,2026-06-04T15:30:00,STRUCTURE_FAILED,0
e55cfebc578b5963,M15,L1,LONG,DESIGN,2026-06-04T14:45:00,4511.73,4491.43,4514.61,2026-06-04T13:15:00@4464.31;2026-06-04T14:45:00@4514.61;2026-06-04T15:15:00@4491.16,1,,NA,NA,,NA,,NA,0,NA,,,2026-06-04T15:30:00,STRUCTURE_FAILED,0
bd5f9ee258a0433d,M15,L3,LONG,DESIGN,2026-06-04T14:45:00,4511.73,4491.43,4514.61,2026-06-04T13:15:00@4464.31;2026-06-04T14:45:00@4514.61;2026-06-04T15:15:00@4491.16,1,,NA,NA,,NA,,NA,0,NA,,,2026-06-04T15:30:00,STRUCTURE_FAILED,0
8d0ab3d87844dea1,M15,L3,SHORT,DESIGN,2026-06-05T01:45:00,4469.64,4468.84,4476.23,2026-06-05T01:30:00@4481.50;2026-06-05T02:00:00@4464.13;2026-06-05T02:15:00@4473.30,1,,NA,NA,,NA,,NA,0,NA,,,2026-06-05T02:30:00,STRUCTURE_FAILED,0
6a3c6e74be39d005,M15,L4,SHORT,DESIGN,2026-06-05T01:45:00,4469.64,4468.84,4476.23,2026-06-05T01:30:00@4481.50;2026-06-05T02:00:00@4464.13;2026-06-05T02:15:00@4473.30,1,,NA,NA,,NA,,NA,0,NA,,,2026-06-05T02:30:00,STRUCTURE_FAILED,0
86d370c089fe6da5,M15,L3,SHORT,DESIGN,2026-06-05T03:00:00,4455.29,4454.41,4464.98,2026-06-05T02:15:00@4473.30;2026-06-05T03:15:00@4450.70;2026-06-05T03:30:00@4466.93,1,,NA,NA,,NA,,NA,0,NA,,,2026-06-05T03:45:00,STRUCTURE_FAILED,0
92a86253616c5253,M15,L3,SHORT,DESIGN,2026-06-05T05:30:00,4442.93,4438.37,4451.81,2026-06-05T05:15:00@4455.03;2026-06-05T05:30:00@4438.37;2026-06-05T05:45:00@4449.94,1,,NA,NA,,NA,,NA,0,NA,,,2026-06-05T06:00:00,STRUCTURE_FAILED,0
eb81c7ac57de9f97,M15,L2,LONG,DESIGN,2026-06-05T14:45:00,4470.24,4464.06,4475.39,2026-06-05T14:15:00@4458.43;2026-06-05T14:45:00@4475.39;2026-06-05T16:00:00@4399.94,1,,NA,NA,,NA,,NA,0,NA,,,2026-06-05T16:15:00,STRUCTURE_FAILED,0
2fbbcc55d7d83147,M15,L4,SHORT,DESIGN,2026-06-05T15:30:00,4446.05,4439.70,4465.96,2026-06-05T14:45:00@4475.39;2026-06-05T16:00:00@4399.94;2026-06-05T16:15:00@4421.02;2026-06-05T17:30:00@4344.52;2026-06-05T18:00:00@4372.52;2026-06-05T19:30:00@4323.20;2026-06-05T20:30:00@4347.41;2026-06-05T23:00:00@4311.69;2026-06-08T01:00:00@4335.96;2026-06-08T01:30:00@4315.24,4,,NA,NA,,NA,,NA,0,NA,,,2026-06-08T02:00:00,NO_SPIKE,0
8e65870227309061,M15,L1,SHORT,DESIGN,2026-06-05T15:45:00,4406.12,4404.82,4449.09,2026-06-05T14:45:00@4475.39;2026-06-05T16:00:00@4399.94;2026-06-05T16:15:00@4421.02,1,,NA,NA,,NA,,NA,0,NA,,,2026-06-05T16:30:00,STRUCTURE_FAILED,0
90c57d3bc06fdb4a,M15,L2,SHORT,DESIGN,2026-06-05T15:45:00,4406.12,4404.82,4449.09,2026-06-05T14:45:00@4475.39;2026-06-05T16:00:00@4399.94;2026-06-05T16:15:00@4421.02,1,,NA,NA,,NA,,NA,0,NA,,,2026-06-05T16:30:00,STRUCTURE_FAILED,0
a848995865ec8335,M15,L3,SHORT,DESIGN,2026-06-05T15:45:00,4406.12,4404.82,4449.09,2026-06-05T14:45:00@4475.39;2026-06-05T16:00:00@4399.94;2026-06-05T16:15:00@4421.02,1,,NA,NA,,NA,,NA,0,NA,,,2026-06-05T16:30:00,STRUCTURE_FAILED,0
3a2abcbaf98a1256,M15,L1,SHORT,DESIGN,2026-06-08T05:45:00,4310.52,4309.23,4320.78,2026-06-08T05:45:00@4320.78;2026-06-08T06:15:00@4303.52;2026-06-08T07:15:00@4321.80,1,,NA,NA,,NA,,NA,0,NA,,,2026-06-08T07:30:00,STRUCTURE_FAILED,0
e0134c2ed366838c,M15,L3,SHORT,DESIGN,2026-06-08T06:00:00,4304.80,4304.32,4314.13,2026-06-08T05:45:00@4320.78;2026-06-08T06:15:00@4303.52;2026-06-08T07:15:00@4321.80,1,,NA,NA,,NA,,NA,0,NA,,,2026-06-08T07:30:00,STRUCTURE_FAILED,0
b7338f639fe2fb8f,M15,L2,SHORT,DESIGN,2026-06-08T08:30:00,4287.99,4268.54,4313.32,2026-06-08T07:15:00@4321.80;2026-06-08T08:30:00@4268.54;2026-06-08T09:15:00@4311.29,1,,NA,NA,,NA,,NA,0,NA,,,2026-06-08T09:30:00,STRUCTURE_FAILED,0
db35a23ce9b1f381,M15,L3,SHORT,DESIGN,2026-06-08T08:30:00,4287.99,4268.54,4313.32,2026-06-08T07:15:00@4321.80;2026-06-08T08:30:00@4268.54;2026-06-08T09:15:00@4311.29,1,,NA,NA,,NA,,NA,0,NA,,,2026-06-08T09:30:00,STRUCTURE_FAILED,0
e19bcaea2d62b080,M15,L3,LONG,DESIGN,2026-06-08T14:00:00,4318.52,4297.16,4318.57,2026-06-08T13:00:00@4286.23;2026-06-08T15:00:00@4334.87;2026-06-08T15:15:00@4320.17;2026-06-08T15:30:00@4339.61;2026-06-08T16:15:00@4321.29;2026-06-08T16:30:00@4346.66,3,2026-06-08T17:00:00,4316.65,2.395622,,NA,,NA,0,NA,,,2026-06-08T18:00:00,STRUCTURE_FAILED,0
f39611e95d913d43,M15,L2,LONG,DESIGN,2026-06-09T08:30:00,4348.14,4331.53,4351.42,2026-06-09T07:30:00@4324.28;2026-06-09T08:30:00@4351.42;2026-06-09T10:30:00@4322.28,1,,NA,NA,,NA,,NA,0,NA,,,2026-06-09T10:45:00,STRUCTURE_FAILED,0
2fa07a43eb2add35,M15,L3,LONG,DESIGN,2026-06-09T08:30:00,4348.14,4331.53,4351.42,2026-06-09T07:30:00@4324.28;2026-06-09T08:30:00@4351.42;2026-06-09T10:30:00@4322.28,1,,NA,NA,,NA,,NA,0,NA,,,2026-06-09T10:45:00,STRUCTURE_FAILED,0
4d95058b7623f06a,M15,L3,SHORT,DESIGN,2026-06-09T17:00:00,4321.25,4319.81,4336.13,2026-06-09T16:45:00@4363.67;2026-06-09T17:45:00@4278.59;2026-06-09T18:00:00@4302.21;2026-06-09T18:30:00@4263.16;2026-06-09T18:45:00@4285.81;2026-06-09T19:30:00@4236.78;2026-06-09T21:15:00@4274.29;2026-06-09T22:45:00@4249.95,3,,NA,NA,,NA,,NA,0,NA,,,2026-06-09T23:30:00,NO_SPIKE,0
6d9b5ed339b86bcb,M15,L3,SHORT,DESIGN,2026-06-09T17:15:00,4318.63,4305.93,4323.85,2026-06-09T16:45:00@4363.67;2026-06-09T17:45:00@4278.59;2026-06-09T18:00:00@4302.21;2026-06-09T18:30:00@4263.16;2026-06-09T18:45:00@4285.81;2026-06-09T19:30:00@4236.78;2026-06-09T21:15:00@4274.29;2026-06-09T22:45:00@4249.95,3,,NA,NA,,NA,,NA,0,NA,,,2026-06-09T23:30:00,NO_SPIKE,0
85cc6fbebd277d15,M15,L2,SHORT,DESIGN,2026-06-09T17:30:00,4285.22,4284.62,4321.30,2026-06-09T16:45:00@4363.67;2026-06-09T17:45:00@4278.59;2026-06-09T18:00:00@4302.21,1,,NA,NA,,NA,,NA,0,NA,,,2026-06-09T18:15:00,STRUCTURE_FAILED,0
b0b555360500abc6,M15,L3,SHORT,DESIGN,2026-06-09T17:30:00,4285.22,4284.62,4321.30,2026-06-09T16:45:00@4363.67;2026-06-09T17:45:00@4278.59;2026-06-09T18:00:00@4302.21,1,,NA,NA,,NA,,NA,0,NA,,,2026-06-09T18:15:00,STRUCTURE_FAILED,0
9c2f98b2fe1156da,M15,L3,SHORT,DESIGN,2026-06-09T18:45:00,4272.45,4272.45,4285.81,2026-06-09T18:45:00@4285.81;2026-06-09T19:30:00@4236.78;2026-06-09T21:15:00@4274.29,1,,NA,NA,,NA,,NA,0,NA,,,2026-06-09T22:00:00,STRUCTURE_FAILED,0
f9b781758a356fa2,M15,L1,SHORT,DESIGN,2026-06-09T19:00:00,4259.79,4258.51,4281.09,2026-06-09T18:45:00@4285.81;2026-06-09T19:30:00@4236.78;2026-06-09T21:15:00@4274.29,1,,NA,NA,,NA,,NA,0,NA,,,2026-06-09T22:00:00,STRUCTURE_FAILED,0
c7f350294ba1e623,M15,L3,SHORT,DESIGN,2026-06-09T19:00:00,4259.79,4258.51,4281.09,2026-06-09T18:45:00@4285.81;2026-06-09T19:30:00@4236.78;2026-06-09T21:15:00@4274.29,1,,NA,NA,,NA,,NA,0,NA,,,2026-06-09T22:00:00,STRUCTURE_FAILED,0
d5251d55f69d9820,M15,L1,SHORT,DESIGN,2026-06-10T02:00:00,4236.06,4235.48,4247.16,2026-06-10T02:00:00@4247.16;2026-06-10T02:45:00@4210.42;2026-06-10T03:15:00@4228.35;2026-06-10T03:30:00@4198.95;2026-06-10T03:45:00@4220.85;2026-06-10T04:00:00@4187.09,3,2026-06-10T04:15:00,4216.44,2.154988,2026-06-10T07:00:00,4187.31,2026-06-10T09:00:00,4222.08,2,4.34625000,2026-06-10T09:45:00,2026-06-10T10:00:00,2026-06-10T10:15:00,LINE_PASSED,0
d2a93d0b22f10744,M15,L3,SHORT,DESIGN,2026-06-10T02:00:00,4236.06,4235.48,4247.16,2026-06-10T02:00:00@4247.16;2026-06-10T02:45:00@4210.42;2026-06-10T03:15:00@4228.35;2026-06-10T03:30:00@4198.95;2026-06-10T03:45:00@4220.85;2026-06-10T04:00:00@4187.09,3,2026-06-10T04:15:00,4216.44,2.154988,2026-06-10T07:00:00,4187.31,2026-06-10T09:00:00,4222.08,2,4.34625000,2026-06-10T09:45:00,2026-06-10T10:00:00,2026-06-10T10:15:00,LINE_PASSED,0
b5a41169d9ec3d37,M15,L2,SHORT,DESIGN,2026-06-10T11:00:00,4166.25,4161.43,4187.42,2026-06-10T09:00:00@4222.08;2026-06-10T11:00:00@4161.43;2026-06-10T11:30:00@4179.36,1,,NA,NA,,NA,,NA,0,NA,,,2026-06-10T11:45:00,STRUCTURE_FAILED,0
05dd2680ca1d914e,M15,L3,SHORT,DESIGN,2026-06-10T11:00:00,4166.25,4161.43,4187.42,2026-06-10T09:00:00@4222.08;2026-06-10T11:00:00@4161.43;2026-06-10T11:30:00@4179.36,1,,NA,NA,,NA,,NA,0,NA,,,2026-06-10T11:45:00,STRUCTURE_FAILED,0
6ee84749027d4552,M15,L1,SHORT,DESIGN,2026-06-11T01:00:00,4056.25,4050.23,4072.97,2026-06-10T21:00:00@4120.49;2026-06-11T01:15:00@4036.07;2026-06-11T01:30:00@4069.16,1,,NA,NA,,NA,,NA,0,NA,,,2026-06-11T01:45:00,STRUCTURE_FAILED,0
a2673acf18a3219f,M15,L3,SHORT,DESIGN,2026-06-11T15:00:00,4076.35,4072.77,4087.18,2026-06-11T12:45:00@4096.44;2026-06-11T15:30:00@4057.52;2026-06-11T16:00:00@4086.15,1,,NA,NA,,NA,,NA,0,NA,,,2026-06-11T16:15:00,STRUCTURE_FAILED,0
79d08b4b10b32c1e,M15,L2,LONG,DESIGN,2026-06-11T20:30:00,4166.67,4101.51,4170.09,2026-06-11T20:00:00@4071.91;2026-06-11T20:30:00@4170.09;2026-06-11T21:00:00@4131.29,1,,NA,NA,,NA,,NA,0,NA,,,2026-06-11T21:15:00,STRUCTURE_FAILED,0
4acccf0ebb8ce603,M15,L3,LONG,DESIGN,2026-06-11T20:30:00,4166.67,4101.51,4170.09,2026-06-11T20:00:00@4071.91;2026-06-11T20:30:00@4170.09;2026-06-11T21:00:00@4131.29,1,,NA,NA,,NA,,NA,0,NA,,,2026-06-11T21:15:00,STRUCTURE_FAILED,0
c26f9508ab3e8683,M15,L3,LONG,DESIGN,2026-06-11T22:00:00,4188.32,4161.84,4189.32,2026-06-11T21:00:00@4131.29;2026-06-12T01:45:00@4246.64;2026-06-12T04:30:00@4171.42,1,,NA,NA,,NA,,NA,0,NA,,,2026-06-12T04:45:00,STRUCTURE_FAILED,0
ed0c2209645788ff,M15,L1,LONG,DESIGN,2026-06-12T01:30:00,4225.80,4211.05,4228.17,2026-06-11T21:00:00@4131.29;2026-06-12T01:45:00@4246.64;2026-06-12T04:30:00@4171.42,1,,NA,NA,,NA,,NA,0,NA,,,2026-06-12T04:45:00,STRUCTURE_FAILED,0
6c29993b43ed1dc2,M15,L3,LONG,DESIGN,2026-06-12T01:30:00,4225.80,4211.05,4228.17,2026-06-11T21:00:00@4131.29;2026-06-12T01:45:00@4246.64;2026-06-12T04:30:00@4171.42,1,,NA,NA,,NA,,NA,0,NA,,,2026-06-12T04:45:00,STRUCTURE_FAILED,0
af6f5e62a7300d76,M15,L3,LONG,DESIGN,2026-06-12T21:30:00,4229.27,4224.31,4230.01,,0,,NA,NA,,NA,,NA,0,NA,,,2026-06-12T23:00:00,NO_LEG1,0
05efd3c5dda8b143,M15,L3,LONG,DESIGN,2026-06-15T04:30:00,4317.80,4301.27,4319.65,2026-06-15T04:00:00@4285.46;2026-06-15T05:45:00@4335.43;2026-06-15T07:15:00@4320.37;2026-06-15T08:15:00@4332.94,1,,NA,NA,,NA,,NA,0,NA,,,2026-06-15T08:30:00,STRUCTURE_FAILED,0
699e6cdb81daa857,M15,L2,LONG,DESIGN,2026-06-15T11:30:00,4341.00,4327.89,4345.45,2026-06-15T09:30:00@4300.92;2026-06-15T11:30:00@4345.45;2026-06-15T11:45:00@4334.17,1,,NA,NA,,NA,,NA,0,NA,,,2026-06-15T12:00:00,STRUCTURE_FAILED,0
7c4ad79b1fc48025,M15,L3,LONG,DESIGN,2026-06-15T11:30:00,4341.00,4327.89,4345.45,2026-06-15T09:30:00@4300.92;2026-06-15T11:30:00@4345.45;2026-06-15T11:45:00@4334.17,1,,NA,NA,,NA,,NA,0,NA,,,2026-06-15T12:00:00,STRUCTURE_FAILED,0
eac5b0c3fea24677,M15,L3,LONG,DESIGN,2026-06-15T15:45:00,4349.05,4343.41,4349.38,2026-06-15T15:15:00@4324.65;2026-06-15T16:30:00@4369.13;2026-06-15T17:00:00@4354.01;2026-06-15T17:30:00@4365.25,1,,NA,NA,,NA,,NA,0,NA,,,2026-06-15T17:45:00,STRUCTURE_FAILED,0
f9449f471d506abe,M15,L3,LONG,DESIGN,2026-06-15T16:15:00,4353.32,4349.41,4355.94,2026-06-15T15:15:00@4324.65;2026-06-15T16:30:00@4369.13;2026-06-15T17:00:00@4354.01,1,,NA,NA,,NA,,NA,0,NA,,,2026-06-15T17:15:00,STRUCTURE_FAILED,0
5e59a748aeb39928,M15,L3,LONG,DESIGN,2026-06-15T17:15:00,4363.73,4354.08,4364.28,2026-06-15T17:00:00@4354.01;2026-06-15T17:30:00@4365.25;2026-06-15T18:30:00@4349.56,1,,NA,NA,,NA,,NA,0,NA,,,2026-06-15T18:45:00,STRUCTURE_FAILED,0
66023d49bc1d7249,M15,L3,SHORT,DESIGN,2026-06-15T20:30:00,4322.10,4321.16,4329.97,2026-06-15T18:45:00@4360.81;2026-06-15T21:00:00@4318.06;2026-06-15T21:15:00@4328.02,1,,NA,NA,,NA,,NA,0,NA,,,2026-06-15T22:15:00,STRUCTURE_FAILED,0
1c4639e84d4f56ac,M15,L2,LONG,DESIGN,2026-06-16T10:45:00,4335.17,4326.62,4335.63,2026-06-16T09:00:00@4313.40;2026-06-16T12:00:00@4348.32;2026-06-16T12:15:00@4338.43;2026-06-16T14:00:00@4349.47;2026-06-16T14:30:00@4335.13,2,,NA,NA,,NA,,NA,0,NA,,,2026-06-16T14:45:00,STRUCTURE_FAILED,0
f5995ecd9e1b9fbe,M15,L3,LONG,DESIGN,2026-06-16T10:45:00,4335.17,4326.62,4335.63,2026-06-16T09:00:00@4313.40;2026-06-16T12:00:00@4348.32;2026-06-16T12:15:00@4338.43;2026-06-16T14:00:00@4349.47;2026-06-16T14:30:00@4335.13,2,,NA,NA,,NA,,NA,0,NA,,,2026-06-16T14:45:00,STRUCTURE_FAILED,0
fca06e141b03fd87,M15,L3,LONG,DESIGN,2026-06-17T04:00:00,4347.65,4334.40,4349.61,2026-06-17T03:45:00@4332.23;2026-06-17T04:00:00@4349.61;2026-06-17T04:45:00@4336.92,1,,NA,NA,,NA,,NA,0,NA,,,2026-06-17T05:00:00,STRUCTURE_FAILED,0
9f478b773dadcad3,M15,L3,SHORT,DESIGN,2026-06-17T07:15:00,4324.55,4324.14,4334.12,2026-06-17T05:15:00@4344.55;2026-06-17T07:30:00@4317.60;2026-06-17T08:00:00@4327.80,1,,NA,NA,,NA,,NA,0,NA,,,2026-06-17T08:15:00,STRUCTURE_FAILED,0
2b18669fb9ba45ec,M15,L3,LONG,DESIGN,2026-06-17T16:15:00,4335.49,4330.97,4338.48,2026-06-17T16:00:00@4324.14;2026-06-17T17:30:00@4364.04;2026-06-17T17:45:00@4331.02,1,,NA,NA,,NA,,NA,0,NA,,,2026-06-17T18:00:00,STRUCTURE_FAILED,0
ced820b69b19ff45,M15,L3,LONG,DESIGN,2026-06-17T16:30:00,4341.81,4332.63,4341.92,2026-06-17T16:00:00@4324.14;2026-06-17T17:30:00@4364.04;2026-06-17T17:45:00@4331.02,1,,NA,NA,,NA,,NA,0,NA,,,2026-06-17T18:00:00,STRUCTURE_FAILED,0
7a7b697db0c4f6df,M15,L1,LONG,DESIGN,2026-06-17T17:15:00,4360.39,4341.10,4362.25,2026-06-17T16:00:00@4324.14;2026-06-17T17:30:00@4364.04;2026-06-17T17:45:00@4331.02,1,,NA,NA,,NA,,NA,0,NA,,,2026-06-17T18:00:00,STRUCTURE_FAILED,0
e52111eea722214c,M15,L2,LONG,DESIGN,2026-06-17T17:15:00,4360.39,4341.10,4362.25,2026-06-17T16:00:00@4324.14;2026-06-17T17:30:00@4364.04;2026-06-17T17:45:00@4331.02,1,,NA,NA,,NA,,NA,0,NA,,,2026-06-17T18:00:00,STRUCTURE_FAILED,0
aa51a0830289f69e,M15,L3,LONG,DESIGN,2026-06-17T17:15:00,4360.39,4341.10,4362.25,2026-06-17T16:00:00@4324.14;2026-06-17T17:30:00@4364.04;2026-06-17T17:45:00@4331.02,1,,NA,NA,,NA,,NA,0,NA,,,2026-06-17T18:00:00,STRUCTURE_FAILED,0
180250dc63b3d077,M15,L3,LONG,DESIGN,2026-06-17T20:30:00,4376.48,4360.84,4382.43,2026-06-17T19:30:00@4355.15;2026-06-17T20:45:00@4382.49;2026-06-17T21:00:00@4276.99,1,,NA,NA,,NA,,NA,0,NA,,,2026-06-17T21:15:00,STRUCTURE_FAILED,0
895401d7c805dac0,M15,L1,SHORT,DESIGN,2026-06-17T21:00:00,4284.13,4276.99,4380.04,2026-06-17T20:45:00@4382.49;2026-06-17T21:00:00@4276.99;2026-06-17T21:45:00@4332.33,1,,NA,NA,,NA,,NA,0,NA,,,2026-06-17T22:00:00,STRUCTURE_FAILED,0
2a9a8f87afecf17a,M15,L2,SHORT,DESIGN,2026-06-17T21:00:00,4284.13,4276.99,4380.04,2026-06-17T20:45:00@4382.49;2026-06-17T21:00:00@4276.99;2026-06-17T21:45:00@4332.33,1,,NA,NA,,NA,,NA,0,NA,,,2026-06-17T22:00:00,STRUCTURE_FAILED,0
1319bff5b0ab492f,M15,L3,SHORT,DESIGN,2026-06-17T21:00:00,4284.13,4276.99,4380.04,2026-06-17T20:45:00@4382.49;2026-06-17T21:00:00@4276.99;2026-06-17T21:45:00@4332.33,1,,NA,NA,,NA,,NA,0,NA,,,2026-06-17T22:00:00,STRUCTURE_FAILED,0
c2b2bcf805f432ce,M15,L2,SHORT,DESIGN,2026-06-18T11:45:00,4266.70,4265.60,4281.73,2026-06-18T10:15:00@4309.44;2026-06-18T12:00:00@4259.64;2026-06-18T12:15:00@4273.22,1,,NA,NA,,NA,,NA,0,NA,,,2026-06-18T12:30:00,STRUCTURE_FAILED,0
4e46bc5e744fa8fb,M15,L3,SHORT,DESIGN,2026-06-18T18:15:00,4235.72,4234.42,4249.40,2026-06-18T18:00:00@4254.83;2026-06-18T19:45:00@4214.01;2026-06-18T21:00:00@4233.13;2026-06-18T22:30:00@4201.52;2026-06-18T23:15:00@4219.59;2026-06-19T03:15:00@4184.37;2026-06-19T04:00:00@4194.54;2026-06-19T05:15:00@4175.08;2026-06-19T05:30:00@4183.59;2026-06-19T08:00:00@4121.77,5,2026-06-19T08:45:00,4141.56,2.162650,2026-06-19T16:00:00,4182.88,2026-06-22T04:00:00,4220.87,4,1.31000000,2026-06-19T16:00:00,2026-06-22T07:30:00,2026-06-22T07:45:00,LINE_PASSED,0
fe0b170ac86907f7,M15,L1,SHORT,DESIGN,2026-06-18T21:45:00,4218.25,4218.21,4225.22,2026-06-18T21:00:00@4233.13;2026-06-18T22:30:00@4201.52;2026-06-18T23:15:00@4219.59,1,,NA,NA,,NA,,NA,0,NA,,,2026-06-18T23:45:00,STRUCTURE_FAILED,0
85c6865ec877a203,M15,L3,SHORT,DESIGN,2026-06-18T21:45:00,4218.25,4218.21,4225.22,2026-06-18T21:00:00@4233.13;2026-06-18T22:30:00@4201.52;2026-06-18T23:15:00@4219.59,1,,NA,NA,,NA,,NA,0,NA,,,2026-06-18T23:45:00,STRUCTURE_FAILED,0
d9c3f36626f5ce2a,M15,L3,SHORT,DESIGN,2026-06-18T22:00:00,4207.47,4203.97,4218.99,2026-06-18T21:00:00@4233.13;2026-06-18T22:30:00@4201.52;2026-06-18T23:15:00@4219.59,1,,NA,NA,,NA,,NA,0,NA,,,2026-06-18T23:45:00,STRUCTURE_FAILED,0
e5798b549bc518a6,M15,L1,SHORT,DESIGN,2026-06-19T02:00:00,4195.76,4194.15,4208.23,2026-06-18T23:15:00@4219.59;2026-06-19T03:15:00@4184.37;2026-06-19T04:00:00@4194.54,1,,NA,NA,,NA,,NA,0,NA,,,2026-06-19T04:15:00,STRUCTURE_FAILED,0
7a0de41edf4338b9,M15,L3,SHORT,DESIGN,2026-06-19T02:00:00,4195.76,4194.15,4208.23,2026-06-18T23:15:00@4219.59;2026-06-19T03:15:00@4184.37;2026-06-19T04:00:00@4194.54,1,,NA,NA,,NA,,NA,0,NA,,,2026-06-19T04:15:00,STRUCTURE_FAILED,0
46a8f9b2587d4811,M15,L3,SHORT,DESIGN,2026-06-19T05:45:00,4176.28,4171.87,4180.73,2026-06-19T05:30:00@4183.59;2026-06-19T08:00:00@4121.77;2026-06-19T09:00:00@4148.05;2026-06-19T09:30:00@4132.83,1,,NA,NA,,NA,,NA,0,NA,,,2026-06-19T09:45:00,STRUCTURE_FAILED,0
3e1c261a13f1362c,M15,L3,SHORT,DESIGN,2026-06-19T06:00:00,4166.09,4166.07,4177.23,2026-06-19T05:30:00@4183.59;2026-06-19T08:00:00@4121.77;2026-06-19T09:00:00@4148.05;2026-06-19T09:30:00@4132.83,1,,NA,NA,,NA,,NA,0,NA,,,2026-06-19T09:45:00,STRUCTURE_FAILED,0
0eadf94d9ee0bf8b,M15,L3,LONG,DESIGN,2026-06-19T15:45:00,4179.08,4147.32,4180.09,2026-06-19T15:45:00@4147.32;2026-06-19T16:00:00@4182.88;2026-06-19T17:45:00@4142.49,1,,NA,NA,,NA,,NA,0,NA,,,2026-06-19T18:00:00,STRUCTURE_FAILED,0
08793a108398b3df,M15,L3,LONG,DESIGN,2026-06-22T03:45:00,4200.81,4175.56,4200.93,2026-06-22T02:45:00@4136.52;2026-06-22T04:00:00@4220.87;2026-06-22T05:15:00@4183.58,1,,NA,NA,,NA,,NA,0,NA,,,2026-06-22T05:30:00,STRUCTURE_FAILED,0
0fbc42d7782811dc,M15,L3,LONG,DESIGN,2026-06-22T12:45:00,4208.20,4204.33,4210.09,2026-06-22T11:00:00@4188.66;2026-06-22T13:15:00@4214.18;2026-06-22T13:45:00@4203.69,1,,NA,NA,,NA,,NA,0,NA,,,2026-06-22T14:00:00,STRUCTURE_FAILED,0
a1b2f6345b1780ed,M15,L3,SHORT,DESIGN,2026-06-22T16:15:00,4186.92,4185.42,4196.87,2026-06-22T15:15:00@4211.78;2026-06-22T16:30:00@4182.97;2026-06-22T17:00:00@4210.74,1,,NA,NA,,NA,,NA,0,NA,,,2026-06-22T17:15:00,STRUCTURE_FAILED,0
72daeb59e64c23bd,M15,L4,SHORT,DESIGN,2026-06-23T03:00:00,4178.83,4178.36,4192.22,2026-06-23T02:30:00@4195.26;2026-06-23T03:00:00@4178.36;2026-06-23T04:00:00@4198.46,1,,NA,NA,,NA,,NA,0,NA,,,2026-06-23T04:15:00,STRUCTURE_FAILED,0
d7ba80596ca38dac,M15,L3,SHORT,DESIGN,2026-06-23T04:30:00,4154.37,4153.52,4178.66,2026-06-23T04:00:00@4198.46;2026-06-23T05:00:00@4149.02;2026-06-23T05:15:00@4163.49,1,,NA,NA,,NA,,NA,0,NA,,,2026-06-23T05:30:00,STRUCTURE_FAILED,0
689bcad269ad10b3,M15,L1,SHORT,DESIGN,2026-06-23T07:45:00,4118.15,4115.06,4140.18,2026-06-23T07:00:00@4146.92;2026-06-23T07:45:00@4115.06;2026-06-23T08:00:00@4137.46,1,,NA,NA,,NA,,NA,0,NA,,,2026-06-23T08:15:00,STRUCTURE_FAILED,0
e3e521f0facfe83b,M15,L3,SHORT,DESIGN,2026-06-23T07:45:00,4118.15,4115.06,4140.18,2026-06-23T07:00:00@4146.92;2026-06-23T07:45:00@4115.06;2026-06-23T08:00:00@4137.46,1,,NA,NA,,NA,,NA,0,NA,,,2026-06-23T08:15:00,STRUCTURE_FAILED,0
5fcf13b6c9f4e158,M15,L2,SHORT,DESIGN,2026-06-23T09:30:00,4113.39,4110.90,4121.07,2026-06-23T09:15:00@4126.78;2026-06-23T10:00:00@4110.04;2026-06-23T10:15:00@4122.89,1,,NA,NA,,NA,,NA,0,NA,,,2026-06-23T10:30:00,STRUCTURE_FAILED,0
2f11d827a45063c1,M15,L3,LONG,DESIGN,2026-06-23T16:45:00,4135.74,4124.67,4140.43,2026-06-23T16:15:00@4105.44;2026-06-23T17:00:00@4145.05;2026-06-23T17:30:00@4122.92,1,,NA,NA,,NA,,NA,0,NA,,,2026-06-23T18:00:00,STRUCTURE_FAILED,0
2a944a0b6629aabe,M15,L3,SHORT,DESIGN,2026-06-24T01:30:00,4104.23,4097.11,4108.37,2026-06-24T01:00:00@4119.72;2026-06-24T01:30:00@4097.11;2026-06-24T01:45:00@4109.08,1,,NA,NA,,NA,,NA,0,NA,,,2026-06-24T02:00:00,STRUCTURE_FAILED,0
e79cbfa761eca939,M15,L1,SHORT,DESIGN,2026-06-24T02:30:00,4086.24,4080.85,4098.15,2026-06-24T01:45:00@4109.08;2026-06-24T02:30:00@4080.85;2026-06-24T03:00:00@4112.01,1,,NA,NA,,NA,,NA,0,NA,,,2026-06-24T03:15:00,STRUCTURE_FAILED,0
d031a1e544d41329,M15,L3,SHORT,DESIGN,2026-06-24T02:30:00,4086.24,4080.85,4098.15,2026-06-24T01:45:00@4109.08;2026-06-24T02:30:00@4080.85;2026-06-24T03:00:00@4112.01,1,,NA,NA,,NA,,NA,0,NA,,,2026-06-24T03:15:00,STRUCTURE_FAILED,0
288f7ce82509a086,M15,L2,SHORT,DESIGN,2026-06-24T14:00:00,4045.89,4044.80,4058.50,2026-06-24T13:30:00@4066.89;2026-06-24T14:15:00@4037.59;2026-06-24T14:45:00@4056.24,1,,NA,NA,,NA,,NA,0,NA,,,2026-06-24T15:00:00,STRUCTURE_FAILED,0
8fd0454767e63f97,M15,L3,SHORT,DESIGN,2026-06-24T14:00:00,4045.89,4044.80,4058.50,2026-06-24T13:30:00@4066.89;2026-06-24T14:15:00@4037.59;2026-06-24T14:45:00@4056.24,1,,NA,NA,,NA,,NA,0,NA,,,2026-06-24T15:00:00,STRUCTURE_FAILED,0
8808de2a2fff7e56,M15,L3,LONG,DESIGN,2026-06-25T15:30:00,4005.38,3983.20,4011.95,2026-06-25T15:15:00@3978.76;2026-06-25T16:00:00@4034.00;2026-06-25T17:00:00@3999.15,1,,NA,NA,,NA,,NA,0,NA,,,2026-06-25T17:15:00,STRUCTURE_FAILED,0
779531d81466ae52,M15,L2,LONG,DESIGN,2026-06-25T16:00:00,4030.99,4011.98,4034.00,2026-06-25T15:15:00@3978.76;2026-06-25T16:00:00@4034.00;2026-06-25T17:00:00@3999.15,1,,NA,NA,,NA,,NA,0,NA,,,2026-06-25T17:15:00,STRUCTURE_FAILED,0
6357a2d2c8da5e24,M15,L3,LONG,DESIGN,2026-06-25T16:00:00,4030.99,4011.98,4034.00,2026-06-25T15:15:00@3978.76;2026-06-25T16:00:00@4034.00;2026-06-25T17:00:00@3999.15,1,,NA,NA,,NA,,NA,0,NA,,,2026-06-25T17:15:00,STRUCTURE_FAILED,0
742874d2b4ce6ac1,M15,L2,LONG,DESIGN,2026-06-26T09:45:00,4032.12,4022.00,4033.16,2026-06-26T08:45:00@4005.72;2026-06-26T10:15:00@4039.73;2026-06-26T11:00:00@4025.82,1,,NA,NA,,NA,,NA,0,NA,,,2026-06-26T11:15:00,STRUCTURE_FAILED,0
4ceb5b57c0eb874f,M15,L1,LONG,DESIGN,2026-06-26T12:15:00,4048.27,4034.50,4050.93,2026-06-26T11:00:00@4025.82;2026-06-26T12:30:00@4054.09;2026-06-26T13:15:00@4042.32,1,,NA,NA,,NA,,NA,0,NA,,,2026-06-26T13:30:00,STRUCTURE_FAILED,0
b0a12e573f52dbda,M15,L3,LONG,DESIGN,2026-06-26T12:15:00,4048.27,4034.50,4050.93,2026-06-26T11:00:00@4025.82;2026-06-26T12:30:00@4054.09;2026-06-26T13:15:00@4042.32,1,,NA,NA,,NA,,NA,0,NA,,,2026-06-26T13:30:00,STRUCTURE_FAILED,0
90028b0f4e5ba02a,M15,L2,SHORT,DESIGN,2026-06-29T11:45:00,4047.00,4043.66,4057.36,2026-06-29T10:45:00@4068.56;2026-06-29T11:45:00@4043.66;2026-06-29T12:00:00@4055.23,1,,NA,NA,,NA,,NA,0,NA,,,2026-06-29T12:15:00,STRUCTURE_FAILED,0
7f5b6f1cc935fa42,M15,L3,SHORT,DESIGN,2026-06-29T11:45:00,4047.00,4043.66,4057.36,2026-06-29T10:45:00@4068.56;2026-06-29T11:45:00@4043.66;2026-06-29T12:00:00@4055.23,1,,NA,NA,,NA,,NA,0,NA,,,2026-06-29T12:15:00,STRUCTURE_FAILED,0
736b134f389efdd9,M15,L3,SHORT,DESIGN,2026-06-29T12:45:00,4031.56,4024.48,4044.00,2026-06-29T12:00:00@4055.23;2026-06-29T12:45:00@4024.48;2026-06-29T13:00:00@4039.58,1,,NA,NA,,NA,,NA,0,NA,,,2026-06-29T14:15:00,STRUCTURE_FAILED,0
eb21b0c32dc184a0,M15,L3,SHORT,DESIGN,2026-06-29T17:00:00,4008.88,4008.04,4035.44,2026-06-29T16:00:00@4051.70;2026-06-29T17:15:00@4000.00;2026-06-29T17:45:00@4030.38,1,,NA,NA,,NA,,NA,0,NA,,,2026-06-29T18:15:00,STRUCTURE_FAILED,0
490ba28dcca34295,M15,L1,SHORT,DESIGN,2026-06-30T03:30:00,3991.85,3990.97,4006.79,2026-06-30T03:15:00@4011.58;2026-06-30T04:00:00@3943.38;2026-06-30T04:15:00@3980.73;2026-06-30T05:00:00@3952.36,1,,NA,NA,,NA,,NA,0,NA,,,2026-06-30T05:15:00,STRUCTURE_FAILED,0
0a30c2641a362b7f,M15,L3,SHORT,DESIGN,2026-06-30T03:30:00,3991.85,3990.97,4006.79,2026-06-30T03:15:00@4011.58;2026-06-30T04:00:00@3943.38;2026-06-30T04:15:00@3980.73;2026-06-30T05:00:00@3952.36,1,,NA,NA,,NA,,NA,0,NA,,,2026-06-30T05:15:00,STRUCTURE_FAILED,0
49cc0ee6cb0754f0,M15,L3,SHORT,DESIGN,2026-06-30T04:00:00,3957.96,3943.38,3987.21,2026-06-30T03:15:00@4011.58;2026-06-30T04:00:00@3943.38;2026-06-30T04:15:00@3980.73,1,,NA,NA,,NA,,NA,0,NA,,,2026-06-30T04:30:00,STRUCTURE_FAILED,0
a03558d65f9ecb8f,M15,L2,LONG,DESIGN,2026-06-30T09:30:00,4024.82,4011.01,4034.01,2026-06-30T08:30:00@3975.16;2026-06-30T11:00:00@4037.61;2026-06-30T12:30:00@4012.31,1,,NA,NA,,NA,,NA,0,NA,,,2026-06-30T12:45:00,STRUCTURE_FAILED,0
49fc98e4e15544dd,M15,L3,LONG,DESIGN,2026-06-30T09:30:00,4024.82,4011.01,4034.01,2026-06-30T08:30:00@3975.16;2026-06-30T11:00:00@4037.61;2026-06-30T12:30:00@4012.31,1,,NA,NA,,NA,,NA,0,NA,,,2026-06-30T12:45:00,STRUCTURE_FAILED,0
ec63468b0957ef1f,M15,L3,LONG,DESIGN,2026-06-30T10:45:00,4032.28,4025.61,4033.16,2026-06-30T08:30:00@3975.16;2026-06-30T11:00:00@4037.61;2026-06-30T12:30:00@4012.31,1,,NA,NA,,NA,,NA,0,NA,,,2026-06-30T12:45:00,STRUCTURE_FAILED,0
f87fb67b3509bf30,M15,L3,SHORT,DESIGN,2026-06-30T15:45:00,4009.92,4008.72,4018.73,2026-06-30T14:45:00@4037.33;2026-06-30T15:45:00@4008.72;2026-06-30T16:15:00@4033.34,1,,NA,NA,,NA,,NA,0,NA,,,2026-06-30T16:30:00,STRUCTURE_FAILED,0
771161b853d80992,M15,L3,LONG,DESIGN,2026-06-30T17:00:00,4043.64,4025.43,4048.61,2026-06-30T16:30:00@4013.25;2026-06-30T17:15:00@4063.39;2026-06-30T18:15:00@4022.21,1,,NA,NA,,NA,,NA,0,NA,,,2026-06-30T18:45:00,STRUCTURE_FAILED,0
7e7f3524c65d86f6,M15,L3,LONG,DESIGN,2026-06-30T17:15:00,4054.13,4043.07,4063.39,2026-06-30T16:30:00@4013.25;2026-06-30T17:15:00@4063.39;2026-06-30T18:15:00@4022.21,1,,NA,NA,,NA,,NA,0,NA,,,2026-06-30T18:45:00,STRUCTURE_FAILED,0
3d12a809016c92cb,M15,L3,SHORT,DESIGN,2026-06-30T23:45:00,4007.59,4006.15,4011.50,2026-06-30T21:00:00@4033.78;2026-06-30T23:45:00@4006.15;2026-07-01T01:00:00@4019.35,1,,NA,NA,,NA,,NA,0,NA,,,2026-07-01T01:15:00,STRUCTURE_FAILED,0
099a4896b03b64a3,M15,L2,SHORT,HOLDOUT,2026-07-01T09:00:00,3965.17,3963.57,3977.47,2026-07-01T08:45:00@3978.83;2026-07-01T09:15:00@3963.15;2026-07-01T10:00:00@3973.78,1,,NA,NA,,NA,,NA,0,NA,,,2026-07-01T10:15:00,STRUCTURE_FAILED,0
57a101886a783418,M15,L3,SHORT,HOLDOUT,2026-07-01T09:00:00,3965.17,3963.57,3977.47,2026-07-01T08:45:00@3978.83;2026-07-01T09:15:00@3963.15;2026-07-01T10:00:00@3973.78,1,,NA,NA,,NA,,NA,0,NA,,,2026-07-01T10:15:00,STRUCTURE_FAILED,0
217cb935e1b3c183,M15,L2,LONG,HOLDOUT,2026-07-01T14:00:00,4015.97,3997.95,4019.40,2026-07-01T13:15:00@3981.46;2026-07-01T14:45:00@4035.50;2026-07-01T15:00:00@4019.74;2026-07-01T15:30:00@4033.14,1,,NA,NA,,NA,,NA,0,NA,,,2026-07-01T15:45:00,STRUCTURE_FAILED,0
d6314c072675d5e5,M15,L1,LONG,HOLDOUT,2026-07-01T16:30:00,4098.16,4041.81,4100.16,2026-07-01T16:00:00@4012.82;2026-07-01T16:45:00@4108.07;2026-07-01T17:00:00@4082.91,1,,NA,NA,,NA,,NA,0,NA,,,2026-07-01T17:15:00,STRUCTURE_FAILED,0
84675ba119c6fbbe,M15,L3,LONG,HOLDOUT,2026-07-01T16:30:00,4098.16,4041.81,4100.16,2026-07-01T16:00:00@4012.82;2026-07-01T16:45:00@4108.07;2026-07-01T17:00:00@4082.91,1,,NA,NA,,NA,,NA,0,NA,,,2026-07-01T17:15:00,STRUCTURE_FAILED,0
281e56083424caef,M15,L2,LONG,HOLDOUT,2026-07-02T09:15:00,4074.28,4067.20,4079.73,2026-07-02T08:30:00@4053.24;2026-07-02T09:15:00@4079.73;2026-07-02T09:30:00@4066.02,1,,NA,NA,,NA,,NA,0,NA,,,2026-07-02T09:45:00,STRUCTURE_FAILED,0
df1d9ff70653b666,M15,L3,LONG,HOLDOUT,2026-07-02T09:15:00,4074.28,4067.20,4079.73,2026-07-02T08:30:00@4053.24;2026-07-02T09:15:00@4079.73;2026-07-02T09:30:00@4066.02,1,,NA,NA,,NA,,NA,0,NA,,,2026-07-02T09:45:00,STRUCTURE_FAILED,0
36a429b80bc78ebb,M15,L1,LONG,HOLDOUT,2026-07-02T15:30:00,4132.53,4098.96,4140.51,2026-07-02T15:15:00@4061.67;2026-07-02T15:30:00@4140.51;2026-07-02T15:45:00@4112.22,1,,NA,NA,,NA,,NA,0,NA,,,2026-07-02T16:00:00,STRUCTURE_FAILED,0
c888eef51983de32,M15,L3,LONG,HOLDOUT,2026-07-02T15:30:00,4132.53,4098.96,4140.51,2026-07-02T15:15:00@4061.67;2026-07-02T15:30:00@4140.51;2026-07-02T15:45:00@4112.22,1,,NA,NA,,NA,,NA,0,NA,,,2026-07-02T16:00:00,STRUCTURE_FAILED,0
c98a99c950656536,M15,L1,LONG,HOLDOUT,2026-07-03T03:45:00,4147.27,4135.37,4151.01,2026-07-03T03:00:00@4123.04;2026-07-03T04:30:00@4195.45;2026-07-03T04:45:00@4175.31;2026-07-03T05:30:00@4186.88,1,,NA,NA,,NA,,NA,0,NA,,,2026-07-03T06:30:00,STRUCTURE_FAILED,0
0a1e8a12a8325556,M15,L3,LONG,HOLDOUT,2026-07-03T03:45:00,4147.27,4135.37,4151.01,2026-07-03T03:00:00@4123.04;2026-07-03T04:30:00@4195.45;2026-07-03T04:45:00@4175.31;2026-07-03T05:30:00@4186.88,1,,NA,NA,,NA,,NA,0,NA,,,2026-07-03T06:30:00,STRUCTURE_FAILED,0
aa59fb234f426240,M15,L3,SHORT,HOLDOUT,2026-07-03T16:00:00,4166.64,4164.54,4179.30,2026-07-03T14:45:00@4186.33;2026-07-03T16:00:00@4164.54;2026-07-03T16:15:00@4172.18,1,,NA,NA,,NA,,NA,0,NA,,,2026-07-03T16:30:00,STRUCTURE_FAILED,0
8bdd538b40e7e447,M15,L1,LONG,HOLDOUT,2026-07-06T02:15:00,4200.27,4186.65,4201.75,2026-07-06T01:45:00@4183.28;2026-07-06T02:15:00@4201.75;2026-07-06T03:00:00@4170.33,1,,NA,NA,,NA,,NA,0,NA,,,2026-07-06T03:15:00,STRUCTURE_FAILED,0
f016b409e79d9350,M15,L3,LONG,HOLDOUT,2026-07-06T02:15:00,4200.27,4186.65,4201.75,2026-07-06T01:45:00@4183.28;2026-07-06T02:15:00@4201.75;2026-07-06T03:00:00@4170.33,1,,NA,NA,,NA,,NA,0,NA,,,2026-07-06T03:15:00,STRUCTURE_FAILED,0
21ce6ab62fdd38d2,M15,L3,SHORT,HOLDOUT,2026-07-06T07:30:00,4160.18,4157.50,4162.45,2026-07-06T04:45:00@4202.91;2026-07-06T08:45:00@4144.80;2026-07-06T09:30:00@4159.58,1,,NA,NA,,NA,,NA,0,NA,,,2026-07-06T09:45:00,STRUCTURE_FAILED,0
4827f026ba06ba92,M15,L2,SHORT,HOLDOUT,2026-07-06T08:00:00,4152.13,4151.30,4160.98,2026-07-06T04:45:00@4202.91;2026-07-06T08:45:00@4144.80;2026-07-06T09:30:00@4159.58,1,,NA,NA,,NA,,NA,0,NA,,,2026-07-06T09:45:00,STRUCTURE_FAILED,0
0d8ed0f15bcedf61,M15,L3,SHORT,HOLDOUT,2026-07-06T08:00:00,4152.13,4151.30,4160.98,2026-07-06T04:45:00@4202.91;2026-07-06T08:45:00@4144.80;2026-07-06T09:30:00@4159.58,1,,NA,NA,,NA,,NA,0,NA,,,2026-07-06T09:45:00,STRUCTURE_FAILED,0
2f1fa48c089fe6d2,M15,L3,SHORT,HOLDOUT,2026-07-06T12:15:00,4143.65,4141.57,4149.84,2026-07-06T10:45:00@4166.25;2026-07-06T12:30:00@4136.64;2026-07-06T14:15:00@4159.56,1,,NA,NA,,NA,,NA,0,NA,,,2026-07-06T14:30:00,STRUCTURE_FAILED,0
dd0298ac0d92eb96,M15,L3,SHORT,HOLDOUT,2026-07-06T15:30:00,4133.37,4131.50,4146.28,2026-07-06T15:00:00@4158.49;2026-07-06T15:30:00@4131.50;2026-07-06T16:30:00@4150.47,1,,NA,NA,,NA,,NA,0,NA,,,2026-07-06T16:45:00,STRUCTURE_FAILED,0
4132864a248f3d15,M15,L3,LONG,HOLDOUT,2026-07-06T20:45:00,4161.39,4156.24,4161.61,2026-07-06T19:15:00@4140.29;2026-07-06T21:30:00@4167.45;2026-07-06T22:15:00@4158.81,1,,NA,NA,,NA,,NA,0,NA,,,2026-07-06T23:30:00,STRUCTURE_FAILED,0
63d01261a99d4db3,M15,L1,SHORT,HOLDOUT,2026-07-07T07:45:00,4126.62,4125.89,4131.21,2026-07-07T07:00:00@4141.24;2026-07-07T08:30:00@4116.61;2026-07-07T09:45:00@4132.96,1,,NA,NA,,NA,,NA,0,NA,,,2026-07-07T10:00:00,STRUCTURE_FAILED,0
a150df15378cb875,M15,L3,SHORT,HOLDOUT,2026-07-07T07:45:00,4126.62,4125.89,4131.21,2026-07-07T07:00:00@4141.24;2026-07-07T08:30:00@4116.61;2026-07-07T09:45:00@4132.96,1,,NA,NA,,NA,,NA,0,NA,,,2026-07-07T10:00:00,STRUCTURE_FAILED,0
7cecd1c8e0a4f291,M15,L2,SHORT,HOLDOUT,2026-07-07T08:00:00,4122.34,4122.04,4131.23,2026-07-07T07:00:00@4141.24;2026-07-07T08:30:00@4116.61;2026-07-07T09:45:00@4132.96,1,,NA,NA,,NA,,NA,0,NA,,,2026-07-07T10:00:00,STRUCTURE_FAILED,0
4e470954c4b278f3,M15,L3,LONG,HOLDOUT,2026-07-07T14:15:00,4143.16,4133.05,4145.26,2026-07-07T14:00:00@4131.84;2026-07-07T15:15:00@4175.01;2026-07-07T15:30:00@4161.81;2026-07-07T16:00:00@4178.29;2026-07-07T17:30:00@4143.65,2,,NA,NA,,NA,,NA,0,NA,,,2026-07-07T17:45:00,STRUCTURE_FAILED,0
e2bf056999078fb5,M15,L2,LONG,HOLDOUT,2026-07-07T15:00:00,4173.31,4154.72,4174.61,2026-07-07T14:00:00@4131.84;2026-07-07T15:15:00@4175.01;2026-07-07T15:30:00@4161.81,1,,NA,NA,,NA,,NA,0,NA,,,2026-07-07T15:45:00,STRUCTURE_FAILED,0
06b9cf7d147fb192,M15,L3,LONG,HOLDOUT,2026-07-07T15:00:00,4173.31,4154.72,4174.61,2026-07-07T14:00:00@4131.84;2026-07-07T15:15:00@4175.01;2026-07-07T15:30:00@4161.81,1,,NA,NA,,NA,,NA,0,NA,,,2026-07-07T15:45:00,STRUCTURE_FAILED,0
fc3bbc6661c3db16,M15,L3,SHORT,HOLDOUT,2026-07-07T21:45:00,4126.91,4125.13,4142.59,2026-07-07T20:30:00@4148.17;2026-07-07T22:15:00@4092.28;2026-07-07T22:45:00@4117.68;2026-07-08T01:00:00@4093.93,1,,NA,NA,,NA,,NA,0,NA,,,2026-07-08T01:15:00,STRUCTURE_FAILED,0
9efbe252c39b279b,M15,L3,SHORT,HOLDOUT,2026-07-07T22:00:00,4105.76,4103.02,4127.73,2026-07-07T20:30:00@4148.17;2026-07-07T22:15:00@4092.28;2026-07-07T22:45:00@4117.68,1,,NA,NA,,NA,,NA,0,NA,,,2026-07-07T23:15:00,STRUCTURE_FAILED,0
c1e1e406940230ba,M15,L3,LONG,HOLDOUT,2026-07-08T06:00:00,4128.07,4114.55,4130.77,2026-07-08T05:45:00@4113.42;2026-07-08T06:30:00@4131.12;2026-07-08T07:15:00@4120.61,1,,NA,NA,,NA,,NA,0,NA,,,2026-07-08T08:00:00,STRUCTURE_FAILED,0
3fe8e5fed8656f6e,M15,L2,LONG,HOLDOUT,2026-07-08T09:00:00,4131.48,4122.13,4131.70,2026-07-08T08:30:00@4121.10;2026-07-08T09:15:00@4133.63;2026-07-08T10:15:00@4114.83,1,,NA,NA,,NA,,NA,0,NA,,,2026-07-08T10:30:00,STRUCTURE_FAILED,0
ceff05fa1a637c74,M15,L1,SHORT,HOLDOUT,2026-07-08T11:15:00,4088.91,4080.81,4120.97,2026-07-08T10:45:00@4127.27;2026-07-08T13:00:00@4040.52;2026-07-08T13:30:00@4058.49;2026-07-08T14:30:00@4041.50,1,,NA,NA,,NA,,NA,0,NA,,,2026-07-08T14:45:00,STRUCTURE_FAILED,0
8e1b2961831cca33,M15,L2,SHORT,HOLDOUT,2026-07-08T11:15:00,4088.91,4080.81,4120.97,2026-07-08T10:45:00@4127.27;2026-07-08T13:00:00@4040.52;2026-07-08T13:30:00@4058.49;2026-07-08T14:30:00@4041.50,1,,NA,NA,,NA,,NA,0,NA,,,2026-07-08T14:45:00,STRUCTURE_FAILED,0
bfe8d7ee343e0fda,M15,L3,SHORT,HOLDOUT,2026-07-08T11:15:00,4088.91,4080.81,4120.97,2026-07-08T10:45:00@4127.27;2026-07-08T13:00:00@4040.52;2026-07-08T13:30:00@4058.49;2026-07-08T14:30:00@4041.50,1,,NA,NA,,NA,,NA,0,NA,,,2026-07-08T14:45:00,STRUCTURE_FAILED,0
09467e8b63e169a6,M15,L3,SHORT,HOLDOUT,2026-07-08T11:45:00,4056.69,4052.26,4076.02,2026-07-08T10:45:00@4127.27;2026-07-08T13:00:00@4040.52;2026-07-08T13:30:00@4058.49,1,,NA,NA,,NA,,NA,0,NA,,,2026-07-08T14:15:00,STRUCTURE_FAILED,0
ede1ed3e68023ce3,M15,L3,SHORT,HOLDOUT,2026-07-08T12:30:00,4048.47,4044.72,4058.58,2026-07-08T10:45:00@4127.27;2026-07-08T13:00:00@4040.52;2026-07-08T13:30:00@4058.49,1,,NA,NA,,NA,,NA,0,NA,,,2026-07-08T14:15:00,STRUCTURE_FAILED,0
595866902d1df7d8,M15,L3,SHORT,HOLDOUT,2026-07-08T17:30:00,4036.33,4035.22,4061.33,2026-07-08T16:30:00@4080.30;2026-07-08T18:30:00@4021.79;2026-07-08T20:30:00@4076.38,1,,NA,NA,,NA,,NA,0,NA,,,2026-07-08T20:45:00,STRUCTURE_FAILED,0
d41efad236b23c79,M15,L3,LONG,HOLDOUT,2026-07-08T22:00:00,4087.62,4084.31,4090.99,,0,,NA,NA,,NA,,NA,0,NA,,,2026-07-09T01:45:00,NO_LEG1,0
a4b73441ac8af45c,M15,L2,LONG,HOLDOUT,2026-07-09T09:00:00,4092.06,4081.51,4099.69,2026-07-09T08:30:00@4064.81;2026-07-09T11:15:00@4117.74;2026-07-09T13:45:00@4093.78,1,,NA,NA,,NA,,NA,0,NA,,,2026-07-09T14:00:00,STRUCTURE_FAILED,0
a9d7d165b45597ef,M15,L3,LONG,HOLDOUT,2026-07-09T09:00:00,4092.06,4081.51,4099.69,2026-07-09T08:30:00@4064.81;2026-07-09T11:15:00@4117.74;2026-07-09T13:45:00@4093.78,1,,NA,NA,,NA,,NA,0,NA,,,2026-07-09T14:00:00,STRUCTURE_FAILED,0
176bb792c42a3133,M15,L3,LONG,HOLDOUT,2026-07-09T16:00:00,4120.62,4106.81,4121.15,2026-07-09T16:00:00@4106.81;2026-07-09T16:30:00@4129.56;2026-07-09T16:45:00@4117.88,1,,NA,NA,,NA,,NA,0,NA,,,2026-07-09T17:00:00,STRUCTURE_FAILED,0
697bd0129cfbcd21,M15,L1,LONG,HOLDOUT,2026-07-09T20:45:00,4136.21,4132.04,4138.00,2026-07-09T20:15:00@4125.04;2026-07-09T20:45:00@4138.00;2026-07-09T22:30:00@4118.87,1,,NA,NA,,NA,,NA,0,NA,,,2026-07-09T23:30:00,STRUCTURE_FAILED,0
d1a9e86f2b8c3431,M15,L3,LONG,HOLDOUT,2026-07-09T20:45:00,4136.21,4132.04,4138.00,2026-07-09T20:15:00@4125.04;2026-07-09T20:45:00@4138.00;2026-07-09T22:30:00@4118.87,1,,NA,NA,,NA,,NA,0,NA,,,2026-07-09T23:30:00,STRUCTURE_FAILED,0
410c32b90e8c0476,M15,L3,SHORT,HOLDOUT,2026-07-10T04:30:00,4111.73,4109.12,4123.52,2026-07-10T04:00:00@4130.96;2026-07-10T04:45:00@4108.77;2026-07-10T06:00:00@4134.77,1,,NA,NA,,NA,,NA,0,NA,,,2026-07-10T06:15:00,STRUCTURE_FAILED,0
e195c2ad84607c7e,M15,L2,SHORT,HOLDOUT,2026-07-10T10:30:00,4106.77,4105.39,4114.51,2026-07-10T09:15:00@4120.06;2026-07-10T12:00:00@4094.40;2026-07-10T13:15:00@4112.68,1,,NA,NA,,NA,,NA,0,NA,,,2026-07-10T13:30:00,STRUCTURE_FAILED,0
3741df0e6ff30807,M15,L3,SHORT,HOLDOUT,2026-07-10T10:30:00,4106.77,4105.39,4114.51,2026-07-10T09:15:00@4120.06;2026-07-10T12:00:00@4094.40;2026-07-10T13:15:00@4112.68,1,,NA,NA,,NA,,NA,0,NA,,,2026-07-10T13:30:00,STRUCTURE_FAILED,0
ffc411790570aefd,M15,L3,SHORT,HOLDOUT,2026-07-10T16:15:00,4087.35,4085.64,4106.67,2026-07-10T16:15:00@4106.67;2026-07-10T16:30:00@4086.98;2026-07-10T17:15:00@4109.10,1,,NA,NA,,NA,,NA,0,NA,,,2026-07-10T17:30:00,STRUCTURE_FAILED,0
e1d4bee7bfb7557e,M15,L3,LONG,HOLDOUT,2026-07-10T23:45:00,4119.68,4111.33,4120.60,2026-07-10T22:00:00@4097.76;2026-07-10T23:45:00@4120.60;2026-07-13T02:00:00@4068.48,1,,NA,NA,,NA,,NA,0,NA,,,2026-07-13T02:30:00,STRUCTURE_FAILED,0
0fd71c7df6088ecf,M15,L1,SHORT,HOLDOUT,2026-07-13T02:00:00,4070.17,4068.48,4076.66,2026-07-10T23:45:00@4120.60;2026-07-13T02:00:00@4068.48;2026-07-13T03:00:00@4091.08,1,,NA,NA,,NA,,NA,0,NA,,,2026-07-13T03:15:00,STRUCTURE_FAILED,0
ddf6e1353089e121,M15,L3,SHORT,HOLDOUT,2026-07-13T02:00:00,4070.17,4068.48,4076.66,2026-07-10T23:45:00@4120.60;2026-07-13T02:00:00@4068.48;2026-07-13T03:00:00@4091.08,1,,NA,NA,,NA,,NA,0,NA,,,2026-07-13T03:15:00,STRUCTURE_FAILED,0
20cbf9ba7c18758a,M15,L3,SHORT,HOLDOUT,2026-07-13T06:00:00,4058.08,4053.02,4069.44,2026-07-13T04:30:00@4089.83;2026-07-13T07:15:00@4050.30;2026-07-13T08:00:00@4073.05,1,,NA,NA,,NA,,NA,0,NA,,,2026-07-13T08:15:00,STRUCTURE_FAILED,0
db29cc65eec6d941,M15,L3,SHORT,HOLDOUT,2026-07-13T07:30:00,4054.06,4053.16,4057.64,,0,,NA,NA,,NA,,NA,0,NA,,,2026-07-13T08:15:00,NO_LEG1,0
9ecc4d2485a97a1f,M15,L3,LONG,HOLDOUT,2026-07-13T11:00:00,4073.96,4063.15,4074.94,2026-07-13T10:00:00@4048.92;2026-07-13T11:15:00@4080.74;2026-07-13T13:30:00@4046.98,1,,NA,NA,,NA,,NA,0,NA,,,2026-07-13T13:45:00,STRUCTURE_FAILED,0
390b6ec980872862,M15,L2,SHORT,HOLDOUT,2026-07-13T16:45:00,4043.07,4041.96,4058.31,2026-07-13T16:00:00@4067.59;2026-07-13T17:30:00@4000.29;2026-07-13T18:15:00@4020.29;2026-07-13T19:45:00@3986.50;2026-07-13T20:15:00@4001.92;2026-07-13T21:15:00@3986.75,2,,NA,NA,,NA,,NA,0,NA,,,2026-07-13T21:30:00,STRUCTURE_FAILED,0
0fef35beefad666b,M15,L3,SHORT,HOLDOUT,2026-07-13T16:45:00,4043.07,4041.96,4058.31,2026-07-13T16:00:00@4067.59;2026-07-13T17:30:00@4000.29;2026-07-13T18:15:00@4020.29;2026-07-13T19:45:00@3986.50;2026-07-13T20:15:00@4001.92;2026-07-13T21:15:00@3986.75,2,,NA,NA,,NA,,NA,0,NA,,,2026-07-13T21:30:00,STRUCTURE_FAILED,0
ec8838a0ccbc22f5,M15,L3,SHORT,HOLDOUT,2026-07-13T17:15:00,4016.84,4002.57,4037.23,2026-07-13T16:00:00@4067.59;2026-07-13T17:30:00@4000.29;2026-07-13T18:15:00@4020.29,1,,NA,NA,,NA,,NA,0,NA,,,2026-07-13T19:15:00,STRUCTURE_FAILED,0
be54466d47b9960b,M15,L3,LONG,HOLDOUT,2026-07-14T05:00:00,4016.67,4005.98,4017.73,2026-07-14T04:30:00@3992.78;2026-07-14T05:15:00@4018.98;2026-07-14T05:45:00@4009.08,1,,NA,NA,,NA,,NA,0,NA,,,2026-07-14T06:15:00,STRUCTURE_FAILED,0
ea9b7741e87121f9,M15,L2,LONG,HOLDOUT,2026-07-14T08:30:00,4032.08,4022.51,4034.06,2026-07-14T07:45:00@4016.02;2026-07-14T08:30:00@4034.06;2026-07-14T10:00:00@4020.73,1,,NA,NA,,NA,,NA,0,NA,,,2026-07-14T10:15:00,STRUCTURE_FAILED,0
a04c3bbab3aa144d,M15,L4,LONG,HOLDOUT,2026-07-15T03:45:00,4058.98,4054.20,4060.49,2026-07-15T02:15:00@4046.72;2026-07-15T04:00:00@4062.05;2026-07-15T05:15:00@4029.17,1,,NA,NA,,NA,,NA,0,NA,,,2026-07-15T05:30:00,STRUCTURE_FAILED,0
b0be41d1f03e289c,M15,L3,SHORT,HOLDOUT,2026-07-15T04:30:00,4038.73,4036.53,4054.63,2026-07-15T04:00:00@4062.05;2026-07-15T05:15:00@4029.17;2026-07-15T05:45:00@4041.89,1,,NA,NA,,NA,,NA,0,NA,,,2026-07-15T06:00:00,STRUCTURE_FAILED,0
0e2a5a0d012ab81f,M15,L2,SHORT,HOLDOUT,2026-07-15T08:00:00,4026.07,4025.14,4035.97,2026-07-15T07:15:00@4035.04;2026-07-15T08:30:00@4022.13;2026-07-15T09:00:00@4035.53,1,,NA,NA,,NA,,NA,0,NA,,,2026-07-15T09:15:00,STRUCTURE_FAILED,0
12a4ec5b2f2864b9,M15,L2,LONG,HOLDOUT,2026-07-15T15:30:00,4063.12,4039.30,4066.13,2026-07-15T13:45:00@4027.08;2026-07-15T16:00:00@4074.09;2026-07-15T16:15:00@4054.17,1,,NA,NA,,NA,,NA,0,NA,,,2026-07-15T16:30:00,STRUCTURE_FAILED,0
3e63565ee0a3912a,M15,L3,LONG,HOLDOUT,2026-07-15T15:30:00,4063.12,4039.30,4066.13,2026-07-15T13:45:00@4027.08;2026-07-15T16:00:00@4074.09;2026-07-15T16:15:00@4054.17,1,,NA,NA,,NA,,NA,0,NA,,,2026-07-15T16:30:00,STRUCTURE_FAILED,0
49c6c8b64a5b964a,M15,L3,LONG,HOLDOUT,2026-07-15T21:15:00,4074.23,4066.70,4075.43,2026-07-15T19:30:00@4026.93;2026-07-15T21:30:00@4081.43;2026-07-15T22:30:00@4047.91,1,,NA,NA,,NA,,NA,0,NA,,,2026-07-15T22:45:00,STRUCTURE_FAILED,0
810e1182408b1aaa,M15,L3,SHORT,HOLDOUT,2026-07-16T10:00:00,4026.32,4025.71,4030.75,2026-07-16T09:45:00@4031.44;2026-07-16T10:30:00@4023.01;2026-07-16T11:00:00@4034.11,1,,NA,NA,,NA,,NA,0,NA,,,2026-07-16T11:15:00,STRUCTURE_FAILED,0
8e8aac18ffb23952,M15,L1,SHORT,HOLDOUT,2026-07-16T15:30:00,4002.75,4000.44,4029.66,2026-07-16T15:00:00@4043.34;2026-07-16T16:00:00@3973.62;2026-07-16T16:30:00@4008.34,1,,NA,NA,,NA,,NA,0,NA,,,2026-07-16T16:45:00,STRUCTURE_FAILED,0
5a7d77b83bca92f2,M15,L2,SHORT,HOLDOUT,2026-07-16T15:30:00,4002.75,4000.44,4029.66,2026-07-16T15:00:00@4043.34;2026-07-16T16:00:00@3973.62;2026-07-16T16:30:00@4008.34,1,,NA,NA,,NA,,NA,0,NA,,,2026-07-16T16:45:00,STRUCTURE_FAILED,0
8aa734e2da9b62af,M15,L3,SHORT,HOLDOUT,2026-07-16T15:30:00,4002.75,4000.44,4029.66,2026-07-16T15:00:00@4043.34;2026-07-16T16:00:00@3973.62;2026-07-16T16:30:00@4008.34,1,,NA,NA,,NA,,NA,0,NA,,,2026-07-16T16:45:00,STRUCTURE_FAILED,0
567a18d3f1c7efaf,M15,L3,SHORT,HOLDOUT,2026-07-16T16:30:00,3986.36,3981.70,4008.34,2026-07-16T16:30:00@4008.34;2026-07-16T16:45:00@3986.06;2026-07-16T17:45:00@4006.68,1,,NA,NA,,NA,,NA,0,NA,,,2026-07-16T18:00:00,STRUCTURE_FAILED,0
167e97dca4db2274,M15,L3,SHORT,HOLDOUT,2026-07-16T20:30:00,3981.57,3979.97,3988.70,2026-07-16T19:45:00@3996.96;2026-07-16T20:30:00@3979.97;2026-07-16T21:15:00@3990.36,1,,NA,NA,,NA,,NA,0,NA,,,2026-07-16T21:30:00,STRUCTURE_FAILED,0
76ddc9fb1bdff0f2,M15,L3,SHORT,HOLDOUT,2026-07-17T01:30:00,3973.49,3973.36,3976.90,2026-07-17T01:00:00@3980.29;2026-07-17T01:45:00@3973.20;2026-07-17T03:15:00@3990.95,1,,NA,NA,,NA,,NA,0,NA,,,2026-07-17T03:30:00,STRUCTURE_FAILED,0
35c58c72a7709421,M15,L4,SHORT,HOLDOUT,2026-07-17T15:15:00,3987.28,3984.30,3992.29,2026-07-17T14:45:00@3998.73;2026-07-17T16:00:00@3959.66;2026-07-17T16:30:00@4003.71,1,,NA,NA,,NA,,NA,0,NA,,,2026-07-17T16:45:00,STRUCTURE_FAILED,0
d4adb393c7f25aba,M15,L2,SHORT,HOLDOUT,2026-07-17T15:30:00,3969.61,3965.47,3988.27,2026-07-17T14:45:00@3998.73;2026-07-17T16:00:00@3959.66;2026-07-17T16:30:00@4003.71,1,,NA,NA,,NA,,NA,0,NA,,,2026-07-17T16:45:00,STRUCTURE_FAILED,0
18ab002cfdaa9427,M15,L3,SHORT,HOLDOUT,2026-07-17T15:30:00,3969.61,3965.47,3988.27,2026-07-17T14:45:00@3998.73;2026-07-17T16:00:00@3959.66;2026-07-17T16:30:00@4003.71,1,,NA,NA,,NA,,NA,0,NA,,,2026-07-17T16:45:00,STRUCTURE_FAILED,0
f499e5de87792390,M15,L1,SHORT,HOLDOUT,2026-07-17T15:45:00,3966.12,3964.04,3973.17,2026-07-17T14:45:00@3998.73;2026-07-17T16:00:00@3959.66;2026-07-17T16:30:00@4003.71,1,,NA,NA,,NA,,NA,0,NA,,,2026-07-17T16:45:00,STRUCTURE_FAILED,0
c4898f7ec9742a3d,M15,L3,SHORT,HOLDOUT,2026-07-17T15:45:00,3966.12,3964.04,3973.17,2026-07-17T14:45:00@3998.73;2026-07-17T16:00:00@3959.66;2026-07-17T16:30:00@4003.71,1,,NA,NA,,NA,,NA,0,NA,,,2026-07-17T16:45:00,STRUCTURE_FAILED,0
fd978a0aaef67aa1,M15,L2,LONG,HOLDOUT,2026-07-17T18:15:00,4013.35,4004.59,4013.35,2026-07-17T17:30:00@3992.12;2026-07-17T18:45:00@4021.27;2026-07-17T19:00:00@4010.92,1,,NA,NA,,NA,,NA,0,NA,,,2026-07-17T19:15:00,STRUCTURE_FAILED,0
2636f93ac63e4257,M15,L3,LONG,HOLDOUT,2026-07-17T18:15:00,4013.35,4004.59,4013.35,2026-07-17T17:30:00@3992.12;2026-07-17T18:45:00@4021.27;2026-07-17T19:00:00@4010.92,1,,NA,NA,,NA,,NA,0,NA,,,2026-07-17T19:15:00,STRUCTURE_FAILED,0
1adc92ad0058227c,M15,L3,LONG,HOLDOUT,2026-07-17T18:45:00,4019.10,4013.80,4021.27,2026-07-17T17:30:00@3992.12;2026-07-17T18:45:00@4021.27;2026-07-17T19:00:00@4010.92,1,,NA,NA,,NA,,NA,0,NA,,,2026-07-17T19:15:00,STRUCTURE_FAILED,0
fa4647f73f5c39be,M15,L3,LONG,HOLDOUT,2026-07-20T05:45:00,4021.92,4013.97,4028.71,2026-07-20T04:30:00@3995.80;2026-07-20T05:45:00@4028.71;2026-07-20T06:00:00@4018.64,1,,NA,NA,,NA,,NA,0,NA,,,2026-07-20T06:30:00,STRUCTURE_FAILED,0
9f9b481cae45578f,M15,L1,LONG,HOLDOUT,2026-07-20T06:00:00,4024.22,4018.64,4024.47,2026-07-20T06:00:00@4018.64;2026-07-20T06:30:00@4027.92;2026-07-20T10:00:00@4002.15,1,,NA,NA,,NA,,NA,0,NA,,,2026-07-20T10:15:00,STRUCTURE_FAILED,0
599f11ab00cad683,M15,L3,LONG,HOLDOUT,2026-07-20T06:00:00,4024.22,4018.64,4024.47,2026-07-20T06:00:00@4018.64;2026-07-20T06:30:00@4027.92;2026-07-20T10:00:00@4002.15,1,,NA,NA,,NA,,NA,0,NA,,,2026-07-20T10:15:00,STRUCTURE_FAILED,0
75902b7cf7794633,M15,L2,LONG,HOLDOUT,2026-07-20T14:30:00,4032.52,4021.52,4040.88,2026-07-20T14:15:00@4019.97;2026-07-20T14:30:00@4040.88;2026-07-20T15:30:00@4006.46,1,,NA,NA,,NA,,NA,0,NA,,,2026-07-20T15:45:00,STRUCTURE_FAILED,0
bf7ce8ff7ec0a152,M15,L3,LONG,HOLDOUT,2026-07-20T14:30:00,4032.52,4021.52,4040.88,2026-07-20T14:15:00@4019.97;2026-07-20T14:30:00@4040.88;2026-07-20T15:30:00@4006.46,1,,NA,NA,,NA,,NA,0,NA,,,2026-07-20T15:45:00,STRUCTURE_FAILED,0
c673f6ba278cd09f,M15,L3,SHORT,HOLDOUT,2026-07-20T17:00:00,3998.80,3998.32,4007.94,2026-07-20T16:30:00@4017.38;2026-07-20T17:15:00@3998.31;2026-07-20T18:00:00@4019.54,1,,NA,NA,,NA,,NA,0,NA,,,2026-07-20T18:15:00,STRUCTURE_FAILED,0
0f3edd55f6b1cde7,M15,L3,LONG,HOLDOUT,2026-07-21T03:30:00,4022.48,4014.24,4023.90,2026-07-21T02:15:00@4003.05;2026-07-21T04:15:00@4035.89;2026-07-21T04:45:00@4021.38,1,,NA,NA,,NA,,NA,0,NA,,,2026-07-21T05:15:00,STRUCTURE_FAILED,0
20e1400d37b239ec,M15,L1,LONG,HOLDOUT,2026-07-21T06:15:00,4047.47,4036.85,4051.52,2026-07-21T05:45:00@4031.03;2026-07-21T06:15:00@4051.52;2026-07-21T06:45:00@4041.87,1,,NA,NA,,NA,,NA,0,NA,,,2026-07-21T07:00:00,STRUCTURE_FAILED,0
d28c4a77ee3dab99,M15,L3,LONG,HOLDOUT,2026-07-21T06:15:00,4047.47,4036.85,4051.52,2026-07-21T05:45:00@4031.03;2026-07-21T06:15:00@4051.52;2026-07-21T06:45:00@4041.87,1,,NA,NA,,NA,,NA,0,NA,,,2026-07-21T07:00:00,STRUCTURE_FAILED,0
9ed4a3a72d3314a3,M15,L2,LONG,HOLDOUT,2026-07-21T08:15:00,4054.46,4048.07,4056.47,2026-07-21T07:15:00@4043.76;2026-07-21T09:45:00@4084.10;2026-07-21T11:45:00@4059.23;2026-07-21T12:15:00@4068.42,1,,NA,NA,,NA,,NA,0,NA,,,2026-07-21T12:30:00,STRUCTURE_FAILED,0
11c507687d7b114e,M15,L3,LONG,HOLDOUT,2026-07-21T09:00:00,4071.36,4061.53,4072.47,2026-07-21T07:15:00@4043.76;2026-07-21T09:45:00@4084.10;2026-07-21T11:45:00@4059.23,1,,NA,NA,,NA,,NA,0,NA,,,2026-07-21T12:00:00,STRUCTURE_FAILED,0
d7deb627fba7af54,M15,L3,SHORT,HOLDOUT,2026-07-21T14:00:00,4058.57,4055.52,4063.72,2026-07-21T13:30:00@4070.20;2026-07-21T14:45:00@4054.49;2026-07-21T15:15:00@4065.70,1,,NA,NA,,NA,,NA,0,NA,,,2026-07-21T15:30:00,STRUCTURE_FAILED,0
dbaf6c2de8934722,M15,L3,LONG,HOLDOUT,2026-07-21T21:15:00,4083.83,4071.18,4087.34,2026-07-21T20:45:00@4066.85;2026-07-21T21:15:00@4087.34;2026-07-21T21:45:00@4079.30,1,,NA,NA,,NA,,NA,0,NA,,,2026-07-21T22:45:00,STRUCTURE_FAILED,0
c2fcaecf33f022fe,M15,L3,LONG,HOLDOUT,2026-07-21T22:15:00,4084.12,4080.84,4085.30,2026-07-21T21:45:00@4079.30;2026-07-21T23:00:00@4086.42;2026-07-21T23:45:00@4076.35,1,,NA,NA,,NA,,NA,0,NA,,,2026-07-22T01:00:00,STRUCTURE_FAILED,0
7fe5e21752875944,M15,L1,LONG,HOLDOUT,2026-07-22T03:00:00,4092.19,4076.78,4092.73,2026-07-22T01:45:00@4078.20;2026-07-22T03:30:00@4102.31;2026-07-22T03:45:00@4091.45,1,,NA,NA,,NA,,NA,0,NA,,,2026-07-22T04:00:00,STRUCTURE_FAILED,0
96d05ab74e267941,M15,L3,LONG,HOLDOUT,2026-07-22T03:00:00,4092.19,4076.78,4092.73,2026-07-22T01:45:00@4078.20;2026-07-22T03:30:00@4102.31;2026-07-22T03:45:00@4091.45,1,,NA,NA,,NA,,NA,0,NA,,,2026-07-22T04:00:00,STRUCTURE_FAILED,0
f0d5bf91a9ba6857,M15,L4,LONG,HOLDOUT,2026-07-22T15:00:00,4127.04,4121.82,4127.47,2026-07-22T14:30:00@4112.61;2026-07-22T15:30:00@4134.47;2026-07-22T15:45:00@4107.17,1,,NA,NA,,NA,,NA,0,NA,,,2026-07-22T16:00:00,STRUCTURE_FAILED,0
9b4660b083270695,M15,L2,LONG,HOLDOUT,2026-07-22T16:30:00,4142.74,4131.88,4146.93,2026-07-22T15:45:00@4107.17;2026-07-22T17:00:00@4163.41;2026-07-22T17:45:00@4144.16,1,,NA,NA,,NA,,NA,0,NA,,,2026-07-22T18:00:00,STRUCTURE_FAILED,0
efcb8d4c6c6a0a7f,M15,L3,LONG,HOLDOUT,2026-07-22T16:30:00,4142.74,4131.88,4146.93,2026-07-22T15:45:00@4107.17;2026-07-22T17:00:00@4163.41;2026-07-22T17:45:00@4144.16,1,,NA,NA,,NA,,NA,0,NA,,,2026-07-22T18:00:00,STRUCTURE_FAILED,0
511cbebb283b8c1c,M15,L2,SHORT,HOLDOUT,2026-07-23T10:00:00,4106.67,4102.04,4119.38,2026-07-23T08:45:00@4130.52;2026-07-23T10:00:00@4102.04;2026-07-23T10:15:00@4111.90,1,,NA,NA,,NA,,NA,0,NA,,,2026-07-23T10:30:00,STRUCTURE_FAILED,0
244832506f048d26,M15,L3,SHORT,HOLDOUT,2026-07-23T10:00:00,4106.67,4102.04,4119.38,2026-07-23T08:45:00@4130.52;2026-07-23T10:00:00@4102.04;2026-07-23T10:15:00@4111.90,1,,NA,NA,,NA,,NA,0,NA,,,2026-07-23T10:30:00,STRUCTURE_FAILED,0
5f23c17e04149073,M15,L1,SHORT,HOLDOUT,2026-07-23T15:15:00,4075.11,4070.38,4083.12,2026-07-23T14:45:00@4089.08;2026-07-23T16:00:00@4040.48;2026-07-23T16:30:00@4067.46;2026-07-23T17:00:00@4040.11;2026-07-23T17:45:00@4061.71;2026-07-23T18:30:00@4042.28,2,,NA,NA,,NA,,NA,0,NA,,,2026-07-23T19:15:00,STRUCTURE_FAILED,0
00f91363454a755c,M15,L3,SHORT,HOLDOUT,2026-07-23T15:15:00,4075.11,4070.38,4083.12,2026-07-23T14:45:00@4089.08;2026-07-23T16:00:00@4040.48;2026-07-23T16:30:00@4067.46;2026-07-23T17:00:00@4040.11;2026-07-23T17:45:00@4061.71;2026-07-23T18:30:00@4042.28,2,,NA,NA,,NA,,NA,0,NA,,,2026-07-23T19:15:00,STRUCTURE_FAILED,0
b0b59fa0a3a5b1b0,M15,L3,SHORT,HOLDOUT,2026-07-23T16:00:00,4040.93,4040.48,4063.61,2026-07-23T14:45:00@4089.08;2026-07-23T16:00:00@4040.48;2026-07-23T16:30:00@4067.46,1,,NA,NA,,NA,,NA,0,NA,,,2026-07-23T16:45:00,STRUCTURE_FAILED,0
a3307c4a7b314f37,M15,L1,SHORT,HOLDOUT,2026-07-24T05:45:00,4024.57,4023.09,4041.81,2026-07-24T05:15:00@4048.41;2026-07-24T05:45:00@4023.09;2026-07-24T06:15:00@4033.74,1,,NA,NA,,NA,,NA,0,NA,,,2026-07-24T07:00:00,STRUCTURE_FAILED,0
b730ab597d349c0a,M15,L3,SHORT,HOLDOUT,2026-07-24T05:45:00,4024.57,4023.09,4041.81,2026-07-24T05:15:00@4048.41;2026-07-24T05:45:00@4023.09;2026-07-24T06:15:00@4033.74,1,,NA,NA,,NA,,NA,0,NA,,,2026-07-24T07:00:00,STRUCTURE_FAILED,0
c5bb044a27c41b0c,M15,L4,SHORT,HOLDOUT,2026-07-24T05:45:00,4024.57,4023.09,4041.81,2026-07-24T05:15:00@4048.41;2026-07-24T05:45:00@4023.09;2026-07-24T06:15:00@4033.74,1,,NA,NA,,NA,,NA,0,NA,,,2026-07-24T07:00:00,STRUCTURE_FAILED,0
74299951c936fc81,M15,L2,SHORT,HOLDOUT,2026-07-24T08:45:00,4023.05,4022.02,4029.29,2026-07-24T08:30:00@4031.52;2026-07-24T08:45:00@4022.02;2026-07-24T09:15:00@4039.04,1,,NA,NA,,NA,,NA,0,NA,,,2026-07-24T09:45:00,STRUCTURE_FAILED,0
e5e59e7e9090a847,M15,L3,SHORT,HOLDOUT,2026-07-24T08:45:00,4023.05,4022.02,4029.29,2026-07-24T08:30:00@4031.52;2026-07-24T08:45:00@4022.02;2026-07-24T09:15:00@4039.04,1,,NA,NA,,NA,,NA,0,NA,,,2026-07-24T09:45:00,STRUCTURE_FAILED,0
2762f5d243b17e3b,M15,L2,LONG,HOLDOUT,2026-07-24T11:15:00,4052.55,4045.15,4052.55,2026-07-24T11:00:00@4045.14;2026-07-24T12:00:00@4060.82;2026-07-24T12:30:00@4051.67,1,,NA,NA,,NA,,NA,0,NA,,,2026-07-24T12:45:00,STRUCTURE_FAILED,0
450e4b86dc228a06,M15,L3,LONG,HOLDOUT,2026-07-24T11:15:00,4052.55,4045.15,4052.55,2026-07-24T11:00:00@4045.14;2026-07-24T12:00:00@4060.82;2026-07-24T12:30:00@4051.67,1,,NA,NA,,NA,,NA,0,NA,,,2026-07-24T12:45:00,STRUCTURE_FAILED,0
84147ea764cc191e,M15,L3,LONG,HOLDOUT,2026-07-24T16:45:00,4067.57,4048.53,4068.69,2026-07-24T16:00:00@4044.67;2026-07-24T17:00:00@4070.07;2026-07-24T17:15:00@4055.88,1,,NA,NA,,NA,,NA,0,NA,,,2026-07-24T17:30:00,STRUCTURE_FAILED,0
b4530ccadb3f18d7,M15,L2,SHORT,HOLDOUT,2026-07-27T15:45:00,4083.74,4081.55,4089.06,2026-07-27T15:45:00@4089.06;2026-07-27T16:45:00@4070.50;2026-07-27T17:00:00@4079.10;2026-07-27T17:30:00@4065.32;2026-07-27T19:30:00@4093.93,2,,NA,NA,,NA,,NA,0,NA,,,2026-07-27T19:45:00,STRUCTURE_FAILED,0
da889d02bfea4a28,M15,L3,SHORT,HOLDOUT,2026-07-27T15:45:00,4083.74,4081.55,4089.06,2026-07-27T15:45:00@4089.06;2026-07-27T16:45:00@4070.50;2026-07-27T17:00:00@4079.10;2026-07-27T17:30:00@4065.32;2026-07-27T19:30:00@4093.93,2,,NA,NA,,NA,,NA,0,NA,,,2026-07-27T19:45:00,STRUCTURE_FAILED,0
7c475bce99a7d682,M15,L3,SHORT,HOLDOUT,2026-07-28T03:00:00,4067.11,4062.02,4074.10,2026-07-28T01:00:00@4082.68;2026-07-28T03:15:00@4059.12;2026-07-28T03:30:00@4066.20,1,,NA,NA,,NA,,NA,0,NA,,,2026-07-28T03:45:00,STRUCTURE_FAILED,0
be04ae55d939ec70,M15,L1,SHORT,HOLDOUT,2026-07-28T03:15:00,4062.10,4059.12,4067.42,2026-07-28T01:00:00@4082.68;2026-07-28T03:15:00@4059.12;2026-07-28T03:30:00@4066.20,1,,NA,NA,,NA,,NA,0,NA,,,2026-07-28T03:45:00,STRUCTURE_FAILED,0
e60ee84c3ac22711,M15,L3,SHORT,HOLDOUT,2026-07-28T03:15:00,4062.10,4059.12,4067.42,2026-07-28T01:00:00@4082.68;2026-07-28T03:15:00@4059.12;2026-07-28T03:30:00@4066.20,1,,NA,NA,,NA,,NA,0,NA,,,2026-07-28T03:45:00,STRUCTURE_FAILED,0
1da2c28d4cd0df0c,M15,L3,SHORT,HOLDOUT,2026-07-28T04:15:00,4047.30,4046.35,4059.16,2026-07-28T03:30:00@4066.20;2026-07-28T05:00:00@4042.45;2026-07-28T05:15:00@4049.09,1,,NA,NA,,NA,,NA,0,NA,,,2026-07-28T05:30:00,STRUCTURE_FAILED,0
5549eea24aa32d99,M15,L3,SHORT,HOLDOUT,2026-07-28T05:30:00,4044.26,4041.50,4047.92,2026-07-28T05:15:00@4049.09;2026-07-28T06:00:00@4040.28;2026-07-28T06:30:00@4051.16,1,,NA,NA,,NA,,NA,0,NA,,,2026-07-28T07:00:00,STRUCTURE_FAILED,0
417b62d943b7700e,M15,L2,SHORT,HOLDOUT,2026-07-28T12:30:00,4033.35,4029.61,4040.38,2026-07-28T11:15:00@4051.17;2026-07-28T12:45:00@4019.43;2026-07-28T13:00:00@4027.00;2026-07-28T13:15:00@4017.06;2026-07-28T14:15:00@4032.42,2,,NA,NA,,NA,,NA,0,NA,,,2026-07-28T14:45:00,STRUCTURE_FAILED,0
99ac623cb67facd3,M15,L3,SHORT,HOLDOUT,2026-07-28T12:30:00,4033.35,4029.61,4040.38,2026-07-28T11:15:00@4051.17;2026-07-28T12:45:00@4019.43;2026-07-28T13:00:00@4027.00;2026-07-28T13:15:00@4017.06;2026-07-28T14:15:00@4032.42,2,,NA,NA,,NA,,NA,0,NA,,,2026-07-28T14:45:00,STRUCTURE_FAILED,0
adfce4c6ff02cd76,M15,L3,SHORT,HOLDOUT,2026-07-28T13:15:00,4017.67,4017.06,4025.83,2026-07-28T13:00:00@4027.00;2026-07-28T13:15:00@4017.06;2026-07-28T14:15:00@4032.42,1,,NA,NA,,NA,,NA,0,NA,,,2026-07-28T14:45:00,STRUCTURE_FAILED,0
e5d7fcdf43500833,M15,L3,LONG,HOLDOUT,2026-07-28T18:30:00,4041.46,4032.36,4042.10,2026-07-28T17:15:00@4011.50;2026-07-28T18:45:00@4047.06;2026-07-28T21:45:00@4021.60,1,,NA,NA,,NA,,NA,0,NA,,,2026-07-28T22:30:00,STRUCTURE_FAILED,0
236091174145993e,M15,L3,SHORT,HOLDOUT,2026-07-29T01:15:00,4020.84,4017.24,4025.23,2026-07-29T01:00:00@4031.18;2026-07-29T01:30:00@4013.84;2026-07-29T02:00:00@4023.09,1,,NA,NA,,NA,,NA,0,NA,,,2026-07-29T02:15:00,STRUCTURE_FAILED,0
03b73b881949a25a,M15,L3,SHORT,HOLDOUT,2026-07-29T04:00:00,4013.11,4010.32,4021.83,2026-07-29T03:15:00@4029.87;2026-07-29T04:00:00@4010.32;2026-07-29T04:30:00@4030.55,1,,NA,NA,,NA,,NA,0,NA,,,2026-07-29T04:45:00,STRUCTURE_FAILED,0
a9d30c875c90ec0e,M15,L3,LONG,HOLDOUT,2026-07-29T05:15:00,4032.99,4026.32,4035.43,2026-07-29T04:45:00@4021.93;2026-07-29T05:30:00@4037.80;2026-07-29T07:15:00@4020.64,1,,NA,NA,,NA,,NA,0,NA,,,2026-07-29T07:30:00,STRUCTURE_FAILED,0
48592d170b01b5c0,M15,L2,LONG,HOLDOUT,2026-07-29T08:30:00,4039.13,4029.72,4039.57,2026-07-29T07:15:00@4020.64;2026-07-29T08:45:00@4040.05;2026-07-29T09:00:00@4032.96,1,,NA,NA,,NA,,NA,0,NA,,,2026-07-29T09:15:00,STRUCTURE_FAILED,0
24bbfe126cd09a51,M15,L3,LONG,HOLDOUT,2026-07-29T08:30:00,4039.13,4029.72,4039.57,2026-07-29T07:15:00@4020.64;2026-07-29T08:45:00@4040.05;2026-07-29T09:00:00@4032.96,1,,NA,NA,,NA,,NA,0,NA,,,2026-07-29T09:15:00,STRUCTURE_FAILED,0
4fb9e6ad44f80a51,M15,L3,SHORT,HOLDOUT,2026-07-29T15:15:00,4013.17,4012.62,4027.58,2026-07-29T14:45:00@4036.14;2026-07-29T15:30:00@4009.19;2026-07-29T16:00:00@4026.41,1,,NA,NA,,NA,,NA,0,NA,,,2026-07-29T16:15:00,STRUCTURE_FAILED,0
bf90564cae0173a2,M15,L1,SHORT,HOLDOUT,2026-07-29T16:45:00,4007.18,4002.49,4016.06,2026-07-29T16:00:00@4026.41;2026-07-29T17:00:00@3995.97;2026-07-29T17:15:00@4010.18,1,,NA,NA,,NA,,NA,0,NA,,,2026-07-29T17:30:00,STRUCTURE_FAILED,0
c3665833ccd028e0,M15,L2,SHORT,HOLDOUT,2026-07-29T16:45:00,4007.18,4002.49,4016.06,2026-07-29T16:00:00@4026.41;2026-07-29T17:00:00@3995.97;2026-07-29T17:15:00@4010.18,1,,NA,NA,,NA,,NA,0,NA,,,2026-07-29T17:30:00,STRUCTURE_FAILED,0
ca403460e78f3a15,M15,L3,SHORT,HOLDOUT,2026-07-29T16:45:00,4007.18,4002.49,4016.06,2026-07-29T16:00:00@4026.41;2026-07-29T17:00:00@3995.97;2026-07-29T17:15:00@4010.18,1,,NA,NA,,NA,,NA,0,NA,,,2026-07-29T17:30:00,STRUCTURE_FAILED,0
e1a4a0573fe3d7e2,M15,L3,LONG,HOLDOUT,2026-07-29T21:00:00,4081.03,4040.35,4086.11,2026-07-29T20:30:00@4036.24;2026-07-29T21:00:00@4086.11;2026-07-29T21:30:00@4052.13,1,,NA,NA,,NA,,NA,0,NA,,,2026-07-29T21:45:00,STRUCTURE_FAILED,0
7ba2336508c14d72,M15,L1,LONG,HOLDOUT,2026-07-29T21:30:00,4083.40,4052.13,4086.92,2026-07-29T21:30:00@4052.13;2026-07-29T22:00:00@4116.53;2026-07-29T23:00:00@4042.73,1,,NA,NA,,NA,,NA,0,NA,,,2026-07-29T23:30:00,STRUCTURE_FAILED,0
bc4f1d046d8ce331,M15,L3,LONG,HOLDOUT,2026-07-29T21:45:00,4106.80,4082.10,4109.86,2026-07-29T21:30:00@4052.13;2026-07-29T22:00:00@4116.53;2026-07-29T23:00:00@4042.73,1,,NA,NA,,NA,,NA,0,NA,,,2026-07-29T23:30:00,STRUCTURE_FAILED,0
1074a57c59fcefee,M15,L2,SHORT,HOLDOUT,2026-07-30T08:30:00,4033.35,4028.44,4051.37,2026-07-30T04:45:00@4091.02;2026-07-30T08:30:00@4028.44;2026-07-30T09:00:00@4039.48,1,,NA,NA,,NA,,NA,0,NA,,,2026-07-30T09:15:00,STRUCTURE_FAILED,0
942928f52991809a,M15,L2,LONG,HOLDOUT,2026-07-30T16:45:00,4112.35,4085.63,4112.92,2026-07-30T16:00:00@4065.03;2026-07-30T17:00:00@4120.44;2026-07-30T17:15:00@4087.03,1,,NA,NA,,NA,,NA,0,NA,,,2026-07-30T17:30:00,STRUCTURE_FAILED,0
1f90371aa1827805,M15,L3,LONG,HOLDOUT,2026-07-30T16:45:00,4112.35,4085.63,4112.92,2026-07-30T16:00:00@4065.03;2026-07-30T17:00:00@4120.44;2026-07-30T17:15:00@4087.03,1,,NA,NA,,NA,,NA,0,NA,,,2026-07-30T17:30:00,STRUCTURE_FAILED,0
9670053fff667fbb,M15,L2,SHORT,HOLDOUT,2026-07-31T10:45:00,4067.72,4067.55,4074.38,2026-07-31T09:15:00@4087.50;2026-07-31T11:30:00@4054.20;2026-07-31T11:45:00@4064.38;2026-07-31T12:30:00@4050.29;2026-07-31T13:00:00@4058.36;2026-07-31T13:15:00@4052.01,2,,NA,NA,,NA,,NA,0,NA,,,2026-07-31T14:00:00,STRUCTURE_FAILED,0
6d73631d1cd72903,M15,L3,SHORT,HOLDOUT,2026-07-31T10:45:00,4067.72,4067.55,4074.38,2026-07-31T09:15:00@4087.50;2026-07-31T11:30:00@4054.20;2026-07-31T11:45:00@4064.38;2026-07-31T12:30:00@4050.29;2026-07-31T13:00:00@4058.36;2026-07-31T13:15:00@4052.01,2,,NA,NA,,NA,,NA,0,NA,,,2026-07-31T14:00:00,STRUCTURE_FAILED,0
7868e9d8a02ac051,M15,L3,SHORT,HOLDOUT,2026-07-31T11:00:00,4062.18,4061.19,4067.73,2026-07-31T09:15:00@4087.50;2026-07-31T11:30:00@4054.20;2026-07-31T11:45:00@4064.38,1,,NA,NA,,NA,,NA,0,NA,,,2026-07-31T12:00:00,STRUCTURE_FAILED,0
f945c5cfc22cef44,M15,L3,SHORT,HOLDOUT,2026-07-31T15:15:00,4047.19,4047.03,4059.30,2026-07-31T15:00:00@4059.35;2026-07-31T16:00:00@4034.65;2026-07-31T16:15:00@4046.92;2026-07-31T17:00:00@4020.85;2026-07-31T18:15:00@4052.65,2,,NA,NA,,NA,,NA,0,NA,,,2026-07-31T18:30:00,STRUCTURE_FAILED,0
aa12c4915c64cca0,M15,L1,SHORT,HOLDOUT,2026-07-31T16:30:00,4025.04,4022.41,4043.88,2026-07-31T16:15:00@4046.92;2026-07-31T17:00:00@4020.85;2026-07-31T18:15:00@4052.65,1,,NA,NA,,NA,,NA,0,NA,,,2026-07-31T18:30:00,STRUCTURE_FAILED,0
e4ac49692aea4495,M15,L3,SHORT,HOLDOUT,2026-07-31T16:30:00,4025.04,4022.41,4043.88,2026-07-31T16:15:00@4046.92;2026-07-31T17:00:00@4020.85;2026-07-31T18:15:00@4052.65,1,,NA,NA,,NA,,NA,0,NA,,,2026-07-31T18:30:00,STRUCTURE_FAILED,0
bc0e17797b9d6154,M15,L2,SHORT,HOLDOUT,2026-08-03T15:30:00,4044.98,4042.16,4052.91,2026-08-03T15:00:00@4064.57;2026-08-03T16:30:00@4019.11;2026-08-03T17:45:00@4039.47;2026-08-03T18:00:00@4030.35,1,,NA,NA,,NA,,NA,0,NA,,,2026-08-03T18:15:00,STRUCTURE_FAILED,0
adf270e5d4728d3c,M15,L3,SHORT,HOLDOUT,2026-08-03T15:30:00,4044.98,4042.16,4052.91,2026-08-03T15:00:00@4064.57;2026-08-03T16:30:00@4019.11;2026-08-03T17:45:00@4039.47;2026-08-03T18:00:00@4030.35,1,,NA,NA,,NA,,NA,0,NA,,,2026-08-03T18:15:00,STRUCTURE_FAILED,0
9404ca02f3ef5c8c,M15,L3,SHORT,HOLDOUT,2026-08-03T16:00:00,4038.80,4038.77,4053.76,2026-08-03T15:00:00@4064.57;2026-08-03T16:30:00@4019.11;2026-08-03T17:45:00@4039.47,1,,NA,NA,,NA,,NA,0,NA,,,2026-08-03T18:00:00,STRUCTURE_FAILED,0
c2f706b67aaa76bb,M15,L4,LONG,HOLDOUT,2026-08-03T21:45:00,4043.41,4040.48,4045.02,2026-08-03T21:00:00@4029.68;2026-08-03T22:30:00@4055.73;2026-08-03T23:00:00@4050.11;2026-08-03T23:30:00@4058.17;2026-08-04T01:00:00@4042.68,2,,NA,NA,,NA,,NA,0,NA,,,2026-08-04T01:15:00,STRUCTURE_FAILED,0
8970cccd700157d9,M15,L3,LONG,HOLDOUT,2026-08-04T03:00:00,4063.67,4052.98,4069.40,2026-08-04T01:00:00@4042.68;2026-08-04T03:00:00@4069.40;2026-08-04T04:00:00@4042.55,1,,NA,NA,,NA,,NA,0,NA,,,2026-08-04T04:15:00,STRUCTURE_FAILED,0
fdcde766e1f74ef6,M15,L3,LONG,HOLDOUT,2026-08-04T10:45:00,4065.49,4062.24,4066.12,2026-08-04T09:30:00@4055.70;2026-08-04T11:00:00@4072.85;2026-08-04T13:15:00@4045.56,1,,NA,NA,,NA,,NA,0,NA,,,2026-08-04T13:30:00,STRUCTURE_FAILED,0
019ff085ad878124,M15,L3,LONG,HOLDOUT,2026-08-04T11:00:00,4068.12,4064.55,4072.85,2026-08-04T09:30:00@4055.70;2026-08-04T11:00:00@4072.85;2026-08-04T13:15:00@4045.56,1,,NA,NA,,NA,,NA,0,NA,,,2026-08-04T13:30:00,STRUCTURE_FAILED,0
7301047ad9c2dc56,M15,L3,SHORT,HOLDOUT,2026-08-04T12:00:00,4050.69,4048.54,4055.39,2026-08-04T11:00:00@4072.85;2026-08-04T13:15:00@4045.56;2026-08-04T13:45:00@4060.66,1,,NA,NA,,NA,,NA,0,NA,,,2026-08-04T14:00:00,STRUCTURE_FAILED,0
c9a1a86ad0749398,M15,L2,LONG,HOLDOUT,2026-08-04T14:30:00,4069.64,4059.93,4070.52,2026-08-04T14:00:00@4052.38;2026-08-04T14:45:00@4084.27;2026-08-04T15:00:00@4060.98,1,,NA,NA,,NA,,NA,0,NA,,,2026-08-04T15:15:00,STRUCTURE_FAILED,0
406dde3a88fb5d8b,M15,L3,LONG,HOLDOUT,2026-08-04T14:30:00,4069.64,4059.93,4070.52,2026-08-04T14:00:00@4052.38;2026-08-04T14:45:00@4084.27;2026-08-04T15:00:00@4060.98,1,,NA,NA,,NA,,NA,0,NA,,,2026-08-04T15:15:00,STRUCTURE_FAILED,0
ea1678b2f2e6d9bd,M15,L3,LONG,HOLDOUT,2026-08-04T14:45:00,4075.07,4067.12,4084.27,2026-08-04T14:00:00@4052.38;2026-08-04T14:45:00@4084.27;2026-08-04T15:00:00@4060.98,1,,NA,NA,,NA,,NA,0,NA,,,2026-08-04T15:15:00,STRUCTURE_FAILED,0
df39833652ae3ed3,M15,L1,LONG,HOLDOUT,2026-08-04T16:45:00,4084.18,4081.72,4094.08,2026-08-04T16:00:00@4061.28;2026-08-04T16:45:00@4094.08;2026-08-04T17:30:00@4074.36,1,,NA,NA,,NA,,NA,0,NA,,,2026-08-04T17:45:00,STRUCTURE_FAILED,0
3b5593418fd7aea7,M15,L3,LONG,HOLDOUT,2026-08-04T16:45:00,4084.18,4081.72,4094.08,2026-08-04T16:00:00@4061.28;2026-08-04T16:45:00@4094.08;2026-08-04T17:30:00@4074.36,1,,NA,NA,,NA,,NA,0,NA,,,2026-08-04T17:45:00,STRUCTURE_FAILED,0
81b266d5b145583d,M15,L3,LONG,HOLDOUT,2026-08-04T17:00:00,4090.09,4083.10,4091.48,,0,,NA,NA,,NA,,NA,0,NA,,,2026-08-04T17:45:00,NO_LEG1,0
1f8f5150ba83f077,M15,L3,LONG,HOLDOUT,2026-08-04T20:00:00,4099.98,4092.43,4106.40,2026-08-04T18:15:00@4074.70;2026-08-04T20:00:00@4106.40;2026-08-04T21:45:00@4075.17,1,,NA,NA,,NA,,NA,0,NA,,,2026-08-04T22:00:00,STRUCTURE_FAILED,0
c1f062582c1fd744,M15,L3,LONG,HOLDOUT,2026-08-05T04:00:00,4085.85,4077.59,4086.93,2026-08-05T02:15:00@4065.29;2026-08-05T06:15:00@4136.47;2026-08-05T06:45:00@4127.51;2026-08-05T07:00:00@4141.47;2026-08-05T07:45:00@4132.31;2026-08-05T09:00:00@4174.25;2026-08-05T09:15:00@4161.13;2026-08-05T10:00:00@4179.53;2026-08-05T10:30:00@4162.25;2026-08-05T11:00:00@4172.70,4,,NA,NA,,NA,,NA,0,NA,,,2026-08-05T11:15:00,NO_SPIKE,0
89bfb01537a4d209,M15,L1,LONG,HOLDOUT,2026-08-05T05:30:00,4128.19,4101.47,4128.74,2026-08-05T02:15:00@4065.29;2026-08-05T06:15:00@4136.47;2026-08-05T06:45:00@4127.51,1,,NA,NA,,NA,,NA,0,NA,,,2026-08-05T07:00:00,STRUCTURE_FAILED,0
b6beb5442aa3fd81,M15,L3,LONG,HOLDOUT,2026-08-05T05:30:00,4128.19,4101.47,4128.74,2026-08-05T02:15:00@4065.29;2026-08-05T06:15:00@4136.47;2026-08-05T06:45:00@4127.51,1,,NA,NA,,NA,,NA,0,NA,,,2026-08-05T07:00:00,STRUCTURE_FAILED,0
649b4b14d8803318,M15,L2,LONG,HOLDOUT,2026-08-05T08:30:00,4156.96,4139.61,4159.46,2026-08-05T07:45:00@4132.31;2026-08-05T09:00:00@4174.25;2026-08-05T09:15:00@4161.13;2026-08-05T10:00:00@4179.53;2026-08-05T10:30:00@4162.25;2026-08-05T11:00:00@4172.70,2,,NA,NA,,NA,,NA,0,NA,,,2026-08-05T11:15:00,STRUCTURE_FAILED,0
45f3aa7c947d3977,M15,L3,LONG,HOLDOUT,2026-08-05T14:30:00,4184.82,4174.12,4188.56,2026-08-05T13:15:00@4150.19;2026-08-05T15:15:00@4213.49;2026-08-05T15:45:00@4183.26,1,,NA,NA,,NA,,NA,0,NA,,,2026-08-05T16:00:00,STRUCTURE_FAILED,0
ddd900e339f1d62a,M15,L1,LONG,HOLDOUT,2026-08-06T02:30:00,4280.64,4261.00,4281.88,2026-08-05T23:45:00@4242.92;2026-08-06T02:30:00@4281.88;2026-08-06T03:00:00@4264.47,1,,NA,NA,,NA,,NA,0,NA,,,2026-08-06T03:15:00,STRUCTURE_FAILED,0
36c3b734705b663e,M15,L3,LONG,HOLDOUT,2026-08-06T02:30:00,4280.64,4261.00,4281.88,2026-08-05T23:45:00@4242.92;2026-08-06T02:30:00@4281.88;2026-08-06T03:00:00@4264.47,1,,NA,NA,,NA,,NA,0,NA,,,2026-08-06T03:15:00,STRUCTURE_FAILED,0
c053a082cb950f5e,M15,L2,SHORT,HOLDOUT,2026-08-06T15:45:00,4250.13,4249.03,4267.61,2026-08-06T15:30:00@4270.86;2026-08-06T16:00:00@4230.49;2026-08-06T16:30:00@4274.20,1,,NA,NA,,NA,,NA,0,NA,,,2026-08-06T16:45:00,STRUCTURE_FAILED,0
1cc15368b2c7ee0f,M15,L3,SHORT,HOLDOUT,2026-08-06T16:00:00,4238.42,4230.49,4255.74,2026-08-06T15:30:00@4270.86;2026-08-06T16:00:00@4230.49;2026-08-06T16:30:00@4274.20,1,,NA,NA,,NA,,NA,0,NA,,,2026-08-06T16:45:00,STRUCTURE_FAILED,0
e43a32cb60dec06c,M15,L3,LONG,HOLDOUT,2026-08-07T02:45:00,4252.33,4245.80,4253.23,2026-08-06T23:45:00@4234.69;2026-08-07T02:45:00@4253.23;2026-08-07T03:45:00@4229.67,1,,NA,NA,,NA,,NA,0,NA,,,2026-08-07T04:00:00,STRUCTURE_FAILED,0
c0ad548ebcbe2192,M15,L3,SHORT,HOLDOUT,2026-08-07T03:45:00,4232.83,4229.67,4236.91,2026-08-07T02:45:00@4253.23;2026-08-07T03:45:00@4229.67;2026-08-07T05:00:00@4261.63,1,,NA,NA,,NA,,NA,0,NA,,,2026-08-07T05:30:00,STRUCTURE_FAILED,0
76a762308d8fcedc,M15,L2,LONG,HOLDOUT,2026-08-07T08:00:00,4269.37,4261.93,4271.27,2026-08-07T07:30:00@4260.66;2026-08-07T09:45:00@4298.68;2026-08-07T10:45:00@4282.90;2026-08-07T11:30:00@4316.63;2026-08-07T12:30:00@4302.20;2026-08-07T12:45:00@4320.84;2026-08-07T13:00:00@4308.02;2026-08-07T14:30:00@4327.64,4,2026-08-07T15:15:00,4300.07,3.230317,2026-08-07T16:15:00,4339.01,2026-08-07T17:00:00,4327.39,2,-3.87333333,2026-08-07T20:30:00,2026-08-07T21:00:00,2026-08-07T21:15:00,LINE_PASSED,0
d1ac9b18a0a1816a,M15,L3,LONG,HOLDOUT,2026-08-07T08:45:00,4278.62,4271.47,4280.53,2026-08-07T07:30:00@4260.66;2026-08-07T09:45:00@4298.68;2026-08-07T10:45:00@4282.90;2026-08-07T11:30:00@4316.63;2026-08-07T12:30:00@4302.20;2026-08-07T12:45:00@4320.84;2026-08-07T13:00:00@4308.02;2026-08-07T14:30:00@4327.64,4,2026-08-07T15:15:00,4300.07,3.230317,2026-08-07T16:15:00,4339.01,2026-08-07T17:00:00,4327.39,2,-3.87333333,2026-08-07T19:45:00,2026-08-07T20:30:00,2026-08-07T20:45:00,LINE_PASSED,0
435559f32b275db9,M15,L3,LONG,HOLDOUT,2026-08-07T09:00:00,4286.69,4278.43,4291.33,2026-08-07T07:30:00@4260.66;2026-08-07T09:45:00@4298.68;2026-08-07T10:45:00@4282.90,1,,NA,NA,,NA,,NA,0,NA,,,2026-08-07T11:00:00,STRUCTURE_FAILED,0
e0c94c0d58182ca9,M15,L1,LONG,HOLDOUT,2026-08-07T11:30:00,4309.07,4294.09,4316.63,2026-08-07T10:45:00@4282.90;2026-08-07T11:30:00@4316.63;2026-08-07T12:30:00@4302.20,1,,NA,NA,,NA,,NA,0,NA,,,2026-08-07T12:45:00,STRUCTURE_FAILED,0
10d0c32495bc6739,M15,L3,LONG,HOLDOUT,2026-08-07T11:30:00,4309.07,4294.09,4316.63,2026-08-07T10:45:00@4282.90;2026-08-07T11:30:00@4316.63;2026-08-07T12:30:00@4302.20,1,,NA,NA,,NA,,NA,0,NA,,,2026-08-07T12:45:00,STRUCTURE_FAILED,0
65551f7ac88e543b,M15,L3,SHORT,HOLDOUT,2026-08-10T04:00:00,4323.15,4322.11,4340.82,2026-08-10T03:00:00@4347.05;2026-08-10T04:30:00@4313.44;2026-08-10T05:30:00@4332.44,1,,NA,NA,,NA,,NA,0,NA,,,2026-08-10T05:45:00,STRUCTURE_FAILED,0
2a7ddb7d7180c3ad,M15,L2,LONG,HOLDOUT,2026-08-10T08:45:00,4347.32,4340.64,4352.17,2026-08-10T06:00:00@4317.65;2026-08-10T08:45:00@4352.17;2026-08-10T09:00:00@4341.85,1,,NA,NA,,NA,,NA,0,NA,,,2026-08-10T09:30:00,STRUCTURE_FAILED,0
8204697cee78fbc5,M15,L3,LONG,HOLDOUT,2026-08-10T09:30:00,4355.18,4345.95,4355.85,2026-08-10T09:00:00@4341.85;2026-08-10T09:45:00@4359.71;2026-08-10T10:00:00@4350.11,1,,NA,NA,,NA,,NA,0,NA,,,2026-08-10T10:15:00,STRUCTURE_FAILED,0
1192fbb7f91509a9,M15,L3,LONG,HOLDOUT,2026-08-10T19:15:00,4362.63,4360.90,4364.56,,0,,NA,NA,,NA,,NA,0,NA,,,2026-08-10T20:00:00,NO_LEG1,0
ebb4f07d56e01246,M15,L1,LONG,HOLDOUT,2026-08-10T21:30:00,4379.64,4365.14,4382.98,2026-08-10T20:45:00@4357.68;2026-08-10T21:30:00@4382.98;2026-08-10T21:45:00@4373.37,1,,NA,NA,,NA,,NA,0,NA,,,2026-08-10T22:00:00,STRUCTURE_FAILED,0
da49359f297973e7,M15,L3,LONG,HOLDOUT,2026-08-10T21:30:00,4379.64,4365.14,4382.98,2026-08-10T20:45:00@4357.68;2026-08-10T21:30:00@4382.98;2026-08-10T21:45:00@4373.37,1,,NA,NA,,NA,,NA,0,NA,,,2026-08-10T22:00:00,STRUCTURE_FAILED,0
88d35669c879bd3b,M15,L1,LONG,HOLDOUT,2026-08-11T01:30:00,4395.20,4391.91,4396.04,2026-08-11T01:00:00@4385.11;2026-08-11T02:00:00@4401.89;2026-08-11T02:15:00@4394.61,1,,NA,NA,,NA,,NA,0,NA,,,2026-08-11T02:45:00,STRUCTURE_FAILED,0
c2719ad658f2ed2b,M15,L2,SHORT,HOLDOUT,2026-08-11T08:15:00,4392.40,4390.75,4402.21,2026-08-11T06:30:00@4421.56;2026-08-11T08:45:00@4367.52;2026-08-11T09:00:00@4382.66;2026-08-11T10:45:00@4356.77;2026-08-11T11:45:00@4376.65;2026-08-11T12:00:00@4367.55,2,,NA,NA,,NA,,NA,0,NA,,,2026-08-11T13:00:00,STRUCTURE_FAILED,0
9452bed7e68fedaa,M15,L3,SHORT,HOLDOUT,2026-08-11T08:15:00,4392.40,4390.75,4402.21,2026-08-11T06:30:00@4421.56;2026-08-11T08:45:00@4367.52;2026-08-11T09:00:00@4382.66;2026-08-11T10:45:00@4356.77;2026-08-11T11:45:00@4376.65;2026-08-11T12:00:00@4367.55,2,,NA,NA,,NA,,NA,0,NA,,,2026-08-11T13:00:00,STRUCTURE_FAILED,0
1bfe1534b0cf0f9e,M15,L3,LONG,HOLDOUT,2026-08-12T05:30:00,4405.55,4397.63,4408.24,2026-08-12T04:30:00@4385.26;2026-08-12T06:00:00@4415.98;2026-08-12T07:30:00@4395.37,1,,NA,NA,,NA,,NA,0,NA,,,2026-08-12T07:45:00,STRUCTURE_FAILED,0
bc360f718f66215b,M15,L2,LONG,HOLDOUT,2026-08-12T13:00:00,4417.89,4414.59,4419.27,2026-08-12T12:45:00@4410.72;2026-08-12T13:15:00@4420.90;2026-08-12T13:45:00@4407.36,1,,NA,NA,,NA,,NA,0,NA,,,2026-08-12T14:00:00,STRUCTURE_FAILED,0
7bf7fe2501d08b6a,M15,L3,LONG,HOLDOUT,2026-08-12T13:00:00,4417.89,4414.59,4419.27,2026-08-12T12:45:00@4410.72;2026-08-12T13:15:00@4420.90;2026-08-12T13:45:00@4407.36,1,,NA,NA,,NA,,NA,0,NA,,,2026-08-12T14:00:00,STRUCTURE_FAILED,0
28064ae67e054fc1,M15,L3,LONG,HOLDOUT,2026-08-12T15:15:00,4425.24,4404.72,4425.24,,0,,NA,NA,,NA,,NA,0,NA,,,2026-08-12T15:45:00,NO_LEG1,0
91e9b4200d79e9a8,M15,L1,LONG,HOLDOUT,2026-08-12T15:45:00,4437.51,4416.58,4438.30,2026-08-12T15:30:00@4379.73;2026-08-12T16:00:00@4441.41;2026-08-12T16:30:00@4408.48,1,,NA,NA,,NA,,NA,0,NA,,,2026-08-12T16:45:00,STRUCTURE_FAILED,0
8839a0bc16be45cb,M15,L3,LONG,HOLDOUT,2026-08-12T15:45:00,4437.51,4416.58,4438.30,2026-08-12T15:30:00@4379.73;2026-08-12T16:00:00@4441.41;2026-08-12T16:30:00@4408.48,1,,NA,NA,,NA,,NA,0,NA,,,2026-08-12T16:45:00,STRUCTURE_FAILED,0
958625e133e1007b,M15,L3,LONG,HOLDOUT,2026-08-13T03:00:00,4419.17,4412.93,4422.29,2026-08-13T01:15:00@4398.22;2026-08-13T03:30:00@4449.75;2026-08-13T05:30:00@4398.98,1,,NA,NA,,NA,,NA,0,NA,,,2026-08-13T05:45:00,STRUCTURE_FAILED,0
fe848e9be8a94d02,M15,L3,SHORT,HOLDOUT,2026-08-13T07:00:00,4394.47,4391.63,4400.41,2026-08-13T06:00:00@4412.20;2026-08-13T07:00:00@4391.63;2026-08-13T08:15:00@4407.24,1,,NA,NA,,NA,,NA,0,NA,,,2026-08-13T08:30:00,STRUCTURE_FAILED,0
63d6808079fbde93,M15,L2,SHORT,HOLDOUT,2026-08-13T08:30:00,4387.66,4386.39,4407.20,2026-08-13T08:15:00@4407.24;2026-08-13T09:30:00@4368.85;2026-08-13T10:00:00@4381.67;2026-08-13T11:00:00@4364.04;2026-08-13T14:15:00@4396.63,2,,NA,NA,,NA,,NA,0,NA,,,2026-08-13T14:30:00,STRUCTURE_FAILED,0
663ed75c6fd6f0c6,M15,L3,SHORT,HOLDOUT,2026-08-13T08:45:00,4382.98,4380.54,4389.29,2026-08-13T08:15:00@4407.24;2026-08-13T09:30:00@4368.85;2026-08-13T10:00:00@4381.67,1,,NA,NA,,NA,,NA,0,NA,,,2026-08-13T10:30:00,STRUCTURE_FAILED,0
5e63d348e89c6261,M15,L3,SHORT,HOLDOUT,2026-08-13T09:00:00,4375.91,4375.06,4385.54,2026-08-13T08:15:00@4407.24;2026-08-13T09:30:00@4368.85;2026-08-13T10:00:00@4381.67,1,,NA,NA,,NA,,NA,0,NA,,,2026-08-13T10:30:00,STRUCTURE_FAILED,0
2c206119cad8e313,M15,L1,SHORT,HOLDOUT,2026-08-13T19:00:00,4355.16,4354.01,4367.48,2026-08-13T18:45:00@4370.80;2026-08-13T19:15:00@4351.25;2026-08-13T20:00:00@4373.34,1,,NA,NA,,NA,,NA,0,NA,,,2026-08-13T20:15:00,STRUCTURE_FAILED,0
f5aa044af5bdf1ca,M15,L3,SHORT,HOLDOUT,2026-08-13T19:00:00,4355.16,4354.01,4367.48,2026-08-13T18:45:00@4370.80;2026-08-13T19:15:00@4351.25;2026-08-13T20:00:00@4373.34,1,,NA,NA,,NA,,NA,0,NA,,,2026-08-13T20:15:00,STRUCTURE_FAILED,0
18638767f84c6960,M15,L3,SHORT,HOLDOUT,2026-08-13T22:00:00,4346.81,4346.19,4358.90,2026-08-13T20:00:00@4373.34;2026-08-13T22:15:00@4343.56;2026-08-14T01:30:00@4362.84,1,,NA,NA,,NA,,NA,0,NA,,,2026-08-14T01:45:00,STRUCTURE_FAILED,0
419b0b581123f85e,M15,L1,SHORT,HOLDOUT,2026-08-14T03:15:00,4339.43,4339.43,4352.30,2026-08-14T02:45:00@4364.12;2026-08-14T05:00:00@4310.87;2026-08-14T05:30:00@4322.70;2026-08-14T05:45:00@4312.72,1,,NA,NA,,NA,,NA,0,NA,,,2026-08-14T06:00:00,STRUCTURE_FAILED,0
b1c1c785ee2f4a6e,M15,L3,SHORT,HOLDOUT,2026-08-14T03:15:00,4339.43,4339.43,4352.30,2026-08-14T02:45:00@4364.12;2026-08-14T05:00:00@4310.87;2026-08-14T05:30:00@4322.70;2026-08-14T05:45:00@4312.72,1,,NA,NA,,NA,,NA,0,NA,,,2026-08-14T06:00:00,STRUCTURE_FAILED,0
e97bd54b85b138db,M15,L3,SHORT,HOLDOUT,2026-08-14T05:00:00,4312.43,4310.87,4322.76,2026-08-14T02:45:00@4364.12;2026-08-14T05:00:00@4310.87;2026-08-14T05:30:00@4322.70,1,,NA,NA,,NA,,NA,0,NA,,,2026-08-14T05:45:00,STRUCTURE_FAILED,0
637c8cc5369c80b1,M15,L2,LONG,HOLDOUT,2026-08-14T14:30:00,4362.43,4356.52,4363.49,2026-08-14T13:45:00@4348.00;2026-08-14T15:30:00@4386.93;2026-08-14T16:00:00@4370.27;2026-08-14T16:30:00@4397.02;2026-08-14T16:45:00@4382.84;2026-08-14T17:15:00@4394.66,2,,NA,NA,,NA,,NA,0,NA,,,2026-08-14T17:30:00,STRUCTURE_FAILED,0
7c693455dd8015af,M15,L3,LONG,HOLDOUT,2026-08-14T14:45:00,4369.24,4360.96,4369.43,2026-08-14T13:45:00@4348.00;2026-08-14T15:30:00@4386.93;2026-08-14T16:00:00@4370.27;2026-08-14T16:30:00@4397.02;2026-08-14T16:45:00@4382.84;2026-08-14T17:15:00@4394.66,2,,NA,NA,,NA,,NA,0,NA,,,2026-08-14T17:30:00,STRUCTURE_FAILED,0
5375fb51876236b2,M15,L3,SHORT,HOLDOUT,2026-08-17T02:30:00,4368.25,4367.12,4375.10,2026-08-17T01:45:00@4386.86;2026-08-17T02:30:00@4367.12;2026-08-17T04:15:00@4416.46,1,,NA,NA,,NA,,NA,0,NA,,,2026-08-17T04:30:00,STRUCTURE_FAILED,0
a66367fae0dcecb4,M15,L1,LONG,HOLDOUT,2026-08-17T03:45:00,4400.75,4394.33,4402.13,2026-08-17T02:30:00@4367.12;2026-08-17T04:15:00@4416.46;2026-08-17T06:15:00@4388.08,1,,NA,NA,,NA,,NA,0,NA,,,2026-08-17T06:30:00,STRUCTURE_FAILED,0
67f98453248383e7,M15,L3,LONG,HOLDOUT,2026-08-17T03:45:00,4400.75,4394.33,4402.13,2026-08-17T02:30:00@4367.12;2026-08-17T04:15:00@4416.46;2026-08-17T06:15:00@4388.08,1,,NA,NA,,NA,,NA,0,NA,,,2026-08-17T06:30:00,STRUCTURE_FAILED,0
185858c9e91af7e1,M15,L3,LONG,HOLDOUT,2026-08-17T04:00:00,4409.35,4399.09,4411.76,2026-08-17T02:30:00@4367.12;2026-08-17T04:15:00@4416.46;2026-08-17T06:15:00@4388.08,1,,NA,NA,,NA,,NA,0,NA,,,2026-08-17T06:30:00,STRUCTURE_FAILED,0
41bc02f12ea2c546,M15,L4,LONG,HOLDOUT,2026-08-17T10:15:00,4404.92,4396.17,4405.18,2026-08-17T10:00:00@4396.12;2026-08-17T10:30:00@4411.36;2026-08-17T11:45:00@4392.56,1,,NA,NA,,NA,,NA,0,NA,,,2026-08-17T12:00:00,STRUCTURE_FAILED,0
4eae6226b354b3aa,M15,L3,SHORT,HOLDOUT,2026-08-17T15:15:00,4385.83,4382.26,4398.77,2026-08-17T14:30:00@4404.96;2026-08-17T15:45:00@4377.35;2026-08-17T16:45:00@4416.23,1,,NA,NA,,NA,,NA,0,NA,,,2026-08-17T17:00:00,STRUCTURE_FAILED,0
ed9f80b1b9306a7b,M15,L3,LONG,HOLDOUT,2026-08-17T16:45:00,4408.80,4384.60,4416.23,2026-08-17T15:45:00@4377.35;2026-08-17T16:45:00@4416.23;2026-08-17T17:00:00@4403.84,1,,NA,NA,,NA,,NA,0,NA,,,2026-08-17T17:15:00,STRUCTURE_FAILED,0
0d7fb46c6216dcc5,M15,L3,LONG,HOLDOUT,2026-08-17T17:00:00,4412.42,4403.84,4412.87,2026-08-17T17:00:00@4403.84;2026-08-17T17:15:00@4427.64;2026-08-17T17:45:00@4413.97;2026-08-17T19:00:00@4428.85;2026-08-17T20:30:00@4411.17,2,,NA,NA,,NA,,NA,0,NA,,,2026-08-17T20:45:00,STRUCTURE_FAILED,0
f1bd955b8c807cc0,M15,L2,LONG,HOLDOUT,2026-08-17T17:15:00,4418.20,4411.89,4427.64,2026-08-17T17:00:00@4403.84;2026-08-17T17:15:00@4427.64;2026-08-17T17:45:00@4413.97,1,,NA,NA,,NA,,NA,0,NA,,,2026-08-17T18:15:00,STRUCTURE_FAILED,0
dfe9f8fec2a7838c,M15,L3,LONG,HOLDOUT,2026-08-17T17:15:00,4418.20,4411.89,4427.64,2026-08-17T17:00:00@4403.84;2026-08-17T17:15:00@4427.64;2026-08-17T17:45:00@4413.97,1,,NA,NA,,NA,,NA,0,NA,,,2026-08-17T18:15:00,STRUCTURE_FAILED,0
870cb26ef6c43045,M15,L1,LONG,HOLDOUT,2026-08-18T03:15:00,4431.39,4420.89,4431.56,2026-08-18T02:00:00@4409.70;2026-08-18T04:00:00@4436.25;2026-08-18T05:30:00@4394.18,1,,NA,NA,,NA,,NA,0,NA,,,2026-08-18T06:00:00,STRUCTURE_FAILED,0
59b3e9d477fad7cc,M15,L3,LONG,HOLDOUT,2026-08-18T03:15:00,4431.39,4420.89,4431.56,2026-08-18T02:00:00@4409.70;2026-08-18T04:00:00@4436.25;2026-08-18T05:30:00@4394.18,1,,NA,NA,,NA,,NA,0,NA,,,2026-08-18T06:00:00,STRUCTURE_FAILED,0
1fb0bead545986a9,M15,L3,SHORT,HOLDOUT,2026-08-18T05:30:00,4394.99,4394.18,4402.80,2026-08-18T04:00:00@4436.25;2026-08-18T05:30:00@4394.18;2026-08-18T06:00:00@4404.17,1,,NA,NA,,NA,,NA,0,NA,,,2026-08-18T06:15:00,STRUCTURE_FAILED,0
76d90dba34fa8cf5,M15,L2,SHORT,HOLDOUT,2026-08-18T12:30:00,4388.46,4387.25,4394.94,2026-08-18T11:30:00@4398.60;2026-08-18T12:45:00@4386.99;2026-08-18T13:45:00@4399.57,1,,NA,NA,,NA,,NA,0,NA,,,2026-08-18T14:00:00,STRUCTURE_FAILED,0
7a8560a9442e414c,M15,L3,SHORT,HOLDOUT,2026-08-18T17:30:00,4379.62,4377.72,4396.23,2026-08-18T17:00:00@4406.48;2026-08-18T18:15:00@4351.63;2026-08-18T19:00:00@4371.59;2026-08-18T22:45:00@4338.20;2026-08-18T23:00:00@4346.50;2026-08-18T23:45:00@4329.07;2026-08-19T01:00:00@4343.94;2026-08-19T02:30:00@4327.15,4,2026-08-19T03:00:00,4344.96,2.490817,2026-08-19T03:30:00,4347.27,2026-08-19T05:15:00,4362.02,2,2.10714286,2026-08-19T07:00:00,2026-08-19T07:45:00,2026-08-19T08:00:00,LINE_PASSED,0
fcbd7fd71c1acc44,M15,L1,SHORT,HOLDOUT,2026-08-18T17:45:00,4366.53,4363.65,4388.95,2026-08-18T17:00:00@4406.48;2026-08-18T18:15:00@4351.63;2026-08-18T19:00:00@4371.59,1,,NA,NA,,NA,,NA,0,NA,,,2026-08-18T20:30:00,STRUCTURE_FAILED,0
f61617fccc15998d,M15,L3,SHORT,HOLDOUT,2026-08-18T17:45:00,4366.53,4363.65,4388.95,2026-08-18T17:00:00@4406.48;2026-08-18T18:15:00@4351.63;2026-08-18T19:00:00@4371.59,1,,NA,NA,,NA,,NA,0,NA,,,2026-08-18T20:30:00,STRUCTURE_FAILED,0
5b4a876a4ae88cfb,M15,L3,SHORT,HOLDOUT,2026-08-18T22:30:00,4349.78,4349.61,4357.63,2026-08-18T19:00:00@4371.59;2026-08-18T22:45:00@4338.20;2026-08-18T23:00:00@4346.50;2026-08-18T23:45:00@4329.07;2026-08-19T01:00:00@4343.94;2026-08-19T02:30:00@4327.15,3,2026-08-19T03:00:00,4344.96,2.490817,2026-08-19T03:30:00,4347.27,,NA,1,NA,,,2026-08-19T05:00:00,STRUCTURE_FAILED,0
e130bafbd0bb1821,M15,L2,LONG,HOLDOUT,2026-08-19T11:30:00,4362.61,4356.52,4363.08,2026-08-19T11:00:00@4351.12;2026-08-19T11:45:00@4363.19;2026-08-19T12:15:00@4353.47,1,,NA,NA,,NA,,NA,0,NA,,,2026-08-19T12:30:00,STRUCTURE_FAILED,0
ed7d3eb9e4568b9e,M15,L3,LONG,HOLDOUT,2026-08-19T11:30:00,4362.61,4356.52,4363.08,2026-08-19T11:00:00@4351.12;2026-08-19T11:45:00@4363.19;2026-08-19T12:15:00@4353.47,1,,NA,NA,,NA,,NA,0,NA,,,2026-08-19T12:30:00,STRUCTURE_FAILED,0
1cde9e2edc5c42af,M15,L3,LONG,HOLDOUT,2026-08-19T13:00:00,4363.74,4359.58,4364.25,2026-08-19T12:15:00@4353.47;2026-08-19T14:15:00@4374.11;2026-08-19T15:00:00@4362.10,1,,NA,NA,,NA,,NA,0,NA,,,2026-08-19T15:15:00,STRUCTURE_FAILED,0
e25606bcf105fdfd,M15,L3,LONG,HOLDOUT,2026-08-19T15:30:00,4417.59,4368.67,4420.77,2026-08-19T15:00:00@4362.10;2026-08-19T16:30:00@4466.25;2026-08-19T16:45:00@4445.11;2026-08-19T17:30:00@4498.73;2026-08-19T17:45:00@4478.02;2026-08-19T19:15:00@4499.34;2026-08-19T20:45:00@4484.37;2026-08-19T21:00:00@4496.50,3,,NA,NA,,NA,,NA,0,NA,,,2026-08-19T21:15:00,NO_SPIKE,0
c841e3f31578bf48,M15,L1,LONG,HOLDOUT,2026-08-19T15:45:00,4438.83,4411.42,4442.34,2026-08-19T15:00:00@4362.10;2026-08-19T16:30:00@4466.25;2026-08-19T16:45:00@4445.11;2026-08-19T17:30:00@4498.73;2026-08-19T17:45:00@4478.02;2026-08-19T19:15:00@4499.34;2026-08-19T20:45:00@4484.37;2026-08-19T21:00:00@4496.50,3,,NA,NA,,NA,,NA,0,NA,,,2026-08-19T21:15:00,NO_SPIKE,0
c70eaf31f933e34a,M15,L3,LONG,HOLDOUT,2026-08-19T15:45:00,4438.83,4411.42,4442.34,2026-08-19T15:00:00@4362.10;2026-08-19T16:30:00@4466.25;2026-08-19T16:45:00@4445.11;2026-08-19T17:30:00@4498.73;2026-08-19T17:45:00@4478.02;2026-08-19T19:15:00@4499.34;2026-08-19T20:45:00@4484.37;2026-08-19T21:00:00@4496.50,3,,NA,NA,,NA,,NA,0,NA,,,2026-08-19T21:15:00,NO_SPIKE,0
47adc4deb837514e,M15,L3,LONG,HOLDOUT,2026-08-19T16:00:00,4456.27,4424.31,4460.91,2026-08-19T15:00:00@4362.10;2026-08-19T16:30:00@4466.25;2026-08-19T16:45:00@4445.11,1,,NA,NA,,NA,,NA,0,NA,,,2026-08-19T17:00:00,STRUCTURE_FAILED,0
b3470e578eb0f7c0,M15,L3,LONG,HOLDOUT,2026-08-19T22:00:00,4503.27,4494.38,4505.84,2026-08-19T21:30:00@4472.10;2026-08-20T01:00:00@4527.31;2026-08-20T04:00:00@4491.72,1,,NA,NA,,NA,,NA,0,NA,,,2026-08-20T04:15:00,STRUCTURE_FAILED,0
128c9e5625623bf6,M15,L2,SHORT,HOLDOUT,2026-08-20T08:15:00,4483.18,4482.92,4487.00,2026-08-20T06:45:00@4501.18;2026-08-20T08:45:00@4477.88;2026-08-20T09:15:00@4495.93,1,,NA,NA,,NA,,NA,0,NA,,,2026-08-20T10:00:00,STRUCTURE_FAILED,0
70c9b0b9b4483a15,M15,L3,SHORT,HOLDOUT,2026-08-20T08:15:00,4483.18,4482.92,4487.00,2026-08-20T06:45:00@4501.18;2026-08-20T08:45:00@4477.88;2026-08-20T09:15:00@4495.93,1,,NA,NA,,NA,,NA,0,NA,,,2026-08-20T10:00:00,STRUCTURE_FAILED,0
b5f40cc829985cb3,M15,L3,SHORT,HOLDOUT,2026-08-20T14:30:00,4474.73,4474.27,4486.85,2026-08-20T13:30:00@4495.02;2026-08-20T15:00:00@4450.66;2026-08-20T15:15:00@4467.85;2026-08-20T15:30:00@4451.12,1,,NA,NA,,NA,,NA,0,NA,,,2026-08-20T15:45:00,STRUCTURE_FAILED,0
a3b43a28f3158e22,M15,L3,SHORT,HOLDOUT,2026-08-20T14:45:00,4466.92,4465.44,4475.73,2026-08-20T13:30:00@4495.02;2026-08-20T15:00:00@4450.66;2026-08-20T15:15:00@4467.85,1,,NA,NA,,NA,,NA,0,NA,,,2026-08-20T15:30:00,STRUCTURE_FAILED,0
53f0939dbc2797e8,M15,L3,LONG,HOLDOUT,2026-08-20T17:30:00,4499.26,4491.61,4501.22,2026-08-20T16:30:00@4469.31;2026-08-20T18:15:00@4540.90;2026-08-20T18:30:00@4509.56;2026-08-20T19:00:00@4524.86,1,,NA,NA,,NA,,NA,0,NA,,,2026-08-20T19:15:00,STRUCTURE_FAILED,0
b5faad250574e97f,M15,L1,LONG,HOLDOUT,2026-08-20T18:00:00,4534.55,4515.06,4537.39,2026-08-20T16:30:00@4469.31;2026-08-20T18:15:00@4540.90;2026-08-20T18:30:00@4509.56,1,,NA,NA,,NA,,NA,0,NA,,,2026-08-20T18:45:00,STRUCTURE_FAILED,0
dc95aa789669bca1,M15,L2,LONG,HOLDOUT,2026-08-20T18:00:00,4534.55,4515.06,4537.39,2026-08-20T16:30:00@4469.31;2026-08-20T18:15:00@4540.90;2026-08-20T18:30:00@4509.56,1,,NA,NA,,NA,,NA,0,NA,,,2026-08-20T18:45:00,STRUCTURE_FAILED,0
b59865880fedeef6,M15,L3,LONG,HOLDOUT,2026-08-20T18:00:00,4534.55,4515.06,4537.39,2026-08-20T16:30:00@4469.31;2026-08-20T18:15:00@4540.90;2026-08-20T18:30:00@4509.56,1,,NA,NA,,NA,,NA,0,NA,,,2026-08-20T18:45:00,STRUCTURE_FAILED,0
f4a218dfd436cc10,M15,L3,LONG,HOLDOUT,2026-08-21T05:30:00,4538.11,4525.21,4538.28,2026-08-21T05:00:00@4518.27;2026-08-21T05:45:00@4542.91;2026-08-21T06:30:00@4526.74,1,,NA,NA,,NA,,NA,0,NA,,,2026-08-21T06:45:00,STRUCTURE_FAILED,0
7ecba0dc7ffba7fe,M15,L1,LONG,HOLDOUT,2026-08-21T07:15:00,4546.79,4537.45,4547.26,2026-08-21T06:30:00@4526.74;2026-08-21T07:30:00@4547.91;2026-08-21T08:30:00@4529.17,1,,NA,NA,,NA,,NA,0,NA,,,2026-08-21T08:45:00,STRUCTURE_FAILED,0
5f550653d1f330ca,M15,L3,LONG,HOLDOUT,2026-08-21T07:15:00,4546.79,4537.45,4547.26,2026-08-21T06:30:00@4526.74;2026-08-21T07:30:00@4547.91;2026-08-21T08:30:00@4529.17,1,,NA,NA,,NA,,NA,0,NA,,,2026-08-21T08:45:00,STRUCTURE_FAILED,0
7a82ebe02019155d,M15,L2,LONG,HOLDOUT,2026-08-21T08:45:00,4553.62,4541.64,4556.28,2026-08-21T08:30:00@4529.17;2026-08-21T08:45:00@4556.28;2026-08-21T09:00:00@4545.52,1,,NA,NA,,NA,,NA,0,NA,,,2026-08-21T09:15:00,STRUCTURE_FAILED,0
652f0b207d23a59c,M15,L3,LONG,HOLDOUT,2026-08-21T18:30:00,4609.57,4599.62,4610.53,2026-08-21T17:45:00@4580.55;2026-08-21T20:00:00@4632.21;2026-08-21T20:15:00@4615.25;2026-08-21T21:00:00@4627.60,1,,NA,NA,,NA,,NA,0,NA,,,2026-08-21T22:00:00,STRUCTURE_FAILED,0
194cdb91ee508566,M15,L1,LONG,HOLDOUT,2026-08-24T03:00:00,4637.37,4620.21,4640.92,2026-08-24T02:00:00@4604.64;2026-08-24T03:00:00@4640.92;2026-08-24T03:15:00@4594.47,1,,NA,NA,,NA,,NA,0,NA,,,2026-08-24T03:30:00,STRUCTURE_FAILED,0
6fa23163a7cfec1d,M15,L3,LONG,HOLDOUT,2026-08-24T03:00:00,4637.37,4620.21,4640.92,2026-08-24T02:00:00@4604.64;2026-08-24T03:00:00@4640.92;2026-08-24T03:15:00@4594.47,1,,NA,NA,,NA,,NA,0,NA,,,2026-08-24T03:30:00,STRUCTURE_FAILED,0
3e8f333895b6ea14,M15,L3,SHORT,HOLDOUT,2026-08-24T11:15:00,4629.42,4629.42,4639.82,2026-08-24T11:00:00@4646.05;2026-08-24T11:30:00@4628.81;2026-08-24T11:45:00@4646.06,1,,NA,NA,,NA,,NA,0,NA,,,2026-08-24T12:15:00,STRUCTURE_FAILED,0
c0eaa2d46c6c0bb8,M15,L2,LONG,HOLDOUT,2026-08-24T14:30:00,4658.65,4643.50,4670.13,2026-08-24T14:00:00@4639.09;2026-08-24T14:30:00@4670.13;2026-08-24T14:45:00@4648.25,1,,NA,NA,,NA,,NA,0,NA,,,2026-08-24T15:00:00,STRUCTURE_FAILED,0
518957c8188440dc,M15,L3,LONG,HOLDOUT,2026-08-24T14:30:00,4658.65,4643.50,4670.13,2026-08-24T14:00:00@4639.09;2026-08-24T14:30:00@4670.13;2026-08-24T14:45:00@4648.25,1,,NA,NA,,NA,,NA,0,NA,,,2026-08-24T15:00:00,STRUCTURE_FAILED,0
c1be2b23b38f06d6,M15,L3,LONG,HOLDOUT,2026-08-24T15:15:00,4661.82,4651.60,4662.70,2026-08-24T14:45:00@4648.25;2026-08-24T15:30:00@4668.84;2026-08-24T15:45:00@4654.45,1,,NA,NA,,NA,,NA,0,NA,,,2026-08-24T16:00:00,STRUCTURE_FAILED,0
3e6560b782b8a319,M15,L1,LONG,HOLDOUT,2026-08-25T03:00:00,4690.51,4675.44,4691.71,2026-08-24T21:30:00@4625.21;2026-08-25T03:00:00@4691.71;2026-08-25T03:15:00@4676.66,1,,NA,NA,,NA,,NA,0,NA,,,2026-08-25T03:30:00,STRUCTURE_FAILED,0
a681d2cd24e44e43,M15,L3,LONG,HOLDOUT,2026-08-25T03:00:00,4690.51,4675.44,4691.71,2026-08-24T21:30:00@4625.21;2026-08-25T03:00:00@4691.71;2026-08-25T03:15:00@4676.66,1,,NA,NA,,NA,,NA,0,NA,,,2026-08-25T03:30:00,STRUCTURE_FAILED,0
1538595d7f42de21,M15,L3,SHORT,HOLDOUT,2026-08-25T07:30:00,4625.88,4623.74,4632.71,2026-08-25T06:30:00@4641.41;2026-08-25T07:30:00@4623.74;2026-08-25T08:15:00@4647.93,1,,NA,NA,,NA,,NA,0,NA,,,2026-08-25T08:45:00,STRUCTURE_FAILED,0
cc3adf3e324c1e76,M15,L3,SHORT,HOLDOUT,2026-08-25T16:00:00,4623.06,4622.86,4641.26,2026-08-25T15:45:00@4644.24;2026-08-25T16:15:00@4608.81;2026-08-25T16:30:00@4623.53,1,,NA,NA,,NA,,NA,0,NA,,,2026-08-25T16:45:00,STRUCTURE_FAILED,0
b00ce37688f8e84f,M15,L2,SHORT,HOLDOUT,2026-08-25T16:15:00,4609.80,4608.81,4628.03,2026-08-25T15:45:00@4644.24;2026-08-25T16:15:00@4608.81;2026-08-25T16:30:00@4623.53,1,,NA,NA,,NA,,NA,0,NA,,,2026-08-25T16:45:00,STRUCTURE_FAILED,0
e7fdbdc36b5631a7,M15,L3,SHORT,HOLDOUT,2026-08-25T16:15:00,4609.80,4608.81,4628.03,2026-08-25T15:45:00@4644.24;2026-08-25T16:15:00@4608.81;2026-08-25T16:30:00@4623.53,1,,NA,NA,,NA,,NA,0,NA,,,2026-08-25T16:45:00,STRUCTURE_FAILED,0
46157566904d0c21,M15,L3,LONG,HOLDOUT,2026-08-25T18:30:00,4656.22,4639.80,4659.51,2026-08-25T16:45:00@4605.33;2026-08-25T18:30:00@4659.51;2026-08-25T20:00:00@4634.22,1,,NA,NA,,NA,,NA,0,NA,,,2026-08-25T20:15:00,STRUCTURE_FAILED,0
2e1e21a1a1dca4a8,M15,L3,LONG,HOLDOUT,2026-08-25T22:00:00,4662.17,4653.39,4663.15,2026-08-25T20:00:00@4634.22;2026-08-25T22:15:00@4668.23;2026-08-25T22:30:00@4657.88,1,,NA,NA,,NA,,NA,0,NA,,,2026-08-25T22:45:00,STRUCTURE_FAILED,0
9127ccb558c320a5,M15,L2,SHORT,HOLDOUT,2026-08-26T09:15:00,4626.75,4624.67,4637.78,2026-08-26T08:30:00@4649.60;2026-08-26T09:15:00@4624.67;2026-08-26T10:00:00@4639.25,1,,NA,NA,,NA,,NA,0,NA,,,2026-08-26T10:15:00,STRUCTURE_FAILED,0
704ae20f1866ddfd,M15,L3,SHORT,HOLDOUT,2026-08-26T09:15:00,4626.75,4624.67,4637.78,2026-08-26T08:30:00@4649.60;2026-08-26T09:15:00@4624.67;2026-08-26T10:00:00@4639.25,1,,NA,NA,,NA,,NA,0,NA,,,2026-08-26T10:15:00,STRUCTURE_FAILED,0
14cc15528b3440a7,M15,L1,SHORT,HOLDOUT,2026-08-26T17:45:00,4602.93,4602.85,4622.79,2026-08-26T17:00:00@4633.59;2026-08-26T18:15:00@4582.89;2026-08-26T18:45:00@4609.28,1,,NA,NA,,NA,,NA,0,NA,,,2026-08-26T19:00:00,STRUCTURE_FAILED,0
884b718319d953ae,M15,L3,SHORT,HOLDOUT,2026-08-26T17:45:00,4602.93,4602.85,4622.79,2026-08-26T17:00:00@4633.59;2026-08-26T18:15:00@4582.89;2026-08-26T18:45:00@4609.28,1,,NA,NA,,NA,,NA,0,NA,,,2026-08-26T19:00:00,STRUCTURE_FAILED,0
1001a70648058b44,M15,L3,SHORT,HOLDOUT,2026-08-26T18:00:00,4588.97,4587.97,4605.39,2026-08-26T17:00:00@4633.59;2026-08-26T18:15:00@4582.89;2026-08-26T18:45:00@4609.28,1,,NA,NA,,NA,,NA,0,NA,,,2026-08-26T19:00:00,STRUCTURE_FAILED,0
6bbbcf77fe306390,M15,L3,LONG,HOLDOUT,2026-08-27T01:15:00,4610.80,4602.41,4613.35,2026-08-26T23:15:00@4583.98;2026-08-27T03:00:00@4627.08;2026-08-27T03:45:00@4600.47,1,,NA,NA,,NA,,NA,0,NA,,,2026-08-27T04:00:00,STRUCTURE_FAILED,0
fe7947f0275a6118,M15,L3,LONG,HOLDOUT,2026-08-27T04:45:00,4640.07,4623.72,4640.82,2026-08-27T03:45:00@4600.47;2026-08-27T05:00:00@4643.06;2026-08-27T05:30:00@4623.58,1,,NA,NA,,NA,,NA,0,NA,,,2026-08-27T06:00:00,STRUCTURE_FAILED,0
442d9100c8a20f22,M15,L2,SHORT,HOLDOUT,2026-08-27T09:45:00,4600.30,4598.00,4609.68,2026-08-27T09:30:00@4611.78;2026-08-27T09:45:00@4598.00;2026-08-27T10:00:00@4605.82,1,,NA,NA,,NA,,NA,0,NA,,,2026-08-27T10:15:00,STRUCTURE_FAILED,0
de03de73536028e5,M15,L1,SHORT,HOLDOUT,2026-08-27T12:30:00,4582.37,4577.35,4599.15,2026-08-27T11:45:00@4602.25;2026-08-27T12:30:00@4577.35;2026-08-27T12:45:00@4585.86,1,,NA,NA,,NA,,NA,0,NA,,,2026-08-27T13:00:00,STRUCTURE_FAILED,0
eb76f34e1cfa722f,M15,L3,SHORT,HOLDOUT,2026-08-27T12:30:00,4582.37,4577.35,4599.15,2026-08-27T11:45:00@4602.25;2026-08-27T12:30:00@4577.35;2026-08-27T12:45:00@4585.86,1,,NA,NA,,NA,,NA,0,NA,,,2026-08-27T13:00:00,STRUCTURE_FAILED,0
1296f03cb4b933a6,M15,L3,LONG,HOLDOUT,2026-08-27T18:30:00,4601.20,4592.13,4605.71,2026-08-27T16:45:00@4564.55;2026-08-27T19:00:00@4612.98;2026-08-27T19:15:00@4602.46,1,,NA,NA,,NA,,NA,0,NA,,,2026-08-27T19:30:00,STRUCTURE_FAILED,0
2e985010b33bf397,M15,L2,SHORT,HOLDOUT,2026-08-28T08:30:00,4572.71,4571.63,4584.08,2026-08-28T08:15:00@4586.22;2026-08-28T08:30:00@4571.63;2026-08-28T10:00:00@4613.45,1,,NA,NA,,NA,,NA,0,NA,,,2026-08-28T10:15:00,STRUCTURE_FAILED,0
e9971dd9b01ba5a0,M15,L3,SHORT,HOLDOUT,2026-08-28T08:30:00,4572.71,4571.63,4584.08,2026-08-28T08:15:00@4586.22;2026-08-28T08:30:00@4571.63;2026-08-28T10:00:00@4613.45,1,,NA,NA,,NA,,NA,0,NA,,,2026-08-28T10:15:00,STRUCTURE_FAILED,0
2a8a0faafacc25c8,M15,L2,LONG,HOLDOUT,2026-08-28T09:45:00,4612.72,4588.21,4613.24,2026-08-28T08:30:00@4571.63;2026-08-28T10:00:00@4613.45;2026-08-28T10:15:00@4599.40,1,,NA,NA,,NA,,NA,0,NA,,,2026-08-28T10:30:00,STRUCTURE_FAILED,0
6312da8fb46080f0,M15,L3,LONG,HOLDOUT,2026-08-28T09:45:00,4612.72,4588.21,4613.24,2026-08-28T08:30:00@4571.63;2026-08-28T10:00:00@4613.45;2026-08-28T10:15:00@4599.40,1,,NA,NA,,NA,,NA,0,NA,,,2026-08-28T10:30:00,STRUCTURE_FAILED,0
4510972882002afb,M15,L1,SHORT,HOLDOUT,2026-08-28T17:00:00,4546.19,4543.75,4632.09,2026-08-28T17:00:00@4632.09;2026-08-28T17:15:00@4529.96;2026-08-28T18:00:00@4582.77,1,,NA,NA,,NA,,NA,0,NA,,,2026-08-28T18:15:00,STRUCTURE_FAILED,0
65397cfa1d582396,M15,L3,SHORT,HOLDOUT,2026-08-28T17:00:00,4546.19,4543.75,4632.09,2026-08-28T17:00:00@4632.09;2026-08-28T17:15:00@4529.96;2026-08-28T18:00:00@4582.77,1,,NA,NA,,NA,,NA,0,NA,,,2026-08-28T18:15:00,STRUCTURE_FAILED,0
f100b5f5a91152e0,M15,L3,SHORT,HOLDOUT,2026-08-31T05:00:00,4424.32,4418.17,4441.45,2026-08-31T04:15:00@4454.23;2026-08-31T05:45:00@4396.49;2026-08-31T06:15:00@4433.98,1,,NA,NA,,NA,,NA,0,NA,,,2026-08-31T07:00:00,STRUCTURE_FAILED,0
e810642fe511c26a,M15,L3,LONG,HOLDOUT,2026-08-31T22:15:00,4440.47,4432.86,4442.41,2026-08-31T21:30:00@4426.14;2026-08-31T23:00:00@4455.77;2026-09-01T01:00:00@4444.68;2026-09-01T01:15:00@4452.18,1,,NA,NA,,NA,,NA,0,NA,,,2026-09-01T01:45:00,STRUCTURE_FAILED,0
b248ee14770e9c2e,M15,L2,SHORT,HOLDOUT,2026-09-01T10:30:00,4418.11,4412.06,4428.25,2026-09-01T09:45:00@4435.27;2026-09-01T10:30:00@4412.06;2026-09-01T10:45:00@4423.23,1,,NA,NA,,NA,,NA,0,NA,,,2026-09-01T11:00:00,STRUCTURE_FAILED,0
0853d4bae4cab725,M15,L3,SHORT,HOLDOUT,2026-09-01T11:00:00,4405.51,4389.52,4420.16,2026-09-01T10:45:00@4423.23;2026-09-01T12:00:00@4366.48;2026-09-01T12:15:00@4378.06;2026-09-01T13:00:00@4364.24;2026-09-01T13:30:00@4385.97,2,,NA,NA,,NA,,NA,0,NA,,,2026-09-01T13:45:00,STRUCTURE_FAILED,0
5b30cbb5b6ea2e71,M15,L1,SHORT,HOLDOUT,2026-09-01T11:15:00,4383.07,4381.82,4405.76,2026-09-01T10:45:00@4423.23;2026-09-01T12:00:00@4366.48;2026-09-01T12:15:00@4378.06;2026-09-01T13:00:00@4364.24;2026-09-01T13:30:00@4385.97,2,,NA,NA,,NA,,NA,0,NA,,,2026-09-01T13:45:00,STRUCTURE_FAILED,0
a4758d005c494527,M15,L3,SHORT,HOLDOUT,2026-09-01T11:15:00,4383.07,4381.82,4405.76,2026-09-01T10:45:00@4423.23;2026-09-01T12:00:00@4366.48;2026-09-01T12:15:00@4378.06;2026-09-01T13:00:00@4364.24;2026-09-01T13:30:00@4385.97,2,,NA,NA,,NA,,NA,0,NA,,,2026-09-01T13:45:00,STRUCTURE_FAILED,0
f2c9b5e48b0532f5,M15,L3,SHORT,HOLDOUT,2026-09-01T23:00:00,4325.66,4323.62,4330.72,,0,,NA,NA,,NA,,NA,0,NA,,,2026-09-02T01:30:00,NO_LEG1,0
a4280bc6d5e32540,M15,L1,SHORT,HOLDOUT,2026-09-02T03:45:00,4315.84,4314.57,4331.31,2026-09-02T03:15:00@4334.49;2026-09-02T04:00:00@4304.87;2026-09-02T04:15:00@4326.59,1,,NA,NA,,NA,,NA,0,NA,,,2026-09-02T04:30:00,STRUCTURE_FAILED,0
72cfaaf1323f114b,M15,L3,SHORT,HOLDOUT,2026-09-02T03:45:00,4315.84,4314.57,4331.31,2026-09-02T03:15:00@4334.49;2026-09-02T04:00:00@4304.87;2026-09-02T04:15:00@4326.59,1,,NA,NA,,NA,,NA,0,NA,,,2026-09-02T04:30:00,STRUCTURE_FAILED,0
c0bf8dd5e7a3c968,M15,L3,LONG,HOLDOUT,2026-09-02T14:45:00,4332.31,4323.41,4332.89,2026-09-02T14:15:00@4315.65;2026-09-02T15:15:00@4344.48;2026-09-02T15:30:00@4327.44,1,,NA,NA,,NA,,NA,0,NA,,,2026-09-02T15:45:00,STRUCTURE_FAILED,0
55ab3028edc5c218,M15,L2,LONG,HOLDOUT,2026-09-02T15:15:00,4336.31,4329.95,4344.48,2026-09-02T14:15:00@4315.65;2026-09-02T15:15:00@4344.48;2026-09-02T15:30:00@4327.44,1,,NA,NA,,NA,,NA,0,NA,,,2026-09-02T15:45:00,STRUCTURE_FAILED,0
162f9f4011443c25,M15,L3,LONG,HOLDOUT,2026-09-02T15:15:00,4336.31,4329.95,4344.48,2026-09-02T14:15:00@4315.65;2026-09-02T15:15:00@4344.48;2026-09-02T15:30:00@4327.44,1,,NA,NA,,NA,,NA,0,NA,,,2026-09-02T15:45:00,STRUCTURE_FAILED,0
c2bdc747c85ece65,M15,L3,LONG,HOLDOUT,2026-09-02T17:00:00,4387.87,4378.91,4397.64,2026-09-02T15:30:00@4327.44;2026-09-02T17:00:00@4397.64;2026-09-02T19:30:00@4364.47,1,,NA,NA,,NA,,NA,0,NA,,,2026-09-02T20:30:00,STRUCTURE_FAILED,0
a1dcd7a05d01ca0b,M15,L1,LONG,HOLDOUT,2026-09-03T04:00:00,4401.38,4387.36,4409.36,2026-09-03T03:30:00@4382.52;2026-09-03T04:00:00@4409.36;2026-09-03T04:15:00@4394.00,1,,NA,NA,,NA,,NA,0,NA,,,2026-09-03T04:30:00,STRUCTURE_FAILED,0
f948fafbf918eb7b,M15,L3,LONG,HOLDOUT,2026-09-03T04:00:00,4401.38,4387.36,4409.36,2026-09-03T03:30:00@4382.52;2026-09-03T04:00:00@4409.36;2026-09-03T04:15:00@4394.00,1,,NA,NA,,NA,,NA,0,NA,,,2026-09-03T04:30:00,STRUCTURE_FAILED,0
fb752cc28508e9c3,M15,L2,LONG,HOLDOUT,2026-09-03T14:30:00,4438.78,4426.67,4439.30,2026-09-03T13:15:00@4419.11;2026-09-03T15:00:00@4450.19;2026-09-03T15:15:00@4437.86,1,,NA,NA,,NA,,NA,0,NA,,,2026-09-03T15:30:00,STRUCTURE_FAILED,0
a0599af37582b77a,M15,L3,LONG,HOLDOUT,2026-09-03T14:45:00,4444.22,4436.72,4445.92,2026-09-03T13:15:00@4419.11;2026-09-03T15:00:00@4450.19;2026-09-03T15:15:00@4437.86,1,,NA,NA,,NA,,NA,0,NA,,,2026-09-03T15:30:00,STRUCTURE_FAILED,0
2ed3d17de84d92d9,M15,L3,LONG,HOLDOUT,2026-09-03T15:15:00,4446.97,4437.86,4449.14,2026-09-03T15:15:00@4437.86;2026-09-03T16:00:00@4496.01;2026-09-03T16:45:00@4456.87;2026-09-03T17:15:00@4480.80,1,,NA,NA,,NA,,NA,0,NA,,,2026-09-03T17:30:00,STRUCTURE_FAILED,0
bbe27e6273f916d3,M15,L3,LONG,HOLDOUT,2026-09-03T15:30:00,4467.88,4446.00,4478.79,2026-09-03T15:15:00@4437.86;2026-09-03T16:00:00@4496.01;2026-09-03T16:45:00@4456.87,1,,NA,NA,,NA,,NA,0,NA,,,2026-09-03T17:00:00,STRUCTURE_FAILED,0
e12db041060f040f,M15,L3,LONG,HOLDOUT,2026-09-03T15:45:00,4493.50,4465.59,4495.26,2026-09-03T15:15:00@4437.86;2026-09-03T16:00:00@4496.01;2026-09-03T16:45:00@4456.87,1,,NA,NA,,NA,,NA,0,NA,,,2026-09-03T17:00:00,STRUCTURE_FAILED,0
439efeb8e2bf344a,M15,L4,LONG,HOLDOUT,2026-09-04T03:45:00,4486.33,4480.75,4487.27,2026-09-04T03:30:00@4472.70;2026-09-04T04:00:00@4487.34;2026-09-04T04:15:00@4467.94,1,,NA,NA,,NA,,NA,0,NA,,,2026-09-04T04:30:00,STRUCTURE_FAILED,0
c4efb96c1750094e,M15,L3,SHORT,HOLDOUT,2026-09-04T06:45:00,4467.03,4467.02,4470.10,2026-09-04T06:00:00@4478.68;2026-09-04T07:00:00@4465.49;2026-09-04T07:45:00@4474.95,1,,NA,NA,,NA,,NA,0,NA,,,2026-09-04T08:00:00,STRUCTURE_FAILED,0
3417eeea51d544f1,M15,L2,SHORT,HOLDOUT,2026-09-04T09:30:00,4464.19,4463.15,4469.76,2026-09-04T08:30:00@4477.59;2026-09-04T09:45:00@4460.22;2026-09-04T10:45:00@4490.80,1,,NA,NA,,NA,,NA,0,NA,,,2026-09-04T11:00:00,STRUCTURE_FAILED,0
b4bced94d792f0d5,M15,L3,SHORT,HOLDOUT,2026-09-04T15:30:00,4394.06,4374.22,4472.15,2026-09-04T13:45:00@4476.41;2026-09-04T15:30:00@4374.22;2026-09-04T15:45:00@4409.93,1,,NA,NA,,NA,,NA,0,NA,,,2026-09-04T16:00:00,STRUCTURE_FAILED,0
a56b957522be89bf,M15,L3,SHORT,HOLDOUT,2026-09-07T04:00:00,4399.81,4395.66,4415.92,2026-09-07T03:15:00@4428.78;2026-09-07T04:15:00@4389.72;2026-09-07T04:45:00@4416.85,1,,NA,NA,,NA,,NA,0,NA,,,2026-09-07T05:00:00,STRUCTURE_FAILED,0
4fdcfa1fa5b5e5c4,M15,L3,LONG,HOLDOUT,2026-09-07T11:00:00,4417.12,4405.21,4417.65,2026-09-07T10:30:00@4392.32;2026-09-07T11:30:00@4423.79;2026-09-07T14:30:00@4381.16,1,,NA,NA,,NA,,NA,0,NA,,,2026-09-07T14:45:00,STRUCTURE_FAILED,0
ec0ced44cdd6059c,M15,L2,SHORT,HOLDOUT,2026-09-07T14:15:00,4389.51,4387.52,4394.95,2026-09-07T11:30:00@4423.79;2026-09-07T14:30:00@4381.16;2026-09-07T17:45:00@4419.56,1,,NA,NA,,NA,,NA,0,NA,,,2026-09-07T18:00:00,STRUCTURE_FAILED,0
bb60beb23467607f,M15,L3,SHORT,HOLDOUT,2026-09-07T14:15:00,4389.51,4387.52,4394.95,2026-09-07T11:30:00@4423.79;2026-09-07T14:30:00@4381.16;2026-09-07T17:45:00@4419.56,1,,NA,NA,,NA,,NA,0,NA,,,2026-09-07T18:00:00,STRUCTURE_FAILED,0
6b3e77eed1a8a98e,M15,L3,LONG,HOLDOUT,2026-09-08T02:30:00,4427.43,4410.73,4427.95,2026-09-08T01:45:00@4406.16;2026-09-08T02:45:00@4428.09;2026-09-08T03:00:00@4415.11,1,,NA,NA,,NA,,NA,0,NA,,,2026-09-08T03:15:00,STRUCTURE_FAILED,0
57b40fbbcbd43e76,M15,L1,LONG,HOLDOUT,2026-09-08T04:45:00,4437.04,4433.49,4440.66,2026-09-08T03:45:00@4415.18;2026-09-08T04:45:00@4440.66;2026-09-08T05:45:00@4421.19,1,,NA,NA,,NA,,NA,0,NA,,,2026-09-08T06:00:00,STRUCTURE_FAILED,0
1df4ccd52f6630d7,M15,L2,SHORT,HOLDOUT,2026-09-08T09:00:00,4411.49,4408.65,4420.14,2026-09-08T07:45:00@4439.87;2026-09-08T09:30:00@4398.25;2026-09-08T10:00:00@4409.45,1,,NA,NA,,NA,,NA,0,NA,,,2026-09-08T10:15:00,STRUCTURE_FAILED,0
9545a613844b65ce,M15,L3,SHORT,HOLDOUT,2026-09-08T09:15:00,4400.18,4399.11,4411.49,2026-09-08T07:45:00@4439.87;2026-09-08T09:30:00@4398.25;2026-09-08T10:00:00@4409.45,1,,NA,NA,,NA,,NA,0,NA,,,2026-09-08T10:15:00,STRUCTURE_FAILED,0
42488f617b5d61dc,M15,L4,LONG,HOLDOUT,2026-09-08T15:45:00,4411.52,4395.67,4411.73,2026-09-08T15:15:00@4385.33;2026-09-08T16:00:00@4413.07;2026-09-08T16:30:00@4390.35,1,,NA,NA,,NA,,NA,0,NA,,,2026-09-08T16:45:00,STRUCTURE_FAILED,0
7dcc2e812ce36396,M15,L3,SHORT,HOLDOUT,2026-09-08T19:00:00,4386.46,4380.40,4395.13,2026-09-08T18:15:00@4409.26;2026-09-08T19:00:00@4380.40;2026-09-08T20:00:00@4403.68,1,,NA,NA,,NA,,NA,0,NA,,,2026-09-08T20:15:00,STRUCTURE_FAILED,0
995367ec64398742,M15,L1,SHORT,HOLDOUT,2026-09-08T21:45:00,4375.62,4358.21,4386.57,2026-09-08T20:00:00@4403.68;2026-09-08T21:45:00@4358.21;2026-09-08T22:00:00@4377.21,1,,NA,NA,,NA,,NA,0,NA,,,2026-09-08T22:15:00,STRUCTURE_FAILED,0
fe0a0eb0031ae9ee,M15,L3,SHORT,HOLDOUT,2026-09-08T21:45:00,4375.62,4358.21,4386.57,2026-09-08T20:00:00@4403.68;2026-09-08T21:45:00@4358.21;2026-09-08T22:00:00@4377.21,1,,NA,NA,,NA,,NA,0,NA,,,2026-09-08T22:15:00,STRUCTURE_FAILED,0
f19b9268bc34de26,M15,L3,SHORT,HOLDOUT,2026-09-08T22:45:00,4359.40,4356.77,4368.94,2026-09-08T22:00:00@4377.21;2026-09-08T23:45:00@4343.75;2026-09-09T01:00:00@4359.08,1,,NA,NA,,NA,,NA,0,NA,,,2026-09-09T01:30:00,STRUCTURE_FAILED,0
baf6bcaaf3882a4e,M15,L2,LONG,HOLDOUT,2026-09-09T08:00:00,4387.72,4380.49,4387.87,2026-09-09T07:00:00@4370.64;2026-09-09T09:00:00@4405.25;2026-09-09T09:15:00@4395.22;2026-09-09T09:30:00@4405.98;2026-09-09T09:45:00@4398.83;2026-09-09T10:45:00@4412.72,3,2026-09-09T11:15:00,4399.34,2.029065,,NA,,NA,0,NA,,,2026-09-09T13:30:00,STRUCTURE_FAILED,0
d90180dfbb4c48a6,M15,L3,LONG,HOLDOUT,2026-09-09T08:00:00,4387.72,4380.49,4387.87,2026-09-09T07:00:00@4370.64;2026-09-09T09:00:00@4405.25;2026-09-09T09:15:00@4395.22;2026-09-09T09:30:00@4405.98;2026-09-09T09:45:00@4398.83;2026-09-09T10:45:00@4412.72,3,2026-09-09T11:15:00,4399.34,2.029065,,NA,,NA,0,NA,,,2026-09-09T13:30:00,STRUCTURE_FAILED,0
d1d480798abd586e,M15,L3,LONG,HOLDOUT,2026-09-09T16:00:00,4413.29,4398.65,4413.64,2026-09-09T15:30:00@4390.92;2026-09-09T16:30:00@4434.08;2026-09-09T16:45:00@4410.76,1,,NA,NA,,NA,,NA,0,NA,,,2026-09-09T17:00:00,STRUCTURE_FAILED,0
3dc5fc7a104bfe99,M15,L3,LONG,HOLDOUT,2026-09-10T05:15:00,4417.05,4408.11,4417.68,2026-09-10T05:15:00@4408.11;2026-09-10T06:00:00@4421.13;2026-09-10T06:45:00@4406.91,1,,NA,NA,,NA,,NA,0,NA,,,2026-09-10T07:00:00,STRUCTURE_FAILED,0
2bd560931d1f741b,M15,L2,LONG,HOLDOUT,2026-09-10T08:30:00,4428.31,4417.52,4429.59,2026-09-10T07:30:00@4405.66;2026-09-10T09:00:00@4434.67;2026-09-10T09:15:00@4410.92,1,,NA,NA,,NA,,NA,0,NA,,,2026-09-10T09:30:00,STRUCTURE_FAILED,0
3c03d51915519163,M15,L3,LONG,HOLDOUT,2026-09-10T08:30:00,4428.31,4417.52,4429.59,2026-09-10T07:30:00@4405.66;2026-09-10T09:00:00@4434.67;2026-09-10T09:15:00@4410.92,1,,NA,NA,,NA,,NA,0,NA,,,2026-09-10T09:30:00,STRUCTURE_FAILED,0
dd2fd08b9a5486c5,M15,L3,SHORT,HOLDOUT,2026-09-10T11:15:00,4405.63,4403.96,4407.75,2026-09-10T10:45:00@4415.35;2026-09-10T12:30:00@4388.42;2026-09-10T13:15:00@4400.16;2026-09-10T13:45:00@4375.23;2026-09-10T14:30:00@4390.74;2026-09-10T15:30:00@4324.01,3,2026-09-10T15:45:00,4354.95,2.631920,2026-09-11T09:00:00,4360.93,2026-09-11T16:45:00,4402.47,4,1.34000000,2026-09-11T09:30:00,2026-09-11T18:30:00,2026-09-11T18:45:00,LINE_PASSED,0
acdcdc4bac2390db,M15,L2,SHORT,HOLDOUT,2026-09-10T13:30:00,4383.81,4377.88,4394.67,2026-09-10T13:15:00@4400.16;2026-09-10T13:45:00@4375.23;2026-09-10T14:30:00@4390.74,1,,NA,NA,,NA,,NA,0,NA,,,2026-09-10T14:45:00,STRUCTURE_FAILED,0
5a14abbf7e90865f,M15,L3,SHORT,HOLDOUT,2026-09-10T13:30:00,4383.81,4377.88,4394.67,2026-09-10T13:15:00@4400.16;2026-09-10T13:45:00@4375.23;2026-09-10T14:30:00@4390.74,1,,NA,NA,,NA,,NA,0,NA,,,2026-09-10T14:45:00,STRUCTURE_FAILED,0
437d36054a4750b7,M15,L3,SHORT,HOLDOUT,2026-09-10T14:45:00,4374.56,4374.27,4385.28,2026-09-10T14:30:00@4390.74;2026-09-10T15:30:00@4324.01;2026-09-10T16:45:00@4375.86,1,,NA,NA,,NA,,NA,0,NA,,,2026-09-10T17:00:00,STRUCTURE_FAILED,0
1089a51183e255ad,M15,L1,SHORT,HOLDOUT,2026-09-10T15:30:00,4340.79,4324.01,4373.26,2026-09-10T14:30:00@4390.74;2026-09-10T15:30:00@4324.01;2026-09-10T16:45:00@4375.86,1,,NA,NA,,NA,,NA,0,NA,,,2026-09-10T17:00:00,STRUCTURE_FAILED,0
391c435bb503503a,M15,L3,SHORT,HOLDOUT,2026-09-10T15:30:00,4340.79,4324.01,4373.26,2026-09-10T14:30:00@4390.74;2026-09-10T15:30:00@4324.01;2026-09-10T16:45:00@4375.86,1,,NA,NA,,NA,,NA,0,NA,,,2026-09-10T17:00:00,STRUCTURE_FAILED,0
4db14f76be326314,M15,L3,SHORT,HOLDOUT,2026-09-10T22:00:00,4322.28,4313.73,4332.82,2026-09-10T20:00:00@4368.18;2026-09-10T22:00:00@4313.73;2026-09-10T22:15:00@4330.93,1,,NA,NA,,NA,,NA,0,NA,,,2026-09-10T22:45:00,STRUCTURE_FAILED,0
fd4aef5d00c14024,M15,L1,SHORT,HOLDOUT,2026-09-11T06:15:00,4309.22,4304.13,4321.47,2026-09-11T05:15:00@4334.56;2026-09-11T06:45:00@4300.80;2026-09-11T09:00:00@4360.93,1,,NA,NA,,NA,,NA,0,NA,,,2026-09-11T09:30:00,STRUCTURE_FAILED,0
c3c47696f2ff3200,M15,L3,SHORT,HOLDOUT,2026-09-11T06:15:00,4309.22,4304.13,4321.47,2026-09-11T05:15:00@4334.56;2026-09-11T06:45:00@4300.80;2026-09-11T09:00:00@4360.93,1,,NA,NA,,NA,,NA,0,NA,,,2026-09-11T09:30:00,STRUCTURE_FAILED,0
318f84ca2d2fe951,M15,L2,LONG,HOLDOUT,2026-09-11T08:30:00,4342.82,4333.68,4343.02,2026-09-11T06:45:00@4300.80;2026-09-11T09:00:00@4360.93;2026-09-11T10:45:00@4340.53,1,,NA,NA,,NA,,NA,0,NA,,,2026-09-11T11:00:00,STRUCTURE_FAILED,0
f8729df208c4b946,M15,L3,LONG,HOLDOUT,2026-09-11T08:30:00,4342.82,4333.68,4343.02,2026-09-11T06:45:00@4300.80;2026-09-11T09:00:00@4360.93;2026-09-11T10:45:00@4340.53,1,,NA,NA,,NA,,NA,0,NA,,,2026-09-11T11:00:00,STRUCTURE_FAILED,0
43608cb6ef27a5e1,M15,L3,LONG,HOLDOUT,2026-09-11T15:45:00,4388.63,4352.56,4390.11,2026-09-11T15:00:00@4324.73;2026-09-11T16:45:00@4402.47;2026-09-11T17:30:00@4364.75,1,,NA,NA,,NA,,NA,0,NA,,,2026-09-11T17:45:00,STRUCTURE_FAILED,0
798d1d6c696f4aca,M15,L3,SHORT,HOLDOUT,2026-09-14T07:30:00,4323.39,4323.39,4331.60,2026-09-14T05:30:00@4355.32;2026-09-14T07:45:00@4322.19;2026-09-14T09:00:00@4338.71,1,,NA,NA,,NA,,NA,0,NA,,,2026-09-14T09:15:00,STRUCTURE_FAILED,0
744f9c125daa128d,M15,L2,SHORT,HOLDOUT,2026-09-14T09:45:00,4322.14,4320.62,4329.68,2026-09-14T09:00:00@4338.71;2026-09-14T10:45:00@4307.94;2026-09-14T11:00:00@4318.20;2026-09-14T11:45:00@4303.24;2026-09-14T12:00:00@4311.66;2026-09-14T13:00:00@4278.12;2026-09-14T14:00:00@4296.85;2026-09-14T14:45:00@4284.29,3,,NA,NA,,NA,,NA,0,NA,,,2026-09-14T15:00:00,NO_SPIKE,0
22c7cd1db2ad3549,M15,L3,SHORT,HOLDOUT,2026-09-14T10:15:00,4316.83,4316.32,4324.19,2026-09-14T09:00:00@4338.71;2026-09-14T10:45:00@4307.94;2026-09-14T11:00:00@4318.20,1,,NA,NA,,NA,,NA,0,NA,,,2026-09-14T11:30:00,STRUCTURE_FAILED,0
84b1386fa19cb248,M15,L1,SHORT,HOLDOUT,2026-09-14T12:15:00,4287.92,4280.55,4305.96,2026-09-14T12:00:00@4311.66;2026-09-14T13:00:00@4278.12;2026-09-14T14:00:00@4296.85,1,,NA,NA,,NA,,NA,0,NA,,,2026-09-14T14:45:00,STRUCTURE_FAILED,0
33185d2934b50afd,M15,L3,SHORT,HOLDOUT,2026-09-14T12:15:00,4287.92,4280.55,4305.96,2026-09-14T12:00:00@4311.66;2026-09-14T13:00:00@4278.12;2026-09-14T14:00:00@4296.85,1,,NA,NA,,NA,,NA,0,NA,,,2026-09-14T14:45:00,STRUCTURE_FAILED,0
f56a7cd1aebcd301,M15,L3,LONG,HOLDOUT,2026-09-14T19:15:00,4300.11,4294.54,4305.25,2026-09-14T19:00:00@4286.31;2026-09-14T19:45:00@4317.73;2026-09-14T23:00:00@4282.28,1,,NA,NA,,NA,,NA,0,NA,,,2026-09-14T23:15:00,STRUCTURE_FAILED,0
548233af6e4b28f1,M15,L2,SHORT,HOLDOUT,2026-09-15T10:45:00,4280.56,4276.20,4290.15,2026-09-15T10:00:00@4295.55;2026-09-15T11:00:00@4263.67;2026-09-15T11:15:00@4275.29;2026-09-15T11:45:00@4261.32;2026-09-15T13:00:00@4277.71,2,,NA,NA,,NA,,NA,0,NA,,,2026-09-15T13:15:00,STRUCTURE_FAILED,0
a4d1cb86cd273179,M15,L3,SHORT,HOLDOUT,2026-09-15T10:45:00,4280.56,4276.20,4290.15,2026-09-15T10:00:00@4295.55;2026-09-15T11:00:00@4263.67;2026-09-15T11:15:00@4275.29;2026-09-15T11:45:00@4261.32;2026-09-15T13:00:00@4277.71,2,,NA,NA,,NA,,NA,0,NA,,,2026-09-15T13:15:00,STRUCTURE_FAILED,0
9bd139b5cd0b9bd5,M15,L3,LONG,HOLDOUT,2026-09-15T21:00:00,4302.33,4292.91,4304.23,2026-09-15T19:15:00@4285.51;2026-09-15T22:00:00@4310.67;2026-09-16T01:00:00@4290.89,1,,NA,NA,,NA,,NA,0,NA,,,2026-09-16T01:15:00,STRUCTURE_FAILED,0
969a38d81faeafd8,M15,L3,LONG,HOLDOUT,2026-09-16T05:30:00,4311.02,4298.67,4316.03,2026-09-16T04:45:00@4279.97;2026-09-16T06:15:00@4341.05;2026-09-16T07:45:00@4320.66;2026-09-16T08:45:00@4333.70,1,,NA,NA,,NA,,NA,0,NA,,,2026-09-16T09:00:00,STRUCTURE_FAILED,0
8d67a082eef70b7a,M15,L1,LONG,HOLDOUT,2026-09-16T05:45:00,4321.72,4310.86,4323.46,2026-09-16T04:45:00@4279.97;2026-09-16T06:15:00@4341.05;2026-09-16T07:45:00@4320.66,1,,NA,NA,,NA,,NA,0,NA,,,2026-09-16T08:30:00,STRUCTURE_FAILED,0
22e61683a67c7aed,M15,L3,LONG,HOLDOUT,2026-09-16T05:45:00,4321.72,4310.86,4323.46,2026-09-16T04:45:00@4279.97;2026-09-16T06:15:00@4341.05;2026-09-16T07:45:00@4320.66,1,,NA,NA,,NA,,NA,0,NA,,,2026-09-16T08:30:00,STRUCTURE_FAILED,0
6dbfd936387906af,M15,L2,LONG,HOLDOUT,2026-09-16T13:00:00,4342.85,4337.67,4349.07,2026-09-16T11:30:00@4323.75;2026-09-16T13:00:00@4349.07;2026-09-16T13:15:00@4340.93,1,,NA,NA,,NA,,NA,0,NA,,,2026-09-16T13:30:00,STRUCTURE_FAILED,0
9a96b2a4d53c2749,M15,L3,LONG,HOLDOUT,2026-09-16T13:00:00,4342.85,4337.67,4349.07,2026-09-16T11:30:00@4323.75;2026-09-16T13:00:00@4349.07;2026-09-16T13:15:00@4340.93,1,,NA,NA,,NA,,NA,0,NA,,,2026-09-16T13:30:00,STRUCTURE_FAILED,0
68f156c67207bb73,M15,L3,LONG,HOLDOUT,2026-09-16T16:00:00,4356.54,4343.80,4357.19,2026-09-16T15:30:00@4333.19;2026-09-16T16:15:00@4360.36;2026-09-16T17:00:00@4324.20,1,,NA,NA,,NA,,NA,0,NA,,,2026-09-16T17:15:00,STRUCTURE_FAILED,0
1a29efdfe8c7e30d,M15,L3,SHORT,HOLDOUT,2026-09-16T21:00:00,4310.40,4307.67,4365.79,2026-09-16T21:00:00@4365.79;2026-09-16T22:00:00@4234.91;2026-09-16T22:45:00@4276.66;2026-09-17T01:00:00@4256.41,1,,NA,NA,,NA,,NA,0,NA,,,2026-09-17T01:30:00,STRUCTURE_FAILED,0
66c2829f7c3f4364,M15,L1,SHORT,HOLDOUT,2026-09-16T21:45:00,4260.96,4256.97,4307.40,2026-09-16T21:00:00@4365.79;2026-09-16T22:00:00@4234.91;2026-09-16T22:45:00@4276.66,1,,NA,NA,,NA,,NA,0,NA,,,2026-09-16T23:15:00,STRUCTURE_FAILED,0
9041ad2ba8bad6de,M15,L3,SHORT,HOLDOUT,2026-09-16T21:45:00,4260.96,4256.97,4307.40,2026-09-16T21:00:00@4365.79;2026-09-16T22:00:00@4234.91;2026-09-16T22:45:00@4276.66,1,,NA,NA,,NA,,NA,0,NA,,,2026-09-16T23:15:00,STRUCTURE_FAILED,0
4c7fede094aa19d2,M15,L3,SHORT,HOLDOUT,2026-09-16T22:00:00,4252.75,4234.91,4287.36,2026-09-16T21:00:00@4365.79;2026-09-16T22:00:00@4234.91;2026-09-16T22:45:00@4276.66,1,,NA,NA,,NA,,NA,0,NA,,,2026-09-16T23:15:00,STRUCTURE_FAILED,0
9d8ede6e08f1fd53,M15,L2,LONG,HOLDOUT,2026-09-17T10:00:00,4322.84,4309.26,4323.39,2026-09-17T08:15:00@4285.43;2026-09-17T10:45:00@4335.31;2026-09-17T11:45:00@4310.19,1,,NA,NA,,NA,,NA,0,NA,,,2026-09-17T12:00:00,STRUCTURE_FAILED,0
b23feb5483afb862,M15,L3,LONG,HOLDOUT,2026-09-17T10:00:00,4322.84,4309.26,4323.39,2026-09-17T08:15:00@4285.43;2026-09-17T10:45:00@4335.31;2026-09-17T11:45:00@4310.19,1,,NA,NA,,NA,,NA,0,NA,,,2026-09-17T12:00:00,STRUCTURE_FAILED,0
733155e9e73ccded,M15,L3,LONG,HOLDOUT,2026-09-17T14:45:00,4349.95,4324.58,4353.24,2026-09-17T14:30:00@4323.43;2026-09-17T15:15:00@4381.26;2026-09-17T15:45:00@4359.12;2026-09-17T16:15:00@4375.14,1,,NA,NA,,NA,,NA,0,NA,,,2026-09-17T16:30:00,STRUCTURE_FAILED,0
e690b7ac245c140b,M15,L1,LONG,HOLDOUT,2026-09-17T15:15:00,4378.83,4353.46,4381.26,2026-09-17T14:30:00@4323.43;2026-09-17T15:15:00@4381.26;2026-09-17T15:45:00@4359.12,1,,NA,NA,,NA,,NA,0,NA,,,2026-09-17T16:00:00,STRUCTURE_FAILED,0
7ef95fbbc762ca5a,M15,L3,LONG,HOLDOUT,2026-09-17T15:15:00,4378.83,4353.46,4381.26,2026-09-17T14:30:00@4323.43;2026-09-17T15:15:00@4381.26;2026-09-17T15:45:00@4359.12,1,,NA,NA,,NA,,NA,0,NA,,,2026-09-17T16:00:00,STRUCTURE_FAILED,0
deaf05772a3c473e,M15,L3,SHORT,HOLDOUT,2026-09-17T22:15:00,4343.33,4343.26,4354.77,2026-09-17T20:00:00@4365.86;2026-09-17T23:45:00@4340.55;2026-09-18T01:00:00@4348.50,1,,NA,NA,,NA,,NA,0,NA,,,2026-09-18T01:15:00,STRUCTURE_FAILED,0
23443f716adc7e2e,M15,L3,LONG,HOLDOUT,2026-09-18T07:45:00,4366.85,4361.12,4367.08,2026-09-18T07:15:00@4352.80;2026-09-18T09:45:00@4397.33;2026-09-18T10:00:00@4388.99;2026-09-18T10:45:00@4399.60;2026-09-18T11:30:00@4385.18,2,,NA,NA,,NA,,NA,0,NA,,,2026-09-18T11:45:00,STRUCTURE_FAILED,0
c348cc4ca74e10b8,M15,L2,LONG,HOLDOUT,2026-09-18T08:30:00,4377.02,4360.30,4378.20,2026-09-18T07:15:00@4352.80;2026-09-18T09:45:00@4397.33;2026-09-18T10:00:00@4388.99;2026-09-18T10:45:00@4399.60;2026-09-18T11:30:00@4385.18,2,,NA,NA,,NA,,NA,0,NA,,,2026-09-18T11:45:00,STRUCTURE_FAILED,0
607d269afbf776f6,M15,L1,LONG,HOLDOUT,2026-09-18T09:00:00,4388.99,4377.22,4390.27,2026-09-18T07:15:00@4352.80;2026-09-18T09:45:00@4397.33;2026-09-18T10:00:00@4388.99,1,,NA,NA,,NA,,NA,0,NA,,,2026-09-18T10:30:00,STRUCTURE_FAILED,0
e39288dcb6270806,M15,L3,LONG,HOLDOUT,2026-09-18T09:00:00,4388.99,4377.22,4390.27,2026-09-18T07:15:00@4352.80;2026-09-18T09:45:00@4397.33;2026-09-18T10:00:00@4388.99,1,,NA,NA,,NA,,NA,0,NA,,,2026-09-18T10:30:00,STRUCTURE_FAILED,0
5c478892c220bc95,M15,L3,SHORT,HOLDOUT,2026-09-21T07:45:00,4355.76,4355.04,4362.21,2026-09-21T07:15:00@4365.24;2026-09-21T08:00:00@4352.69;2026-09-21T08:30:00@4361.95,1,,NA,NA,,NA,,NA,0,NA,,,2026-09-21T08:45:00,STRUCTURE_FAILED,0
97b5062ce781ccfd,M15,L2,SHORT,HOLDOUT,2026-09-21T08:30:00,4354.50,4351.98,4361.95,2026-09-21T08:30:00@4361.95;2026-09-21T09:15:00@4346.31;2026-09-21T10:00:00@4356.05,1,,NA,NA,,NA,,NA,0,NA,,,2026-09-21T10:15:00,STRUCTURE_FAILED,0
46c782490bbd8b2f,M15,L3,SHORT,HOLDOUT,2026-09-21T13:45:00,4342.71,4342.60,4350.77,2026-09-21T13:15:00@4356.69;2026-09-21T14:00:00@4341.90;2026-09-21T15:00:00@4374.78,1,,NA,NA,,NA,,NA,0,NA,,,2026-09-21T15:15:00,STRUCTURE_FAILED,0
06f932425d87bb86,M15,L3,LONG,HOLDOUT,2026-09-21T14:30:00,4366.52,4352.24,4367.23,2026-09-21T14:00:00@4341.90;2026-09-21T15:00:00@4374.78;2026-09-21T15:30:00@4351.33,1,,NA,NA,,NA,,NA,0,NA,,,2026-09-21T15:45:00,STRUCTURE_FAILED,0
4cca27a16b96f8c0,M15,L4,LONG,HOLDOUT,2026-09-21T14:30:00,4366.52,4352.24,4367.23,2026-09-21T14:00:00@4341.90;2026-09-21T15:00:00@4374.78;2026-09-21T15:30:00@4351.33,1,,NA,NA,,NA,,NA,0,NA,,,2026-09-21T15:45:00,STRUCTURE_FAILED,0
f20634ab377e7473,M15,L1,SHORT,HOLDOUT,2026-09-21T17:30:00,4332.06,4331.98,4343.57,2026-09-21T17:30:00@4343.57;2026-09-21T17:45:00@4332.03;2026-09-21T18:30:00@4355.96,1,,NA,NA,,NA,,NA,0,NA,,,2026-09-21T19:00:00,STRUCTURE_FAILED,0
d13e0fecf86afb1a,M15,L3,SHORT,HOLDOUT,2026-09-21T17:30:00,4332.06,4331.98,4343.57,2026-09-21T17:30:00@4343.57;2026-09-21T17:45:00@4332.03;2026-09-21T18:30:00@4355.96,1,,NA,NA,,NA,,NA,0,NA,,,2026-09-21T19:00:00,STRUCTURE_FAILED,0
35c5e2d1683572f4,M15,L3,LONG,HOLDOUT,2026-09-22T01:45:00,4361.01,4352.58,4365.15,2026-09-21T23:30:00@4339.16;2026-09-22T02:00:00@4366.08;2026-09-22T02:30:00@4358.16,1,,NA,NA,,NA,,NA,0,NA,,,2026-09-22T02:45:00,STRUCTURE_FAILED,0
51ef17ea15c8bec5,M15,L3,SHORT,HOLDOUT,2026-09-22T07:00:00,4338.30,4335.02,4341.84,2026-09-22T06:30:00@4349.28;2026-09-22T07:00:00@4335.02;2026-09-22T08:00:00@4347.26,1,,NA,NA,,NA,,NA,0,NA,,,2026-09-22T08:15:00,STRUCTURE_FAILED,0
92073f8e57ebd4e7,M15,L2,SHORT,HOLDOUT,2026-09-22T08:15:00,4331.99,4322.61,4346.68,2026-09-22T08:00:00@4347.26;2026-09-22T08:30:00@4316.25;2026-09-22T08:45:00@4333.03,1,,NA,NA,,NA,,NA,0,NA,,,2026-09-22T09:00:00,STRUCTURE_FAILED,0
e320d5813931055f,M15,L1,SHORT,HOLDOUT,2026-09-22T08:30:00,4320.66,4316.25,4333.08,2026-09-22T08:00:00@4347.26;2026-09-22T08:30:00@4316.25;2026-09-22T08:45:00@4333.03,1,,NA,NA,,NA,,NA,0,NA,,,2026-09-22T09:00:00,STRUCTURE_FAILED,0
038d21fd0fec7d9b,M15,L3,SHORT,HOLDOUT,2026-09-22T08:30:00,4320.66,4316.25,4333.08,2026-09-22T08:00:00@4347.26;2026-09-22T08:30:00@4316.25;2026-09-22T08:45:00@4333.03,1,,NA,NA,,NA,,NA,0,NA,,,2026-09-22T09:00:00,STRUCTURE_FAILED,0
eb20fdaeb6a492d1,M15,L3,SHORT,HOLDOUT,2026-09-22T10:45:00,4301.10,4299.52,4315.82,2026-09-22T10:15:00@4324.19;2026-09-22T11:30:00@4291.54;2026-09-22T11:45:00@4335.51,1,,NA,NA,,NA,,NA,0,NA,,,2026-09-22T12:00:00,STRUCTURE_FAILED,0
161b069697e71ab3,M15,L3,LONG,HOLDOUT,2026-09-22T20:45:00,4350.97,4338.37,4352.92,2026-09-22T19:00:00@4322.55;2026-09-22T21:15:00@4360.68;2026-09-22T21:30:00@4348.71,1,,NA,NA,,NA,,NA,0,NA,,,2026-09-22T22:00:00,STRUCTURE_FAILED,0
7b2c874802a18bb0,M15,L2,SHORT,HOLDOUT,2026-09-23T08:30:00,4329.35,4329.06,4342.11,2026-09-23T07:15:00@4347.22;2026-09-23T08:45:00@4328.05;2026-09-23T09:00:00@4336.69,1,,NA,NA,,NA,,NA,0,NA,,,2026-09-23T09:15:00,STRUCTURE_FAILED,0
cfcc4e46bfd866c9,M15,L3,SHORT,HOLDOUT,2026-09-23T12:45:00,4314.08,4308.37,4316.26,2026-09-23T09:45:00@4336.96;2026-09-23T12:45:00@4308.37;2026-09-23T13:30:00@4318.94,1,,NA,NA,,NA,,NA,0,NA,,,2026-09-23T13:45:00,STRUCTURE_FAILED,0
4b6309749fb0467e,M15,L3,SHORT,HOLDOUT,2026-09-23T14:15:00,4306.21,4303.89,4315.67,2026-09-23T13:30:00@4318.94;2026-09-23T14:30:00@4294.57;2026-09-23T15:00:00@4319.04,1,,NA,NA,,NA,,NA,0,NA,,,2026-09-23T15:15:00,STRUCTURE_FAILED,0
e54846b843b40951,M15,L1,SHORT,HOLDOUT,2026-09-23T16:45:00,4283.81,4280.77,4292.54,2026-09-23T16:30:00@4313.52;2026-09-23T16:45:00@4280.77;2026-09-23T17:00:00@4293.42,1,,NA,NA,,NA,,NA,0,NA,,,2026-09-23T17:15:00,STRUCTURE_FAILED,0
945cf809b182f52a,M15,L3,SHORT,HOLDOUT,2026-09-23T16:45:00,4283.81,4280.77,4292.54,2026-09-23T16:30:00@4313.52;2026-09-23T16:45:00@4280.77;2026-09-23T17:00:00@4293.42,1,,NA,NA,,NA,,NA,0,NA,,,2026-09-23T17:15:00,STRUCTURE_FAILED,0
c74598d4cd10dda4,M15,L3,LONG,HOLDOUT,2026-09-24T03:45:00,4298.47,4291.30,4299.15,2026-09-24T02:30:00@4285.02;2026-09-24T04:15:00@4303.30;2026-09-24T05:00:00@4273.65,1,,NA,NA,,NA,,NA,0,NA,,,2026-09-24T05:15:00,STRUCTURE_FAILED,0
7e301397282b7df4,M15,L4,LONG,HOLDOUT,2026-09-24T03:45:00,4298.47,4291.30,4299.15,2026-09-24T02:30:00@4285.02;2026-09-24T04:15:00@4303.30;2026-09-24T05:00:00@4273.65,1,,NA,NA,,NA,,NA,0,NA,,,2026-09-24T05:15:00,STRUCTURE_FAILED,0
b8e9a8e37cea3585,M15,L1,SHORT,HOLDOUT,2026-09-24T11:15:00,4264.38,4262.44,4279.13,2026-09-24T11:00:00@4285.46;2026-09-24T11:15:00@4262.44;2026-09-24T11:30:00@4273.86,1,,NA,NA,,NA,,NA,0,NA,,,2026-09-24T11:45:00,STRUCTURE_FAILED,0
b09184d8b8f359c1,M15,L2,SHORT,HOLDOUT,2026-09-24T11:15:00,4264.38,4262.44,4279.13,2026-09-24T11:00:00@4285.46;2026-09-24T11:15:00@4262.44;2026-09-24T11:30:00@4273.86,1,,NA,NA,,NA,,NA,0,NA,,,2026-09-24T11:45:00,STRUCTURE_FAILED,0
7463ae3dcae834e1,M15,L3,SHORT,HOLDOUT,2026-09-24T11:15:00,4264.38,4262.44,4279.13,2026-09-24T11:00:00@4285.46;2026-09-24T11:15:00@4262.44;2026-09-24T11:30:00@4273.86,1,,NA,NA,,NA,,NA,0,NA,,,2026-09-24T11:45:00,STRUCTURE_FAILED,0
5370ca004f8dcf19,M15,L4,LONG,HOLDOUT,2026-09-25T03:45:00,4278.48,4270.36,4280.99,2026-09-25T03:00:00@4264.27;2026-09-25T04:30:00@4295.80;2026-09-25T04:45:00@4286.49;2026-09-25T05:00:00@4295.26,1,,NA,NA,,NA,,NA,0,NA,,,2026-09-25T05:15:00,STRUCTURE_FAILED,0
0ea471b757042b4b,M15,L3,LONG,HOLDOUT,2026-09-25T04:00:00,4290.00,4276.99,4290.56,2026-09-25T03:00:00@4264.27;2026-09-25T04:30:00@4295.80;2026-09-25T04:45:00@4286.49,1,,NA,NA,,NA,,NA,0,NA,,,2026-09-25T05:00:00,STRUCTURE_FAILED,0
cf25ece9f5aee44f,M15,L3,SHORT,HOLDOUT,2026-09-25T07:45:00,4262.91,4262.67,4273.34,2026-09-25T06:00:00@4286.29;2026-09-25T08:00:00@4256.37;2026-09-25T08:45:00@4275.86,1,,NA,NA,,NA,,NA,0,NA,,,2026-09-25T09:00:00,STRUCTURE_FAILED,0
54109f28ab32a045,M15,L2,SHORT,HOLDOUT,2026-09-25T08:00:00,4256.86,4256.37,4264.02,2026-09-25T06:00:00@4286.29;2026-09-25T08:00:00@4256.37;2026-09-25T08:45:00@4275.86,1,,NA,NA,,NA,,NA,0,NA,,,2026-09-25T09:00:00,STRUCTURE_FAILED,0
b8da674fe25539ae,M15,L1,LONG,HOLDOUT,2026-09-25T13:00:00,4307.28,4293.98,4308.15,2026-09-25T12:15:00@4289.70;2026-09-25T13:15:00@4309.61;2026-09-25T13:30:00@4302.30,1,,NA,NA,,NA,,NA,0,NA,,,2026-09-25T13:45:00,STRUCTURE_FAILED,0
c803e71f4ab2d945,M15,L2,LONG,HOLDOUT,2026-09-25T13:00:00,4307.28,4293.98,4308.15,2026-09-25T12:15:00@4289.70;2026-09-25T13:15:00@4309.61;2026-09-25T13:30:00@4302.30,1,,NA,NA,,NA,,NA,0,NA,,,2026-09-25T13:45:00,STRUCTURE_FAILED,0
2d31f34ab4f3214d,M15,L3,LONG,HOLDOUT,2026-09-25T13:00:00,4307.28,4293.98,4308.15,2026-09-25T12:15:00@4289.70;2026-09-25T13:15:00@4309.61;2026-09-25T13:30:00@4302.30,1,,NA,NA,,NA,,NA,0,NA,,,2026-09-25T13:45:00,STRUCTURE_FAILED,0
