event_id,tf,level_type,side,sample,break_bar_time,limit_price,zone_low,zone_high,pivots,n_legs,spike_time,spike_price,spike_depth_atr,p1_time,p1_price,p2_time,p2_price,n_pushes,slope,first_live_bar,last_live_bar,end_bar_time,status,in_quarantine
5d0df0a1a9ff8728,M5,L3,LONG,DESIGN,2026-01-05T03:00:00,4416.81,4394.61,4416.97,2026-01-05T02:45:00@4385.02;2026-01-05T03:05:00@4420.75;2026-01-05T03:30:00@4393.12,1,,NA,NA,,NA,,NA,0,NA,,,2026-01-05T03:35:00,STRUCTURE_FAILED,0
30906a4d9234aadd,M5,L2,LONG,DESIGN,2026-01-05T08:25:00,4424.10,4419.34,4426.25,2026-01-05T07:45:00@4400.96;2026-01-05T08:30:00@4426.29;2026-01-05T08:35:00@4416.27,1,,NA,NA,,NA,,NA,0,NA,,,2026-01-05T08:40:00,STRUCTURE_FAILED,0
9aa32b4f88c239d7,M5,L3,LONG,DESIGN,2026-01-05T08:25:00,4424.10,4419.34,4426.25,2026-01-05T07:45:00@4400.96;2026-01-05T08:30:00@4426.29;2026-01-05T08:35:00@4416.27,1,,NA,NA,,NA,,NA,0,NA,,,2026-01-05T08:40:00,STRUCTURE_FAILED,0
b24055fa779bc5fd,M5,L4,LONG,DESIGN,2026-01-05T10:15:00,4427.59,4424.29,4430.28,2026-01-05T10:00:00@4419.41;2026-01-05T10:15:00@4430.28;2026-01-05T10:20:00@4425.85,1,,NA,NA,,NA,,NA,0,NA,,,2026-01-05T10:25:00,STRUCTURE_FAILED,0
6aa30da0f99c6d36,M5,L3,LONG,DESIGN,2026-01-05T17:00:00,4451.93,4436.97,4453.53,2026-01-05T16:35:00@4418.05;2026-01-05T17:05:00@4455.68;2026-01-05T17:10:00@4443.85,1,,NA,NA,,NA,,NA,0,NA,,,2026-01-05T17:15:00,STRUCTURE_FAILED,0
7d8a549652dbda81,M5,L1,LONG,DESIGN,2026-01-06T01:05:00,4457.82,4453.09,4458.11,2026-01-05T23:15:00@4443.34;2026-01-06T01:10:00@4460.25;2026-01-06T01:15:00@4448.88,1,,NA,NA,,NA,,NA,0,NA,,,2026-01-06T01:20:00,STRUCTURE_FAILED,0
6d10a6ac0f633efa,M5,L3,LONG,DESIGN,2026-01-06T01:05:00,4457.82,4453.09,4458.11,2026-01-05T23:15:00@4443.34;2026-01-06T01:10:00@4460.25;2026-01-06T01:15:00@4448.88,1,,NA,NA,,NA,,NA,0,NA,,,2026-01-06T01:20:00,STRUCTURE_FAILED,0
4ecb71090a2eccc0,M5,L3,LONG,DESIGN,2026-01-06T04:25:00,4460.32,4457.57,4460.83,2026-01-06T03:45:00@4438.43;2026-01-06T04:30:00@4461.13;2026-01-06T04:40:00@4448.75,1,,NA,NA,,NA,,NA,0,NA,,,2026-01-06T04:45:00,STRUCTURE_FAILED,0
1277bee9d1d4f417,M5,L4,LONG,DESIGN,2026-01-06T07:00:00,4468.92,4466.91,4469.34,2026-01-06T06:40:00@4461.82;2026-01-06T07:30:00@4474.27;2026-01-06T07:55:00@4449.35,1,,NA,NA,,NA,,NA,0,NA,,,2026-01-06T08:00:00,STRUCTURE_FAILED,0
8163c881b766c8bd,M5,L3,SHORT,DESIGN,2026-01-06T11:45:00,4447.74,4445.43,4456.17,2026-01-06T11:25:00@4457.31;2026-01-06T11:50:00@4444.84;2026-01-06T11:55:00@4452.11,1,,NA,NA,,NA,,NA,0,NA,,,2026-01-06T12:00:00,STRUCTURE_FAILED,0
994402378e00cd4a,M5,L2,LONG,DESIGN,2026-01-06T16:30:00,4478.88,4465.14,4478.96,2026-01-06T16:20:00@4464.54;2026-01-06T17:00:00@4491.01;2026-01-06T17:20:00@4473.82,1,,NA,NA,,NA,,NA,0,NA,,,2026-01-06T17:25:00,STRUCTURE_FAILED,0
e45b70f3e9c268d8,M5,L3,LONG,DESIGN,2026-01-06T16:30:00,4478.88,4465.14,4478.96,2026-01-06T16:20:00@4464.54;2026-01-06T17:00:00@4491.01;2026-01-06T17:20:00@4473.82,1,,NA,NA,,NA,,NA,0,NA,,,2026-01-06T17:25:00,STRUCTURE_FAILED,0
8d0a78a76edff87b,M5,L1,LONG,DESIGN,2026-01-07T01:00:00,4498.48,4495.67,4498.88,2026-01-06T23:55:00@4494.06;2026-01-07T01:05:00@4499.42;2026-01-07T01:10:00@4494.82,1,,NA,NA,,NA,,NA,0,NA,,,2026-01-07T01:15:00,STRUCTURE_FAILED,0
70858c3d80b76380,M5,L3,SHORT,DESIGN,2026-01-07T03:05:00,4476.10,4471.89,4483.56,2026-01-07T03:00:00@4495.97;2026-01-07T03:10:00@4469.38;2026-01-07T03:25:00@4478.90,1,,NA,NA,,NA,,NA,0,NA,,,2026-01-07T03:30:00,STRUCTURE_FAILED,0
ea2a745c42bc378b,M5,L3,SHORT,DESIGN,2026-01-07T07:30:00,4453.97,4453.37,4469.67,2026-01-07T07:25:00@4470.87;2026-01-07T07:45:00@4443.44;2026-01-07T08:20:00@4460.51,1,,NA,NA,,NA,,NA,0,NA,,,2026-01-07T08:25:00,STRUCTURE_FAILED,0
a19b82079486b446,M5,L2,SHORT,DESIGN,2026-01-07T14:15:00,4442.35,4440.35,4448.44,2026-01-07T13:50:00@4454.56;2026-01-07T14:20:00@4439.62;2026-01-07T14:35:00@4455.05,1,,NA,NA,,NA,,NA,0,NA,,,2026-01-07T14:40:00,STRUCTURE_FAILED,0
f80fc4fe1ec74531,M5,L3,SHORT,DESIGN,2026-01-07T14:15:00,4442.35,4440.35,4448.44,2026-01-07T13:50:00@4454.56;2026-01-07T14:20:00@4439.62;2026-01-07T14:35:00@4455.05,1,,NA,NA,,NA,,NA,0,NA,,,2026-01-07T14:40:00,STRUCTURE_FAILED,0
76e7b0525d6a3b30,M5,L3,SHORT,DESIGN,2026-01-07T15:05:00,4429.83,4429.13,4446.82,2026-01-07T14:35:00@4455.05;2026-01-07T15:10:00@4427.66;2026-01-07T15:25:00@4447.25,1,,NA,NA,,NA,,NA,0,NA,,,2026-01-07T15:35:00,STRUCTURE_FAILED,0
3e4a646db4eab0ef,M5,L1,SHORT,DESIGN,2026-01-07T17:10:00,4426.75,4426.66,4442.48,2026-01-07T16:55:00@4452.98;2026-01-07T17:15:00@4423.61;2026-01-07T17:35:00@4452.42,1,,NA,NA,,NA,,NA,0,NA,,,2026-01-07T17:40:00,STRUCTURE_FAILED,0
7fdc0f2ece5f586a,M5,L3,SHORT,DESIGN,2026-01-07T17:10:00,4426.75,4426.66,4442.48,2026-01-07T16:55:00@4452.98;2026-01-07T17:15:00@4423.61;2026-01-07T17:35:00@4452.42,1,,NA,NA,,NA,,NA,0,NA,,,2026-01-07T17:40:00,STRUCTURE_FAILED,0
d4e0d7657ccd5bbd,M5,L3,SHORT,DESIGN,2026-01-08T03:50:00,4444.55,4444.27,4447.82,2026-01-08T03:20:00@4460.29;2026-01-08T03:55:00@4442.03;2026-01-08T04:00:00@4449.67,1,,NA,NA,,NA,,NA,0,NA,,,2026-01-08T04:05:00,STRUCTURE_FAILED,0
5a093ab14f9a016c,M5,L1,SHORT,DESIGN,2026-01-08T07:30:00,4423.11,4419.41,4427.00,2026-01-08T07:20:00@4429.69;2026-01-08T07:30:00@4419.41;2026-01-08T07:40:00@4426.53,1,,NA,NA,,NA,,NA,0,NA,,,2026-01-08T07:45:00,STRUCTURE_FAILED,0
402875dd992dd421,M5,L3,SHORT,DESIGN,2026-01-08T07:30:00,4423.11,4419.41,4427.00,2026-01-08T07:20:00@4429.69;2026-01-08T07:30:00@4419.41;2026-01-08T07:40:00@4426.53,1,,NA,NA,,NA,,NA,0,NA,,,2026-01-08T07:45:00,STRUCTURE_FAILED,0
ee106982384ccb3e,M5,L2,SHORT,DESIGN,2026-01-08T14:10:00,4412.14,4411.85,4419.59,2026-01-08T13:40:00@4428.20;2026-01-08T14:15:00@4407.81;2026-01-08T14:40:00@4431.41,1,,NA,NA,,NA,,NA,0,NA,,,2026-01-08T14:45:00,STRUCTURE_FAILED,0
ab333ea1660c20f9,M5,L3,SHORT,DESIGN,2026-01-08T14:10:00,4412.14,4411.85,4419.59,2026-01-08T13:40:00@4428.20;2026-01-08T14:15:00@4407.81;2026-01-08T14:40:00@4431.41,1,,NA,NA,,NA,,NA,0,NA,,,2026-01-08T14:45:00,STRUCTURE_FAILED,0
0571ae1c09fae4a6,M5,L3,LONG,DESIGN,2026-01-08T17:05:00,4444.63,4434.16,4444.78,2026-01-08T17:00:00@4427.91;2026-01-08T17:15:00@4453.96;2026-01-08T17:25:00@4443.38,1,,NA,NA,,NA,,NA,0,NA,,,2026-01-08T17:30:00,STRUCTURE_FAILED,0
41fb80abc8ecb2a1,M5,L3,LONG,DESIGN,2026-01-08T22:25:00,4469.95,4464.76,4473.53,2026-01-08T21:50:00@4449.70;2026-01-08T22:35:00@4478.06;2026-01-08T22:45:00@4472.01,1,,NA,NA,,NA,,NA,0,NA,,,2026-01-08T22:50:00,STRUCTURE_FAILED,0
b9cdf04cc8febd06,M5,L3,LONG,DESIGN,2026-01-08T22:30:00,4476.25,4469.90,4477.66,2026-01-08T21:50:00@4449.70;2026-01-08T22:35:00@4478.06;2026-01-08T22:45:00@4472.01,1,,NA,NA,,NA,,NA,0,NA,,,2026-01-08T22:50:00,STRUCTURE_FAILED,0
c9205e18e5ab0503,M5,L4,SHORT,DESIGN,2026-01-09T07:20:00,4458.82,4458.17,4463.98,2026-01-09T06:55:00@4466.91;2026-01-09T07:20:00@4458.17;2026-01-09T07:35:00@4471.87,1,,NA,NA,,NA,,NA,0,NA,,,2026-01-09T07:40:00,STRUCTURE_FAILED,0
6f499ab3a9b8246d,M5,L3,LONG,DESIGN,2026-01-09T14:05:00,4477.63,4477.11,4480.66,2026-01-09T13:45:00@4468.79;2026-01-09T14:05:00@4480.66;2026-01-09T14:10:00@4471.99,1,,NA,NA,,NA,,NA,0,NA,,,2026-01-09T14:15:00,STRUCTURE_FAILED,0
5e889261a141ff1a,M5,L3,SHORT,DESIGN,2026-01-09T15:15:00,4463.71,4463.34,4468.88,2026-01-09T15:05:00@4473.71;2026-01-09T15:20:00@4462.12;2026-01-09T15:40:00@4491.83,1,,NA,NA,,NA,,NA,0,NA,,,2026-01-09T15:45:00,STRUCTURE_FAILED,0
004b7d3bb2240e12,M5,L2,LONG,DESIGN,2026-01-09T15:30:00,4487.03,4459.12,4488.47,2026-01-09T15:20:00@4462.12;2026-01-09T15:40:00@4491.83;2026-01-09T15:50:00@4478.96,1,,NA,NA,,NA,,NA,0,NA,,,2026-01-09T16:00:00,STRUCTURE_FAILED,0
7cfa14c09f7e9a44,M5,L3,LONG,DESIGN,2026-01-09T15:30:00,4487.03,4459.12,4488.47,2026-01-09T15:20:00@4462.12;2026-01-09T15:40:00@4491.83;2026-01-09T15:50:00@4478.96,1,,NA,NA,,NA,,NA,0,NA,,,2026-01-09T16:00:00,STRUCTURE_FAILED,0
330dfd01eb44a94e,M5,L3,LONG,DESIGN,2026-01-09T17:20:00,4508.74,4495.28,4510.70,2026-01-09T16:50:00@4479.16;2026-01-09T17:40:00@4517.14;2026-01-09T18:10:00@4499.68,1,,NA,NA,,NA,,NA,0,NA,,,2026-01-09T18:15:00,STRUCTURE_FAILED,0
cc22112fda654b67,M5,L2,LONG,DESIGN,2026-01-12T15:05:00,4601.38,4596.03,4604.58,2026-01-12T14:20:00@4578.36;2026-01-12T15:25:00@4611.09;2026-01-12T15:30:00@4604.90;2026-01-12T15:55:00@4620.37;2026-01-12T16:15:00@4590.68,2,,NA,NA,,NA,,NA,0,NA,,,2026-01-12T16:20:00,STRUCTURE_FAILED,0
4d702e38db56e6c8,M5,L3,LONG,DESIGN,2026-01-12T15:05:00,4601.38,4596.03,4604.58,2026-01-12T14:20:00@4578.36;2026-01-12T15:25:00@4611.09;2026-01-12T15:30:00@4604.90;2026-01-12T15:55:00@4620.37;2026-01-12T16:15:00@4590.68,2,,NA,NA,,NA,,NA,0,NA,,,2026-01-12T16:20:00,STRUCTURE_FAILED,0
6c1d338be3ff9fc8,M5,L3,SHORT,DESIGN,2026-01-13T03:30:00,4577.28,4575.55,4582.50,2026-01-13T03:10:00@4595.66;2026-01-13T03:30:00@4575.55;2026-01-13T03:40:00@4587.22,1,,NA,NA,,NA,,NA,0,NA,,,2026-01-13T03:45:00,STRUCTURE_FAILED,0
bb976993b60a0b51,M5,L3,LONG,DESIGN,2026-01-13T15:05:00,4598.72,4593.59,4598.72,2026-01-13T14:25:00@4577.97;2026-01-13T15:10:00@4605.94;2026-01-13T15:25:00@4599.62;2026-01-13T15:45:00@4620.77;2026-01-13T15:55:00@4607.20;2026-01-13T16:20:00@4623.56,3,2026-01-13T16:30:00,4611.83,2.060460,2026-01-13T18:05:00,4606.64,,NA,1,NA,,,2026-01-13T18:35:00,STRUCTURE_FAILED,0
5c90022eceed2370,M5,L2,LONG,DESIGN,2026-01-13T15:10:00,4602.70,4596.84,4605.94,2026-01-13T14:25:00@4577.97;2026-01-13T15:10:00@4605.94;2026-01-13T15:25:00@4599.62,1,,NA,NA,,NA,,NA,0,NA,,,2026-01-13T15:30:00,STRUCTURE_FAILED,0
0fd1c07575dae38b,M5,L3,LONG,DESIGN,2026-01-13T15:10:00,4602.70,4596.84,4605.94,2026-01-13T14:25:00@4577.97;2026-01-13T15:10:00@4605.94;2026-01-13T15:25:00@4599.62,1,,NA,NA,,NA,,NA,0,NA,,,2026-01-13T15:30:00,STRUCTURE_FAILED,0
0f5bccf9a3f15e48,M5,L1,LONG,DESIGN,2026-01-13T16:45:00,4633.71,4624.65,4634.16,2026-01-13T16:30:00@4611.83;2026-01-13T16:50:00@4634.44;2026-01-13T17:00:00@4614.32,1,,NA,NA,,NA,,NA,0,NA,,,2026-01-13T17:05:00,STRUCTURE_FAILED,0
61b9b300898a4ba6,M5,L3,LONG,DESIGN,2026-01-13T16:45:00,4633.71,4624.65,4634.16,2026-01-13T16:30:00@4611.83;2026-01-13T16:50:00@4634.44;2026-01-13T17:00:00@4614.32,1,,NA,NA,,NA,,NA,0,NA,,,2026-01-13T17:05:00,STRUCTURE_FAILED,0
58e4d9bc47b9a226,M5,L3,SHORT,DESIGN,2026-01-13T22:30:00,4572.37,4571.02,4589.30,2026-01-13T21:55:00@4599.05;2026-01-13T22:35:00@4569.81;2026-01-13T22:45:00@4589.32,1,,NA,NA,,NA,,NA,0,NA,,,2026-01-13T22:55:00,STRUCTURE_FAILED,0
50100b8016e7fcc6,M5,L1,LONG,DESIGN,2026-01-14T07:00:00,4638.52,4629.32,4639.43,2026-01-14T06:25:00@4625.34;2026-01-14T07:00:00@4639.43;2026-01-14T07:20:00@4630.90,1,,NA,NA,,NA,,NA,0,NA,,,2026-01-14T07:25:00,STRUCTURE_FAILED,0
4523d5511122a931,M5,L3,LONG,DESIGN,2026-01-14T07:00:00,4638.52,4629.32,4639.43,2026-01-14T06:25:00@4625.34;2026-01-14T07:00:00@4639.43;2026-01-14T07:20:00@4630.90,1,,NA,NA,,NA,,NA,0,NA,,,2026-01-14T07:25:00,STRUCTURE_FAILED,0
ca0abce7cdb0da30,M5,L3,LONG,DESIGN,2026-01-14T21:40:00,4639.98,4638.94,4640.37,2026-01-14T21:35:00@4634.57;2026-01-14T21:50:00@4641.40;2026-01-14T22:05:00@4626.31,1,,NA,NA,,NA,,NA,0,NA,,,2026-01-14T22:10:00,STRUCTURE_FAILED,0
5e7853f3ad3670bc,M5,L3,SHORT,DESIGN,2026-01-15T03:20:00,4598.01,4597.70,4605.81,2026-01-15T03:10:00@4616.84;2026-01-15T03:30:00@4583.56;2026-01-15T03:55:00@4607.15,1,,NA,NA,,NA,,NA,0,NA,,,2026-01-15T04:00:00,STRUCTURE_FAILED,0
86e6486a55b14bed,M5,L1,SHORT,DESIGN,2026-01-15T05:20:00,4587.42,4582.68,4591.23,2026-01-15T04:55:00@4605.25;2026-01-15T05:25:00@4581.31;2026-01-15T05:40:00@4597.33,1,,NA,NA,,NA,,NA,0,NA,,,2026-01-15T05:45:00,STRUCTURE_FAILED,0
b79650dab4b00d9e,M5,L3,LONG,DESIGN,2026-01-15T12:20:00,4615.03,4612.47,4615.64,2026-01-15T12:00:00@4609.40;2026-01-15T12:20:00@4615.64;2026-01-15T12:30:00@4610.65,1,,NA,NA,,NA,,NA,0,NA,,,2026-01-15T12:35:00,STRUCTURE_FAILED,0
0a21ee43080c6a94,M5,L2,LONG,DESIGN,2026-01-15T12:45:00,4618.91,4617.06,4619.76,2026-01-15T12:30:00@4610.65;2026-01-15T13:00:00@4621.57;2026-01-15T13:15:00@4617.42,1,,NA,NA,,NA,,NA,0,NA,,,2026-01-15T13:20:00,STRUCTURE_FAILED,0
b7805f143697c185,M5,L3,SHORT,DESIGN,2026-01-16T02:50:00,4600.05,4598.49,4600.89,2026-01-16T02:20:00@4611.43;2026-01-16T02:50:00@4598.49;2026-01-16T02:55:00@4602.33,1,,NA,NA,,NA,,NA,0,NA,,,2026-01-16T03:00:00,STRUCTURE_FAILED,0
8dca990d234fc94e,M5,L2,SHORT,DESIGN,2026-01-16T15:15:00,4587.40,4583.54,4597.77,2026-01-16T15:00:00@4605.84;2026-01-16T15:25:00@4582.66;2026-01-16T16:15:00@4609.55,1,,NA,NA,,NA,,NA,0,NA,,,2026-01-16T16:20:00,STRUCTURE_FAILED,0
5202d90741a3d3e3,M5,L3,SHORT,DESIGN,2026-01-16T15:15:00,4587.40,4583.54,4597.77,2026-01-16T15:00:00@4605.84;2026-01-16T15:25:00@4582.66;2026-01-16T16:15:00@4609.55,1,,NA,NA,,NA,,NA,0,NA,,,2026-01-16T16:20:00,STRUCTURE_FAILED,0
4dd3e1d2c657654d,M5,L2,LONG,DESIGN,2026-01-16T17:05:00,4617.02,4614.91,4620.21,2026-01-16T16:55:00@4607.45;2026-01-16T17:05:00@4620.21;2026-01-16T17:30:00@4536.59,1,,NA,NA,,NA,,NA,0,NA,,,2026-01-16T17:35:00,STRUCTURE_FAILED,0
e3c756bbcddb880b,M5,L3,LONG,DESIGN,2026-01-16T17:05:00,4617.02,4614.91,4620.21,2026-01-16T16:55:00@4607.45;2026-01-16T17:05:00@4620.21;2026-01-16T17:30:00@4536.59,1,,NA,NA,,NA,,NA,0,NA,,,2026-01-16T17:35:00,STRUCTURE_FAILED,0
b5ec286c409c8118,M5,L1,SHORT,DESIGN,2026-01-16T17:25:00,4565.22,4564.74,4592.98,2026-01-16T17:05:00@4620.21;2026-01-16T17:30:00@4536.59;2026-01-16T18:40:00@4599.02,1,,NA,NA,,NA,,NA,0,NA,,,2026-01-16T18:45:00,STRUCTURE_FAILED,0
83567e54065fe87f,M5,L3,SHORT,DESIGN,2026-01-16T17:25:00,4565.22,4564.74,4592.98,2026-01-16T17:05:00@4620.21;2026-01-16T17:30:00@4536.59;2026-01-16T18:40:00@4599.02,1,,NA,NA,,NA,,NA,0,NA,,,2026-01-16T18:45:00,STRUCTURE_FAILED,0
dcedfe59b1627d6b,M5,L3,LONG,DESIGN,2026-01-19T01:00:00,4648.90,4626.66,4650.97,2026-01-16T23:25:00@4591.42;2026-01-19T01:05:00@4661.88;2026-01-19T01:15:00@4653.98;2026-01-19T01:30:00@4690.70;2026-01-19T01:40:00@4663.97;2026-01-19T01:45:00@4675.44,2,,NA,NA,,NA,,NA,0,NA,,,2026-01-19T01:50:00,STRUCTURE_FAILED,0
c767fc0d5d5592ca,M5,L4,LONG,DESIGN,2026-01-19T14:15:00,4670.30,4665.72,4672.20,2026-01-19T13:55:00@4659.75;2026-01-19T14:40:00@4673.73;2026-01-19T14:50:00@4668.02,1,,NA,NA,,NA,,NA,0,NA,,,2026-01-19T14:55:00,STRUCTURE_FAILED,0
f8885af4dece714e,M5,L3,LONG,DESIGN,2026-01-19T20:20:00,4679.10,4675.87,4680.26,2026-01-19T20:00:00@4673.73;2026-01-19T20:20:00@4680.26;2026-01-19T20:35:00@4675.15,1,,NA,NA,,NA,,NA,0,NA,,,2026-01-19T20:40:00,STRUCTURE_FAILED,0
88121a862a5e7748,M5,L3,LONG,DESIGN,2026-01-20T06:10:00,4680.48,4679.56,4680.97,2026-01-20T06:10:00@4679.56;2026-01-20T07:10:00@4701.35;2026-01-20T07:20:00@4694.77;2026-01-20T07:55:00@4716.70;2026-01-20T08:00:00@4707.34;2026-01-20T08:05:00@4717.27;2026-01-20T08:40:00@4705.54,3,,NA,NA,,NA,,NA,0,NA,,,2026-01-20T08:45:00,NO_SPIKE,0
6b4258ffdcde4cdd,M5,L1,LONG,DESIGN,2026-01-20T06:45:00,4693.18,4688.79,4694.27,2026-01-20T06:10:00@4679.56;2026-01-20T07:10:00@4701.35;2026-01-20T07:20:00@4694.77;2026-01-20T07:55:00@4716.70;2026-01-20T08:00:00@4707.34;2026-01-20T08:05:00@4717.27;2026-01-20T08:40:00@4705.54,3,,NA,NA,,NA,,NA,0,NA,,,2026-01-20T08:45:00,NO_SPIKE,0
7c2f418c934f34c7,M5,L3,LONG,DESIGN,2026-01-20T06:45:00,4693.18,4688.79,4694.27,2026-01-20T06:10:00@4679.56;2026-01-20T07:10:00@4701.35;2026-01-20T07:20:00@4694.77;2026-01-20T07:55:00@4716.70;2026-01-20T08:00:00@4707.34;2026-01-20T08:05:00@4717.27;2026-01-20T08:40:00@4705.54,3,,NA,NA,,NA,,NA,0,NA,,,2026-01-20T08:45:00,NO_SPIKE,0
5158169ee5907788,M5,L2,LONG,DESIGN,2026-01-20T09:20:00,4719.26,4714.82,4720.66,2026-01-20T08:40:00@4705.54;2026-01-20T09:25:00@4722.23;2026-01-20T09:30:00@4716.81,1,,NA,NA,,NA,,NA,0,NA,,,2026-01-20T09:35:00,STRUCTURE_FAILED,0
fbc27cd746a27921,M5,L3,LONG,DESIGN,2026-01-20T16:00:00,4741.40,4735.84,4748.56,2026-01-20T15:35:00@4719.26;2026-01-20T16:00:00@4748.56;2026-01-20T16:05:00@4732.44,1,,NA,NA,,NA,,NA,0,NA,,,2026-01-20T16:10:00,STRUCTURE_FAILED,0
53bc9614cdf0e402,M5,L1,LONG,DESIGN,2026-01-21T01:40:00,4773.62,4763.27,4773.66,2026-01-21T01:25:00@4758.06;2026-01-21T01:45:00@4781.15;2026-01-21T02:00:00@4770.80,1,,NA,NA,,NA,,NA,0,NA,,,2026-01-21T02:05:00,STRUCTURE_FAILED,0
9b55424b9c1087cc,M5,L3,LONG,DESIGN,2026-01-21T01:40:00,4773.62,4763.27,4773.66,2026-01-21T01:25:00@4758.06;2026-01-21T01:45:00@4781.15;2026-01-21T02:00:00@4770.80,1,,NA,NA,,NA,,NA,0,NA,,,2026-01-21T02:05:00,STRUCTURE_FAILED,0
10723a3d36fd06e7,M5,L2,LONG,DESIGN,2026-01-21T08:20:00,4879.58,4870.09,4880.39,2026-01-21T08:05:00@4864.34;2026-01-21T08:25:00@4888.52;2026-01-21T08:45:00@4853.81,1,,NA,NA,,NA,,NA,0,NA,,,2026-01-21T08:50:00,STRUCTURE_FAILED,0
61cf3cda4218cdb6,M5,L4,LONG,DESIGN,2026-01-21T13:20:00,4870.33,4868.80,4871.45,2026-01-21T13:00:00@4860.84;2026-01-21T13:20:00@4871.45;2026-01-21T13:45:00@4855.27,1,,NA,NA,,NA,,NA,0,NA,,,2026-01-21T13:50:00,STRUCTURE_FAILED,0
5fb5037cf80bc8af,M5,L3,LONG,DESIGN,2026-01-21T15:35:00,4878.39,4870.98,4878.60,2026-01-21T15:20:00@4861.79;2026-01-21T15:40:00@4879.14;2026-01-21T15:50:00@4870.01,1,,NA,NA,,NA,,NA,0,NA,,,2026-01-21T15:55:00,STRUCTURE_FAILED,0
bbd82cfe53b22fa4,M5,L3,SHORT,DESIGN,2026-01-21T17:15:00,4831.32,4829.21,4861.77,2026-01-21T17:05:00@4868.68;2026-01-21T17:20:00@4812.82;2026-01-21T18:05:00@4855.75,1,,NA,NA,,NA,,NA,0,NA,,,2026-01-21T18:10:00,STRUCTURE_FAILED,0
379ec4d839eefc07,M5,L4,LONG,DESIGN,2026-01-22T07:45:00,4807.75,4800.80,4807.77,2026-01-22T07:35:00@4795.51;2026-01-22T08:00:00@4824.92;2026-01-22T08:10:00@4816.35;2026-01-22T08:25:00@4829.21;2026-01-22T08:50:00@4821.42;2026-01-22T09:15:00@4837.69;2026-01-22T09:20:00@4830.11;2026-01-22T09:40:00@4839.03;2026-01-22T09:55:00@4830.78;2026-01-22T10:00:00@4835.31,4,,NA,NA,,NA,,NA,0,NA,,,2026-01-22T10:05:00,NO_SPIKE,0
caaf6e0ce6fc2d5e,M5,L2,LONG,DESIGN,2026-01-22T08:00:00,4823.05,4819.94,4824.92,2026-01-22T07:35:00@4795.51;2026-01-22T08:00:00@4824.92;2026-01-22T08:10:00@4816.35,1,,NA,NA,,NA,,NA,0,NA,,,2026-01-22T08:15:00,STRUCTURE_FAILED,0
d1c98499b6908cab,M5,L3,SHORT,DESIGN,2026-01-22T15:40:00,4813.83,4810.96,4822.06,2026-01-22T15:35:00@4825.28;2026-01-22T15:45:00@4810.78;2026-01-22T16:30:00@4847.57,1,,NA,NA,,NA,,NA,0,NA,,,2026-01-22T16:35:00,STRUCTURE_FAILED,0
1254666d3ae37aa3,M5,L3,LONG,DESIGN,2026-01-22T16:30:00,4842.67,4828.14,4847.57,2026-01-22T15:45:00@4810.78;2026-01-22T16:30:00@4847.57;2026-01-22T16:35:00@4833.45,1,,NA,NA,,NA,,NA,0,NA,,,2026-01-22T16:40:00,STRUCTURE_FAILED,0
5f2028323d3e2b2f,M5,L3,LONG,DESIGN,2026-01-22T17:30:00,4863.56,4853.31,4864.79,2026-01-22T17:00:00@4826.97;2026-01-22T18:25:00@4880.59;2026-01-22T18:30:00@4873.06;2026-01-22T18:50:00@4885.26;2026-01-22T19:05:00@4869.93,2,,NA,NA,,NA,,NA,0,NA,,,2026-01-22T19:10:00,STRUCTURE_FAILED,0
49df6e49a78205bf,M5,L3,LONG,DESIGN,2026-01-22T18:35:00,4882.69,4876.12,4884.72,2026-01-22T18:30:00@4873.06;2026-01-22T18:50:00@4885.26;2026-01-22T19:05:00@4869.93,1,,NA,NA,,NA,,NA,0,NA,,,2026-01-22T19:10:00,STRUCTURE_FAILED,0
8c9273687297183f,M5,L1,LONG,DESIGN,2026-01-22T19:25:00,4889.81,4886.32,4893.99,2026-01-22T19:05:00@4869.93;2026-01-22T20:10:00@4915.19;2026-01-22T20:25:00@4907.02;2026-01-22T21:10:00@4924.35;2026-01-22T21:25:00@4909.68;2026-01-22T21:30:00@4918.10,2,,NA,NA,,NA,,NA,0,NA,,,2026-01-22T21:45:00,STRUCTURE_FAILED,0
d9d7f0325ebdc1ff,M5,L3,LONG,DESIGN,2026-01-22T19:25:00,4889.81,4886.32,4893.99,2026-01-22T19:05:00@4869.93;2026-01-22T20:10:00@4915.19;2026-01-22T20:25:00@4907.02;2026-01-22T21:10:00@4924.35;2026-01-22T21:25:00@4909.68;2026-01-22T21:30:00@4918.10,2,,NA,NA,,NA,,NA,0,NA,,,2026-01-22T21:45:00,STRUCTURE_FAILED,0
0abd38525f77c8e6,M5,L2,SHORT,DESIGN,2026-01-23T10:20:00,4920.98,4920.50,4939.45,2026-01-23T10:05:00@4947.80;2026-01-23T10:25:00@4901.55;2026-01-23T10:40:00@4926.40,1,,NA,NA,,NA,,NA,0,NA,,,2026-01-23T10:45:00,STRUCTURE_FAILED,0
249c17e745806f5a,M5,L2,LONG,DESIGN,2026-01-23T18:05:00,4973.95,4961.27,4974.39,2026-01-23T17:50:00@4951.36;2026-01-23T18:30:00@4987.95;2026-01-23T18:45:00@4975.83;2026-01-23T19:15:00@4987.87,1,,NA,NA,,NA,,NA,0,NA,,,2026-01-23T19:25:00,STRUCTURE_FAILED,0
fadac563e4f9c297,M5,L3,LONG,DESIGN,2026-01-23T18:05:00,4973.95,4961.27,4974.39,2026-01-23T17:50:00@4951.36;2026-01-23T18:30:00@4987.95;2026-01-23T18:45:00@4975.83;2026-01-23T19:15:00@4987.87,1,,NA,NA,,NA,,NA,0,NA,,,2026-01-23T19:25:00,STRUCTURE_FAILED,0
a6562faf56f1e79f,M5,L2,LONG,DESIGN,2026-01-26T08:45:00,5106.92,5091.98,5110.10,2026-01-26T08:15:00@5065.49;2026-01-26T08:50:00@5111.13;2026-01-26T09:00:00@5074.17,1,,NA,NA,,NA,,NA,0,NA,,,2026-01-26T09:05:00,STRUCTURE_FAILED,0
4afc8a5e6df41b9c,M5,L3,LONG,DESIGN,2026-01-26T08:45:00,5106.92,5091.98,5110.10,2026-01-26T08:15:00@5065.49;2026-01-26T08:50:00@5111.13;2026-01-26T09:00:00@5074.17,1,,NA,NA,,NA,,NA,0,NA,,,2026-01-26T09:05:00,STRUCTURE_FAILED,0
18714285b7d1ed5f,M5,L4,SHORT,DESIGN,2026-01-26T10:50:00,5082.91,5080.08,5089.78,2026-01-26T10:35:00@5098.29;2026-01-26T10:50:00@5080.08;2026-01-26T11:05:00@5092.87,1,,NA,NA,,NA,,NA,0,NA,,,2026-01-26T11:10:00,STRUCTURE_FAILED,0
93b67214739f64e1,M5,L3,LONG,DESIGN,2026-01-26T18:00:00,5100.04,5089.64,5102.88,2026-01-26T17:40:00@5073.88;2026-01-26T18:05:00@5104.81;2026-01-26T18:35:00@5065.40,1,,NA,NA,,NA,,NA,0,NA,,,2026-01-26T18:40:00,STRUCTURE_FAILED,0
31c406321052d880,M5,L3,SHORT,DESIGN,2026-01-26T21:00:00,5045.68,5035.67,5069.61,2026-01-26T20:50:00@5082.93;2026-01-26T21:00:00@5035.67;2026-01-26T21:10:00@5062.93,1,,NA,NA,,NA,,NA,0,NA,,,2026-01-26T21:15:00,STRUCTURE_FAILED,0
ef0f2226abb06945,M5,L3,LONG,DESIGN,2026-01-27T07:45:00,5079.98,5074.64,5082.23,2026-01-27T07:10:00@5057.55;2026-01-27T07:50:00@5085.18;2026-01-27T07:55:00@5078.67,1,,NA,NA,,NA,,NA,0,NA,,,2026-01-27T08:00:00,STRUCTURE_FAILED,0
31bb097b8d9f7790,M5,L2,LONG,DESIGN,2026-01-27T08:20:00,5087.38,5079.69,5087.58,2026-01-27T08:10:00@5076.74;2026-01-27T08:25:00@5087.64;2026-01-27T08:30:00@5079.03,1,,NA,NA,,NA,,NA,0,NA,,,2026-01-27T08:35:00,STRUCTURE_FAILED,0
d0ac832c26e0c973,M5,L3,SHORT,DESIGN,2026-01-27T13:50:00,5072.22,5066.98,5077.29,2026-01-27T13:35:00@5087.94;2026-01-27T13:50:00@5066.98;2026-01-27T14:05:00@5082.50,1,,NA,NA,,NA,,NA,0,NA,,,2026-01-27T14:15:00,STRUCTURE_FAILED,0
84e7ca00721c2628,M5,L3,SHORT,DESIGN,2026-01-27T16:10:00,5060.23,5055.06,5071.70,2026-01-27T15:50:00@5082.38;2026-01-27T16:15:00@5046.46;2026-01-27T16:40:00@5082.54,1,,NA,NA,,NA,,NA,0,NA,,,2026-01-27T16:45:00,STRUCTURE_FAILED,0
1f05768d4bf5e45e,M5,L3,SHORT,DESIGN,2026-01-27T16:15:00,5055.35,5046.46,5063.60,2026-01-27T15:50:00@5082.38;2026-01-27T16:15:00@5046.46;2026-01-27T16:40:00@5082.54,1,,NA,NA,,NA,,NA,0,NA,,,2026-01-27T16:45:00,STRUCTURE_FAILED,0
1ae5f71ec55d09fc,M5,L3,LONG,DESIGN,2026-01-27T18:10:00,5095.09,5090.48,5098.58,2026-01-27T17:00:00@5047.30;2026-01-27T18:20:00@5103.17;2026-01-27T19:05:00@5080.42,1,,NA,NA,,NA,,NA,0,NA,,,2026-01-27T19:10:00,STRUCTURE_FAILED,0
f8b7363eb42837d0,M5,L1,LONG,DESIGN,2026-01-27T22:00:00,5118.99,5097.94,5121.15,2026-01-27T21:05:00@5081.12;2026-01-27T22:10:00@5142.98;2026-01-27T22:15:00@5131.93;2026-01-27T22:20:00@5151.31;2026-01-27T22:30:00@5132.68;2026-01-27T23:00:00@5188.08;2026-01-27T23:25:00@5169.46;2026-01-27T23:45:00@5190.34,4,2026-01-28T01:00:00,5166.63,2.321711,2026-01-28T01:45:00,5163.80,2026-01-28T02:05:00,5157.19,2,-1.65250000,2026-01-28T03:45:00,2026-01-28T04:15:00,2026-01-28T04:20:00,LINE_PASSED,0
736f1cdeb4e8d535,M5,L3,LONG,DESIGN,2026-01-27T22:00:00,5118.99,5097.94,5121.15,2026-01-27T21:05:00@5081.12;2026-01-27T22:10:00@5142.98;2026-01-27T22:15:00@5131.93;2026-01-27T22:20:00@5151.31;2026-01-27T22:30:00@5132.68;2026-01-27T23:00:00@5188.08;2026-01-27T23:25:00@5169.46;2026-01-27T23:45:00@5190.34,4,2026-01-28T01:00:00,5166.63,2.321711,2026-01-28T01:45:00,5163.80,2026-01-28T02:05:00,5157.19,2,-1.65250000,2026-01-28T03:45:00,2026-01-28T04:15:00,2026-01-28T04:20:00,LINE_PASSED,0
050ce2a4cf7e44cc,M5,L1,LONG,DESIGN,2026-01-28T03:05:00,5196.73,5181.80,5201.98,2026-01-28T02:05:00@5157.19;2026-01-28T03:05:00@5201.98;2026-01-28T03:10:00@5175.21,1,,NA,NA,,NA,,NA,0,NA,,,2026-01-28T03:15:00,STRUCTURE_FAILED,0
946bd5fefeea4113,M5,L3,LONG,DESIGN,2026-01-28T03:05:00,5196.73,5181.80,5201.98,2026-01-28T02:05:00@5157.19;2026-01-28T03:05:00@5201.98;2026-01-28T03:10:00@5175.21,1,,NA,NA,,NA,,NA,0,NA,,,2026-01-28T03:15:00,STRUCTURE_FAILED,0
004a01520bc3f0cd,M5,L2,LONG,DESIGN,2026-01-28T08:50:00,5266.66,5261.88,5271.35,2026-01-28T08:45:00@5257.25;2026-01-28T08:50:00@5271.35;2026-01-28T09:00:00@5263.07,1,,NA,NA,,NA,,NA,0,NA,,,2026-01-28T09:05:00,STRUCTURE_FAILED,0
c954ef543703013b,M5,L4,LONG,DESIGN,2026-01-28T08:50:00,5266.66,5261.88,5271.35,2026-01-28T08:45:00@5257.25;2026-01-28T08:50:00@5271.35;2026-01-28T09:00:00@5263.07,1,,NA,NA,,NA,,NA,0,NA,,,2026-01-28T09:05:00,STRUCTURE_FAILED,0
908bf5e965714a1a,M5,L3,LONG,DESIGN,2026-01-28T20:20:00,5321.50,5310.38,5326.17,2026-01-28T20:00:00@5292.65;2026-01-28T20:20:00@5326.17;2026-01-28T20:35:00@5268.29,1,,NA,NA,,NA,,NA,0,NA,,,2026-01-28T20:40:00,STRUCTURE_FAILED,0
d07b2da10b1c8554,M5,L3,SHORT,DESIGN,2026-01-29T17:00:00,5457.66,5439.91,5497.37,2026-01-29T16:50:00@5517.28;2026-01-29T17:15:00@5280.38;2026-01-29T17:20:00@5368.14;2026-01-29T17:25:00@5113.59;2026-01-29T17:30:00@5257.78;2026-01-29T17:35:00@5104.68;2026-01-29T17:40:00@5204.66;2026-01-29T17:45:00@5116.90,3,,NA,NA,,NA,,NA,0,NA,,,2026-01-29T17:50:00,NO_SPIKE,0
f8810033b7a3d56e,M5,L2,SHORT,DESIGN,2026-01-29T17:05:00,5413.74,5405.31,5471.70,2026-01-29T16:50:00@5517.28;2026-01-29T17:15:00@5280.38;2026-01-29T17:20:00@5368.14;2026-01-29T17:25:00@5113.59;2026-01-29T17:30:00@5257.78;2026-01-29T17:35:00@5104.68;2026-01-29T17:40:00@5204.66;2026-01-29T17:45:00@5116.90,3,,NA,NA,,NA,,NA,0,NA,,,2026-01-29T17:50:00,NO_SPIKE,0
643a78ecd3d67cae,M5,L3,SHORT,DESIGN,2026-01-29T17:25:00,5188.43,5113.59,5310.84,2026-01-29T17:20:00@5368.14;2026-01-29T17:25:00@5113.59;2026-01-29T17:30:00@5257.78,1,,NA,NA,,NA,,NA,0,NA,,,2026-01-29T17:35:00,STRUCTURE_FAILED,0
b393dfa8e2702f68,M5,L1,SHORT,DESIGN,2026-01-29T17:40:00,5122.15,5107.64,5204.66,2026-01-29T17:40:00@5204.66;2026-01-29T17:45:00@5116.90;2026-01-29T18:30:00@5311.21,1,,NA,NA,,NA,,NA,0,NA,,,2026-01-29T18:35:00,STRUCTURE_FAILED,0
4111d68481b9f39f,M5,L3,SHORT,DESIGN,2026-01-29T17:40:00,5122.15,5107.64,5204.66,2026-01-29T17:40:00@5204.66;2026-01-29T17:45:00@5116.90;2026-01-29T18:30:00@5311.21,1,,NA,NA,,NA,,NA,0,NA,,,2026-01-29T18:35:00,STRUCTURE_FAILED,0
8d5ff52fd6a6b879,M5,L4,SHORT,DESIGN,2026-01-29T21:30:00,5293.84,5291.22,5319.51,2026-01-29T21:15:00@5332.53;2026-01-29T21:35:00@5290.21;2026-01-29T21:40:00@5327.27,1,,NA,NA,,NA,,NA,0,NA,,,2026-01-29T21:50:00,STRUCTURE_FAILED,0
e3bb0f8cc5ad6092,M5,L3,SHORT,DESIGN,2026-01-30T04:05:00,5273.55,5271.23,5306.57,2026-01-30T03:50:00@5345.05;2026-01-30T04:20:00@5112.08;2026-01-30T04:25:00@5191.99;2026-01-30T04:30:00@5140.14,1,,NA,NA,,NA,,NA,0,NA,,,2026-01-30T04:35:00,STRUCTURE_FAILED,0
d251dcdde210d9a3,M5,L4,SHORT,DESIGN,2026-01-30T07:55:00,5184.78,5179.79,5216.05,2026-01-30T07:35:00@5239.99;2026-01-30T07:55:00@5179.79;2026-01-30T08:00:00@5203.59,1,,NA,NA,,NA,,NA,0,NA,,,2026-01-30T08:05:00,STRUCTURE_FAILED,0
5ab485a4175faa4a,M5,L1,SHORT,DESIGN,2026-01-30T10:30:00,5078.52,5074.92,5154.84,2026-01-30T10:20:00@5170.88;2026-01-30T10:35:00@5057.41;2026-01-30T11:00:00@5131.77,1,,NA,NA,,NA,,NA,0,NA,,,2026-01-30T11:05:00,STRUCTURE_FAILED,0
4002f17cab024796,M5,L2,SHORT,DESIGN,2026-01-30T10:30:00,5078.52,5074.92,5154.84,2026-01-30T10:20:00@5170.88;2026-01-30T10:35:00@5057.41;2026-01-30T11:00:00@5131.77,1,,NA,NA,,NA,,NA,0,NA,,,2026-01-30T11:05:00,STRUCTURE_FAILED,0
d358631996f38073,M5,L3,SHORT,DESIGN,2026-01-30T10:30:00,5078.52,5074.92,5154.84,2026-01-30T10:20:00@5170.88;2026-01-30T10:35:00@5057.41;2026-01-30T11:00:00@5131.77,1,,NA,NA,,NA,,NA,0,NA,,,2026-01-30T11:05:00,STRUCTURE_FAILED,0
fb15b9bc7fb26fd2,M5,L3,SHORT,DESIGN,2026-01-30T11:05:00,5061.48,5057.28,5116.76,2026-01-30T11:00:00@5131.77;2026-01-30T11:10:00@5014.03;2026-01-30T11:15:00@5070.12,1,,NA,NA,,NA,,NA,0,NA,,,2026-01-30T11:25:00,STRUCTURE_FAILED,0
bd37a00ec75991a8,M5,L3,SHORT,DESIGN,2026-01-30T11:10:00,5028.71,5014.03,5069.59,2026-01-30T11:00:00@5131.77;2026-01-30T11:10:00@5014.03;2026-01-30T11:15:00@5070.12,1,,NA,NA,,NA,,NA,0,NA,,,2026-01-30T11:25:00,STRUCTURE_FAILED,0
8f9efffcd04a6526,M5,L3,SHORT,DESIGN,2026-01-30T11:40:00,4976.46,4976.46,5036.53,2026-01-30T11:30:00@5068.68;2026-01-30T11:50:00@4938.83;2026-01-30T12:00:00@5053.09,1,,NA,NA,,NA,,NA,0,NA,,,2026-01-30T12:05:00,STRUCTURE_FAILED,0
995a937766d19a82,M5,L3,SHORT,DESIGN,2026-01-30T19:05:00,4930.96,4927.81,4975.94,2026-01-30T18:55:00@4986.77;2026-01-30T19:10:00@4899.57;2026-01-30T19:15:00@4938.29,1,,NA,NA,,NA,,NA,0,NA,,,2026-01-30T19:20:00,STRUCTURE_FAILED,0
cd1960ea325ace86,M5,L1,SHORT,DESIGN,2026-02-02T03:05:00,4657.04,4657.04,4766.80,2026-02-02T02:20:00@4884.96;2026-02-02T03:10:00@4585.85;2026-02-02T03:20:00@4710.01,1,,NA,NA,,NA,,NA,0,NA,,,2026-02-02T03:25:00,STRUCTURE_FAILED,0
1db0a734ad613e86,M5,L3,SHORT,DESIGN,2026-02-02T03:05:00,4657.04,4657.04,4766.80,2026-02-02T02:20:00@4884.96;2026-02-02T03:10:00@4585.85;2026-02-02T03:20:00@4710.01,1,,NA,NA,,NA,,NA,0,NA,,,2026-02-02T03:25:00,STRUCTURE_FAILED,0
d4db87bb08c565ac,M5,L3,SHORT,DESIGN,2026-02-02T07:40:00,4576.68,4572.95,4625.07,2026-02-02T06:45:00@4713.31;2026-02-02T07:50:00@4498.00;2026-02-02T08:00:00@4573.23,1,,NA,NA,,NA,,NA,0,NA,,,2026-02-02T08:05:00,STRUCTURE_FAILED,0
7e98489d6a22afd6,M5,L2,SHORT,DESIGN,2026-02-02T08:20:00,4465.01,4448.34,4532.85,2026-02-02T08:10:00@4563.29;2026-02-02T08:25:00@4433.33;2026-02-02T08:30:00@4500.94,1,,NA,NA,,NA,,NA,0,NA,,,2026-02-02T08:35:00,STRUCTURE_FAILED,0
da10110f20411b84,M5,L3,LONG,DESIGN,2026-02-03T02:20:00,4815.89,4801.43,4821.43,2026-02-03T02:10:00@4766.09;2026-02-03T02:35:00@4830.49;2026-02-03T03:00:00@4766.11,1,,NA,NA,,NA,,NA,0,NA,,,2026-02-03T03:05:00,STRUCTURE_FAILED,0
a0f223a07a1cbd1c,M5,L2,LONG,DESIGN,2026-02-03T08:20:00,4860.78,4847.42,4863.03,2026-02-03T07:45:00@4813.28;2026-02-03T08:45:00@4894.42;2026-02-03T08:50:00@4864.83;2026-02-03T09:40:00@4933.52;2026-02-03T09:50:00@4912.71;2026-02-03T09:55:00@4927.29,2,,NA,NA,,NA,,NA,0,NA,,,2026-02-03T10:00:00,STRUCTURE_FAILED,0
01f521e3932e75fb,M5,L3,LONG,DESIGN,2026-02-03T08:20:00,4860.78,4847.42,4863.03,2026-02-03T07:45:00@4813.28;2026-02-03T08:45:00@4894.42;2026-02-03T08:50:00@4864.83;2026-02-03T09:40:00@4933.52;2026-02-03T09:50:00@4912.71;2026-02-03T09:55:00@4927.29,2,,NA,NA,,NA,,NA,0,NA,,,2026-02-03T10:00:00,STRUCTURE_FAILED,0
d6a0a518f41c610d,M5,L1,LONG,DESIGN,2026-02-03T08:40:00,4891.86,4873.20,4893.88,2026-02-03T07:45:00@4813.28;2026-02-03T08:45:00@4894.42;2026-02-03T08:50:00@4864.83,1,,NA,NA,,NA,,NA,0,NA,,,2026-02-03T08:55:00,STRUCTURE_FAILED,0
d022eaec1a1617d6,M5,L3,LONG,DESIGN,2026-02-03T18:15:00,4967.10,4941.55,4971.12,2026-02-03T18:05:00@4930.14;2026-02-03T18:25:00@4980.83;2026-02-03T18:30:00@4964.04,1,,NA,NA,,NA,,NA,0,NA,,,2026-02-03T18:35:00,STRUCTURE_FAILED,0
6721313c524519b5,M5,L3,SHORT,DESIGN,2026-02-03T21:05:00,4881.58,4880.45,4893.53,2026-02-03T20:55:00@4914.78;2026-02-03T21:05:00@4880.45;2026-02-03T21:40:00@4948.96,1,,NA,NA,,NA,,NA,0,NA,,,2026-02-03T21:45:00,STRUCTURE_FAILED,0
5f07d0b62e2531e1,M5,L1,LONG,DESIGN,2026-02-04T02:15:00,4994.64,4984.55,4997.73,2026-02-04T01:50:00@4939.84;2026-02-04T02:20:00@4999.86;2026-02-04T02:30:00@4968.56,1,,NA,NA,,NA,,NA,0,NA,,,2026-02-04T02:35:00,STRUCTURE_FAILED,0
19d560e34c35dfa6,M5,L3,LONG,DESIGN,2026-02-04T02:15:00,4994.64,4984.55,4997.73,2026-02-04T01:50:00@4939.84;2026-02-04T02:20:00@4999.86;2026-02-04T02:30:00@4968.56,1,,NA,NA,,NA,,NA,0,NA,,,2026-02-04T02:35:00,STRUCTURE_FAILED,0
f904def612506608,M5,L4,LONG,DESIGN,2026-02-04T05:35:00,5070.99,5062.00,5071.22,2026-02-04T05:20:00@5039.34;2026-02-04T06:15:00@5074.13;2026-02-04T06:20:00@5056.56,1,,NA,NA,,NA,,NA,0,NA,,,2026-02-04T06:30:00,STRUCTURE_FAILED,0
1dd5c4ef9fd705a2,M5,L3,SHORT,DESIGN,2026-02-04T11:30:00,5050.83,5042.83,5057.50,2026-02-04T11:25:00@5065.27;2026-02-04T11:30:00@5042.83;2026-02-04T11:40:00@5066.41,1,,NA,NA,,NA,,NA,0,NA,,,2026-02-04T11:45:00,STRUCTURE_FAILED,0
5c386326c48f20cd,M5,L3,SHORT,DESIGN,2026-02-04T16:35:00,4979.83,4969.64,5023.15,2026-02-04T16:15:00@5051.17;2026-02-04T16:40:00@4967.22;2026-02-04T16:50:00@5017.66,1,,NA,NA,,NA,,NA,0,NA,,,2026-02-04T16:55:00,STRUCTURE_FAILED,0
977f9977bcdaa029,M5,L2,SHORT,DESIGN,2026-02-04T17:30:00,4919.48,4914.54,4962.47,2026-02-04T17:05:00@5007.89;2026-02-04T17:35:00@4887.19;2026-02-04T17:45:00@4950.50,1,,NA,NA,,NA,,NA,0,NA,,,2026-02-04T17:55:00,STRUCTURE_FAILED,0
c92d27f3115c30c8,M5,L3,SHORT,DESIGN,2026-02-04T18:45:00,4872.45,4854.83,4900.76,2026-02-04T18:30:00@4934.85;2026-02-04T18:45:00@4854.83;2026-02-04T19:15:00@4925.73,1,,NA,NA,,NA,,NA,0,NA,,,2026-02-04T19:20:00,STRUCTURE_FAILED,0
30cbfb974ec2093d,M5,L1,SHORT,DESIGN,2026-02-05T04:45:00,4852.80,4829.01,4900.92,2026-02-05T04:25:00@4942.19;2026-02-05T04:50:00@4805.45;2026-02-05T04:55:00@4854.20,1,,NA,NA,,NA,,NA,0,NA,,,2026-02-05T05:00:00,STRUCTURE_FAILED,0
4d62c91a72a4b154,M5,L3,SHORT,DESIGN,2026-02-05T04:45:00,4852.80,4829.01,4900.92,2026-02-05T04:25:00@4942.19;2026-02-05T04:50:00@4805.45;2026-02-05T04:55:00@4854.20,1,,NA,NA,,NA,,NA,0,NA,,,2026-02-05T05:00:00,STRUCTURE_FAILED,0
14a768ef1dd03cd7,M5,L3,SHORT,DESIGN,2026-02-05T23:30:00,4771.72,4762.48,4804.58,2026-02-05T23:00:00@4826.07;2026-02-05T23:40:00@4759.54;2026-02-06T01:00:00@4796.01,1,,NA,NA,,NA,,NA,0,NA,,,2026-02-06T01:05:00,STRUCTURE_FAILED,0
cd03d895e87c0547,M5,L1,SHORT,DESIGN,2026-02-06T01:20:00,4756.44,4756.29,4765.38,2026-02-06T01:00:00@4796.01;2026-02-06T01:35:00@4732.49;2026-02-06T01:40:00@4755.39;2026-02-06T02:15:00@4655.29;2026-02-06T02:55:00@4764.55,2,,NA,NA,,NA,,NA,0,NA,,,2026-02-06T03:00:00,STRUCTURE_FAILED,0
57b57877941e6141,M5,L3,SHORT,DESIGN,2026-02-06T01:35:00,4738.82,4732.49,4753.96,2026-02-06T01:00:00@4796.01;2026-02-06T01:35:00@4732.49;2026-02-06T01:40:00@4755.39,1,,NA,NA,,NA,,NA,0,NA,,,2026-02-06T01:45:00,STRUCTURE_FAILED,0
52b7f88be90fcc5a,M5,L3,LONG,DESIGN,2026-02-06T07:25:00,4850.95,4835.94,4852.42,2026-02-06T07:00:00@4807.80;2026-02-06T08:00:00@4903.23;2026-02-06T08:35:00@4836.57,1,,NA,NA,,NA,,NA,0,NA,,,2026-02-06T08:45:00,STRUCTURE_FAILED,0
c3329f335c77afbb,M5,L2,LONG,DESIGN,2026-02-06T14:05:00,4899.64,4888.97,4903.10,2026-02-06T14:00:00@4883.67;2026-02-06T14:05:00@4903.10;2026-02-06T14:25:00@4870.80,1,,NA,NA,,NA,,NA,0,NA,,,2026-02-06T14:30:00,STRUCTURE_FAILED,0
dbff7af886483dad,M5,L3,LONG,DESIGN,2026-02-06T15:00:00,4924.68,4897.04,4925.47,2026-02-06T14:25:00@4870.80;2026-02-06T15:05:00@4926.36;2026-02-06T15:10:00@4906.12,1,,NA,NA,,NA,,NA,0,NA,,,2026-02-06T15:15:00,STRUCTURE_FAILED,0
4d897f5ef5cf7b9b,M5,L3,LONG,DESIGN,2026-02-06T16:55:00,4947.97,4935.14,4949.81,2026-02-06T16:40:00@4923.29;2026-02-06T17:05:00@4964.61;2026-02-06T17:20:00@4936.06,1,,NA,NA,,NA,,NA,0,NA,,,2026-02-06T17:25:00,STRUCTURE_FAILED,0
8d7dbf2abc18937f,M5,L3,LONG,DESIGN,2026-02-09T01:30:00,5039.86,5019.91,5043.69,2026-02-09T01:05:00@4964.19;2026-02-09T01:30:00@5043.69;2026-02-09T01:35:00@5024.45,1,,NA,NA,,NA,,NA,0,NA,,,2026-02-09T01:40:00,STRUCTURE_FAILED,0
200c91c133b108df,M5,L3,SHORT,DESIGN,2026-02-09T12:25:00,4992.79,4985.22,5007.65,2026-02-09T12:15:00@5015.40;2026-02-09T12:30:00@4982.08;2026-02-09T12:35:00@4999.26,1,,NA,NA,,NA,,NA,0,NA,,,2026-02-09T12:40:00,STRUCTURE_FAILED,0
d8aefc6a2aeea331,M5,L4,SHORT,DESIGN,2026-02-09T15:25:00,5004.23,5003.64,5018.77,2026-02-09T15:10:00@5024.87;2026-02-09T15:40:00@4995.12;2026-02-09T16:15:00@5020.30,1,,NA,NA,,NA,,NA,0,NA,,,2026-02-09T16:20:00,STRUCTURE_FAILED,0
6af7464ff60f16a0,M5,L2,LONG,DESIGN,2026-02-09T17:30:00,5052.20,5032.89,5052.20,2026-02-09T17:15:00@5023.73;2026-02-09T18:25:00@5079.68;2026-02-09T18:35:00@5067.21;2026-02-09T18:45:00@5080.78;2026-02-09T19:05:00@5060.55,2,,NA,NA,,NA,,NA,0,NA,,,2026-02-09T19:15:00,STRUCTURE_FAILED,0
dfbc362bb34422d3,M5,L3,LONG,DESIGN,2026-02-09T17:30:00,5052.20,5032.89,5052.20,2026-02-09T17:15:00@5023.73;2026-02-09T18:25:00@5079.68;2026-02-09T18:35:00@5067.21;2026-02-09T18:45:00@5080.78;2026-02-09T19:05:00@5060.55,2,,NA,NA,,NA,,NA,0,NA,,,2026-02-09T19:15:00,STRUCTURE_FAILED,0
5c19d2a0b735a25d,M5,L3,LONG,DESIGN,2026-02-09T22:50:00,5081.06,5075.78,5082.22,2026-02-09T22:45:00@5073.57;2026-02-09T23:00:00@5083.16;2026-02-09T23:25:00@5048.07,1,,NA,NA,,NA,,NA,0,NA,,,2026-02-09T23:30:00,STRUCTURE_FAILED,0
b92696c5c0906a6f,M5,L2,LONG,DESIGN,2026-02-10T11:05:00,5058.73,5048.48,5063.43,2026-02-10T11:00:00@5038.79;2026-02-10T11:05:00@5063.43;2026-02-10T11:15:00@5045.56,1,,NA,NA,,NA,,NA,0,NA,,,2026-02-10T11:20:00,STRUCTURE_FAILED,0
90a28296075bde1c,M5,L3,LONG,DESIGN,2026-02-10T11:05:00,5058.73,5048.48,5063.43,2026-02-10T11:00:00@5038.79;2026-02-10T11:05:00@5063.43;2026-02-10T11:15:00@5045.56,1,,NA,NA,,NA,,NA,0,NA,,,2026-02-10T11:20:00,STRUCTURE_FAILED,0
3439231928a1aff9,M5,L3,LONG,DESIGN,2026-02-10T16:15:00,5071.69,5055.22,5074.97,2026-02-10T16:00:00@5047.03;2026-02-10T16:30:00@5078.56;2026-02-10T16:45:00@5020.84,1,,NA,NA,,NA,,NA,0,NA,,,2026-02-10T16:50:00,STRUCTURE_FAILED,0
bd822fd4fbc2495c,M5,L3,SHORT,DESIGN,2026-02-10T17:35:00,5005.97,4998.14,5033.50,2026-02-10T17:20:00@5048.01;2026-02-10T17:35:00@4998.14;2026-02-10T17:55:00@5029.79,1,,NA,NA,,NA,,NA,0,NA,,,2026-02-10T18:00:00,STRUCTURE_FAILED,0
8d39670212d01069,M5,L3,LONG,DESIGN,2026-02-11T04:50:00,5055.19,5051.80,5057.08,2026-02-11T04:15:00@5032.51;2026-02-11T04:55:00@5057.58;2026-02-11T05:15:00@5045.18,1,,NA,NA,,NA,,NA,0,NA,,,2026-02-11T05:20:00,STRUCTURE_FAILED,0
9af98136ec270bdb,M5,L2,LONG,DESIGN,2026-02-11T08:55:00,5063.94,5058.95,5064.52,2026-02-11T08:30:00@5053.92;2026-02-11T09:10:00@5068.89;2026-02-11T09:25:00@5052.66,1,,NA,NA,,NA,,NA,0,NA,,,2026-02-11T09:30:00,STRUCTURE_FAILED,0
6704e8f1b08944f0,M5,L1,LONG,DESIGN,2026-02-11T12:40:00,5096.67,5072.53,5100.56,2026-02-11T12:30:00@5067.88;2026-02-11T12:50:00@5101.02;2026-02-11T13:00:00@5082.39,1,,NA,NA,,NA,,NA,0,NA,,,2026-02-11T13:05:00,STRUCTURE_FAILED,0
68628d9082f03d58,M5,L3,LONG,DESIGN,2026-02-11T12:40:00,5096.67,5072.53,5100.56,2026-02-11T12:30:00@5067.88;2026-02-11T12:50:00@5101.02;2026-02-11T13:00:00@5082.39,1,,NA,NA,,NA,,NA,0,NA,,,2026-02-11T13:05:00,STRUCTURE_FAILED,0
08921580b7518bf1,M5,L3,SHORT,DESIGN,2026-02-11T16:35:00,5044.62,5043.84,5071.08,2026-02-11T16:15:00@5083.48;2026-02-11T16:40:00@5035.21;2026-02-11T17:10:00@5081.87,1,,NA,NA,,NA,,NA,0,NA,,,2026-02-11T17:15:00,STRUCTURE_FAILED,0
22fe593897760bae,M5,L3,SHORT,DESIGN,2026-02-11T16:40:00,5040.07,5035.21,5049.42,2026-02-11T16:15:00@5083.48;2026-02-11T16:40:00@5035.21;2026-02-11T17:10:00@5081.87,1,,NA,NA,,NA,,NA,0,NA,,,2026-02-11T17:15:00,STRUCTURE_FAILED,0
ba40341ee9bab7fc,M5,L2,LONG,DESIGN,2026-02-12T11:50:00,5079.09,5073.94,5080.84,2026-02-12T11:30:00@5068.70;2026-02-12T11:50:00@5080.84;2026-02-12T12:25:00@5060.99,1,,NA,NA,,NA,,NA,0,NA,,,2026-02-12T12:35:00,STRUCTURE_FAILED,0
d8a4343e50abf89d,M5,L3,LONG,DESIGN,2026-02-12T11:50:00,5079.09,5073.94,5080.84,2026-02-12T11:30:00@5068.70;2026-02-12T11:50:00@5080.84;2026-02-12T12:25:00@5060.99,1,,NA,NA,,NA,,NA,0,NA,,,2026-02-12T12:35:00,STRUCTURE_FAILED,0
5918f31f9b2a8075,M5,L2,SHORT,DESIGN,2026-02-12T16:55:00,5044.36,5038.39,5055.45,2026-02-12T16:30:00@5071.65;2026-02-12T16:55:00@5038.39;2026-02-12T17:45:00@5074.84,1,,NA,NA,,NA,,NA,0,NA,,,2026-02-12T17:55:00,STRUCTURE_FAILED,0
1fa148375630c436,M5,L3,SHORT,DESIGN,2026-02-12T16:55:00,5044.36,5038.39,5055.45,2026-02-12T16:30:00@5071.65;2026-02-12T16:55:00@5038.39;2026-02-12T17:45:00@5074.84,1,,NA,NA,,NA,,NA,0,NA,,,2026-02-12T17:55:00,STRUCTURE_FAILED,0
8b94cf032bf6464d,M5,L1,SHORT,DESIGN,2026-02-12T18:10:00,4955.87,4948.45,5050.53,2026-02-12T17:45:00@5074.84;2026-02-12T18:25:00@4878.23;2026-02-12T18:40:00@4968.95,1,,NA,NA,,NA,,NA,0,NA,,,2026-02-12T18:45:00,STRUCTURE_FAILED,0
0420e0e71e9ac66a,M5,L3,SHORT,DESIGN,2026-02-12T18:10:00,4955.87,4948.45,5050.53,2026-02-12T17:45:00@5074.84;2026-02-12T18:25:00@4878.23;2026-02-12T18:40:00@4968.95,1,,NA,NA,,NA,,NA,0,NA,,,2026-02-12T18:45:00,STRUCTURE_FAILED,0
ed109bbddbe324db,M5,L3,SHORT,DESIGN,2026-02-12T18:15:00,4935.09,4913.01,4965.76,2026-02-12T17:45:00@5074.84;2026-02-12T18:25:00@4878.23;2026-02-12T18:40:00@4968.95,1,,NA,NA,,NA,,NA,0,NA,,,2026-02-12T18:45:00,STRUCTURE_FAILED,0
24bccd656bb85f56,M5,L3,SHORT,DESIGN,2026-02-13T13:20:00,4938.91,4933.01,4952.64,2026-02-13T13:10:00@4953.45;2026-02-13T13:20:00@4933.01;2026-02-13T13:35:00@4948.65,1,,NA,NA,,NA,,NA,0,NA,,,2026-02-13T13:45:00,STRUCTURE_FAILED,0
57864bc3d11b5abc,M5,L3,LONG,DESIGN,2026-02-13T15:30:00,4993.20,4967.37,4999.68,2026-02-13T15:20:00@4957.66;2026-02-13T15:30:00@4999.68;2026-02-13T15:45:00@4972.57,1,,NA,NA,,NA,,NA,0,NA,,,2026-02-13T15:50:00,STRUCTURE_FAILED,0
d39becc7b988e410,M5,L2,LONG,DESIGN,2026-02-13T16:10:00,4997.72,4989.69,5000.84,2026-02-13T15:45:00@4972.57;2026-02-13T16:30:00@5011.34;2026-02-13T16:40:00@4964.04,1,,NA,NA,,NA,,NA,0,NA,,,2026-02-13T16:45:00,STRUCTURE_FAILED,0
8143c22ef33e0bde,M5,L3,LONG,DESIGN,2026-02-13T16:10:00,4997.72,4989.69,5000.84,2026-02-13T15:45:00@4972.57;2026-02-13T16:30:00@5011.34;2026-02-13T16:40:00@4964.04,1,,NA,NA,,NA,,NA,0,NA,,,2026-02-13T16:45:00,STRUCTURE_FAILED,0
31c6ef705d9d3fe4,M5,L3,SHORT,DESIGN,2026-02-17T02:45:00,4969.04,4968.52,4970.33,2026-02-17T02:35:00@4978.81;2026-02-17T03:00:00@4923.21;2026-02-17T03:40:00@4963.99;2026-02-17T04:05:00@4954.54,1,,NA,NA,,NA,,NA,0,NA,,,2026-02-17T04:10:00,STRUCTURE_FAILED,0
0b7f4cc497d3c3e3,M5,L1,SHORT,DESIGN,2026-02-17T02:50:00,4952.18,4948.51,4969.82,2026-02-17T02:35:00@4978.81;2026-02-17T03:00:00@4923.21;2026-02-17T03:40:00@4963.99,1,,NA,NA,,NA,,NA,0,NA,,,2026-02-17T03:50:00,STRUCTURE_FAILED,0
58a1fedca1ee6784,M5,L3,SHORT,DESIGN,2026-02-17T02:50:00,4952.18,4948.51,4969.82,2026-02-17T02:35:00@4978.81;2026-02-17T03:00:00@4923.21;2026-02-17T03:40:00@4963.99,1,,NA,NA,,NA,,NA,0,NA,,,2026-02-17T03:50:00,STRUCTURE_FAILED,0
9c7b4176782dc941,M5,L3,SHORT,DESIGN,2026-02-17T07:10:00,4928.39,4927.05,4945.15,2026-02-17T06:40:00@4955.46;2026-02-17T07:20:00@4888.31;2026-02-17T07:25:00@4904.08;2026-02-17T07:30:00@4858.70;2026-02-17T07:35:00@4891.31;2026-02-17T07:45:00@4874.03,2,,NA,NA,,NA,,NA,0,NA,,,2026-02-17T07:50:00,STRUCTURE_FAILED,0
6c5fe0ee3ecc00b3,M5,L3,SHORT,DESIGN,2026-02-17T07:15:00,4901.04,4895.65,4928.54,2026-02-17T06:40:00@4955.46;2026-02-17T07:20:00@4888.31;2026-02-17T07:25:00@4904.08,1,,NA,NA,,NA,,NA,0,NA,,,2026-02-17T07:30:00,STRUCTURE_FAILED,0
476154c715ca7cff,M5,L3,SHORT,DESIGN,2026-02-17T07:30:00,4885.02,4858.70,4902.46,2026-02-17T07:25:00@4904.08;2026-02-17T07:30:00@4858.70;2026-02-17T07:35:00@4891.31,1,,NA,NA,,NA,,NA,0,NA,,,2026-02-17T07:40:00,STRUCTURE_FAILED,0
aac848ba36f58669,M5,L3,SHORT,DESIGN,2026-02-17T15:55:00,4870.67,4868.59,4916.61,2026-02-17T15:45:00@4924.46;2026-02-17T16:00:00@4841.62;2026-02-17T16:05:00@4899.99,1,,NA,NA,,NA,,NA,0,NA,,,2026-02-17T16:10:00,STRUCTURE_FAILED,0
7cc50fb47239912c,M5,L2,SHORT,DESIGN,2026-02-17T17:05:00,4857.32,4856.30,4872.66,2026-02-17T17:05:00@4872.66;2026-02-17T17:10:00@4852.17;2026-02-17T17:20:00@4877.83,1,,NA,NA,,NA,,NA,0,NA,,,2026-02-17T17:25:00,STRUCTURE_FAILED,0
190e916e562ec16d,M5,L3,SHORT,DESIGN,2026-02-17T17:05:00,4857.32,4856.30,4872.66,2026-02-17T17:05:00@4872.66;2026-02-17T17:10:00@4852.17;2026-02-17T17:20:00@4877.83,1,,NA,NA,,NA,,NA,0,NA,,,2026-02-17T17:25:00,STRUCTURE_FAILED,0
a576d073c6daddfd,M5,L3,LONG,DESIGN,2026-02-18T05:00:00,4913.13,4904.28,4914.37,2026-02-18T03:50:00@4883.07;2026-02-18T06:10:00@4930.99;2026-02-18T06:15:00@4924.86;2026-02-18T06:30:00@4936.98;2026-02-18T06:40:00@4931.41;2026-02-18T06:50:00@4940.00;2026-02-18T06:55:00@4932.45;2026-02-18T07:00:00@4938.84,3,,NA,NA,,NA,,NA,0,NA,,,2026-02-18T07:05:00,NO_SPIKE,0
cb09da0b8f4f0e14,M5,L2,LONG,DESIGN,2026-02-18T14:55:00,4942.36,4933.50,4947.40,2026-02-18T14:30:00@4917.68;2026-02-18T15:05:00@4959.46;2026-02-18T15:20:00@4952.46;2026-02-18T15:35:00@4968.87;2026-02-18T15:55:00@4948.99,2,,NA,NA,,NA,,NA,0,NA,,,2026-02-18T16:00:00,STRUCTURE_FAILED,0
76d4ea0c3c7dc510,M5,L3,LONG,DESIGN,2026-02-18T14:55:00,4942.36,4933.50,4947.40,2026-02-18T14:30:00@4917.68;2026-02-18T15:05:00@4959.46;2026-02-18T15:20:00@4952.46;2026-02-18T15:35:00@4968.87;2026-02-18T15:55:00@4948.99,2,,NA,NA,,NA,,NA,0,NA,,,2026-02-18T16:00:00,STRUCTURE_FAILED,0
c0cb42a9cbfb50e5,M5,L3,LONG,DESIGN,2026-02-18T15:00:00,4946.30,4942.44,4955.31,2026-02-18T14:30:00@4917.68;2026-02-18T15:05:00@4959.46;2026-02-18T15:20:00@4952.46,1,,NA,NA,,NA,,NA,0,NA,,,2026-02-18T15:25:00,STRUCTURE_FAILED,0
1740c8eb46c970bf,M5,L1,LONG,DESIGN,2026-02-18T17:00:00,5003.33,4991.49,5007.93,2026-02-18T16:10:00@4952.29;2026-02-18T17:00:00@5007.93;2026-02-18T17:05:00@4994.47,1,,NA,NA,,NA,,NA,0,NA,,,2026-02-18T17:10:00,STRUCTURE_FAILED,0
6c537fe57ccb1727,M5,L3,LONG,DESIGN,2026-02-18T17:00:00,5003.33,4991.49,5007.93,2026-02-18T16:10:00@4952.29;2026-02-18T17:00:00@5007.93;2026-02-18T17:05:00@4994.47,1,,NA,NA,,NA,,NA,0,NA,,,2026-02-18T17:10:00,STRUCTURE_FAILED,0
da7eb351595d2828,M5,L3,SHORT,DESIGN,2026-02-19T02:00:00,4963.29,4961.44,4976.34,2026-02-19T01:30:00@4988.92;2026-02-19T02:05:00@4961.25;2026-02-19T02:15:00@4972.04,1,,NA,NA,,NA,,NA,0,NA,,,2026-02-19T02:20:00,STRUCTURE_FAILED,0
e6e3c8eada4b8643,M5,L3,LONG,DESIGN,2026-02-19T07:05:00,4990.43,4987.16,4990.88,2026-02-19T06:45:00@4976.86;2026-02-19T07:10:00@4993.50;2026-02-19T07:25:00@4987.54,1,,NA,NA,,NA,,NA,0,NA,,,2026-02-19T07:30:00,STRUCTURE_FAILED,0
f1069805cf4166db,M5,L2,LONG,DESIGN,2026-02-19T08:00:00,4999.55,4996.62,4999.65,2026-02-19T07:55:00@4995.46;2026-02-19T08:15:00@5000.93;2026-02-19T08:20:00@4997.28,1,,NA,NA,,NA,,NA,0,NA,,,2026-02-19T08:25:00,STRUCTURE_FAILED,0
1227e7aff2f71f7a,M5,L1,LONG,DESIGN,2026-02-19T08:45:00,5015.89,5009.05,5016.18,2026-02-19T08:20:00@4997.28;2026-02-19T09:10:00@5021.82;2026-02-19T09:20:00@5014.91,1,,NA,NA,,NA,,NA,0,NA,,,2026-02-19T09:25:00,STRUCTURE_FAILED,0
e58fc6ebd36af6c7,M5,L3,LONG,DESIGN,2026-02-19T08:45:00,5015.89,5009.05,5016.18,2026-02-19T08:20:00@4997.28;2026-02-19T09:10:00@5021.82;2026-02-19T09:20:00@5014.91,1,,NA,NA,,NA,,NA,0,NA,,,2026-02-19T09:25:00,STRUCTURE_FAILED,0
5b2c76ec14c0dd72,M5,L3,LONG,DESIGN,2026-02-19T08:50:00,5017.82,5014.17,5019.62,2026-02-19T08:20:00@4997.28;2026-02-19T09:10:00@5021.82;2026-02-19T09:20:00@5014.91,1,,NA,NA,,NA,,NA,0,NA,,,2026-02-19T09:25:00,STRUCTURE_FAILED,0
4feaf94db956bfc6,M5,L2,LONG,DESIGN,2026-02-20T08:00:00,5015.01,5011.63,5017.72,2026-02-20T07:40:00@4998.10;2026-02-20T08:00:00@5017.72;2026-02-20T08:05:00@5012.02,1,,NA,NA,,NA,,NA,0,NA,,,2026-02-20T08:10:00,STRUCTURE_FAILED,0
12d49ac6498d91d5,M5,L3,LONG,DESIGN,2026-02-20T08:00:00,5015.01,5011.63,5017.72,2026-02-20T07:40:00@4998.10;2026-02-20T08:00:00@5017.72;2026-02-20T08:05:00@5012.02,1,,NA,NA,,NA,,NA,0,NA,,,2026-02-20T08:10:00,STRUCTURE_FAILED,0
f1d0a7b187da0472,M5,L3,LONG,DESIGN,2026-02-20T08:20:00,5022.16,5016.75,5023.01,2026-02-20T08:05:00@5012.02;2026-02-20T08:25:00@5029.79;2026-02-20T08:30:00@5020.56,1,,NA,NA,,NA,,NA,0,NA,,,2026-02-20T08:35:00,STRUCTURE_FAILED,0
f2c95f43ba901d19,M5,L1,LONG,DESIGN,2026-02-20T08:25:00,5022.42,5021.54,5029.79,2026-02-20T08:05:00@5012.02;2026-02-20T08:25:00@5029.79;2026-02-20T08:30:00@5020.56,1,,NA,NA,,NA,,NA,0,NA,,,2026-02-20T08:35:00,STRUCTURE_FAILED,0
3176fadab9fe83ad,M5,L3,LONG,DESIGN,2026-02-20T08:25:00,5022.42,5021.54,5029.79,2026-02-20T08:05:00@5012.02;2026-02-20T08:25:00@5029.79;2026-02-20T08:30:00@5020.56,1,,NA,NA,,NA,,NA,0,NA,,,2026-02-20T08:35:00,STRUCTURE_FAILED,0
20dfcc9f4650b8a0,M5,L3,LONG,DESIGN,2026-02-20T11:00:00,5034.35,5028.08,5034.96,2026-02-20T10:40:00@5021.54;2026-02-20T11:20:00@5042.50;2026-02-20T11:35:00@5029.76,1,,NA,NA,,NA,,NA,0,NA,,,2026-02-20T11:50:00,STRUCTURE_FAILED,0
d7f3356cde2702fb,M5,L3,LONG,DESIGN,2026-02-20T15:50:00,5044.55,5040.80,5048.12,2026-02-20T15:35:00@5021.11;2026-02-20T15:55:00@5048.65;2026-02-20T16:05:00@5037.27,1,,NA,NA,,NA,,NA,0,NA,,,2026-02-20T16:10:00,STRUCTURE_FAILED,0
5b1a0a2925f63467,M5,L3,LONG,DESIGN,2026-02-20T16:30:00,5047.42,5037.64,5052.23,2026-02-20T16:30:00@5037.64;2026-02-20T16:45:00@5060.73;2026-02-20T17:05:00@4989.08,1,,NA,NA,,NA,,NA,0,NA,,,2026-02-20T17:10:00,STRUCTURE_FAILED,0
f66f637cce628e0b,M5,L3,LONG,DESIGN,2026-02-20T16:40:00,5052.82,5044.49,5054.85,2026-02-20T16:30:00@5037.64;2026-02-20T16:45:00@5060.73;2026-02-20T17:05:00@4989.08,1,,NA,NA,,NA,,NA,0,NA,,,2026-02-20T17:10:00,STRUCTURE_FAILED,0
d6e8249c136a5aa4,M5,L1,LONG,DESIGN,2026-02-23T01:00:00,5117.57,5098.34,5120.84,2026-02-20T23:15:00@5091.60;2026-02-23T01:15:00@5150.55;2026-02-23T01:20:00@5140.47;2026-02-23T01:55:00@5171.62;2026-02-23T02:20:00@5129.34,2,,NA,NA,,NA,,NA,0,NA,,,2026-02-23T02:25:00,STRUCTURE_FAILED,0
aa9a1bfcc2588c34,M5,L3,LONG,DESIGN,2026-02-23T04:40:00,5174.43,5168.10,5176.58,2026-02-23T04:20:00@5157.58;2026-02-23T04:45:00@5176.59;2026-02-23T04:50:00@5163.95,1,,NA,NA,,NA,,NA,0,NA,,,2026-02-23T04:55:00,STRUCTURE_FAILED,0
a0a8891e663608a9,M5,L4,SHORT,DESIGN,2026-02-23T08:40:00,5148.39,5147.32,5154.99,2026-02-23T08:35:00@5156.86;2026-02-23T08:45:00@5146.54;2026-02-23T08:50:00@5153.33,1,,NA,NA,,NA,,NA,0,NA,,,2026-02-23T08:55:00,STRUCTURE_FAILED,0
8bcbbf2d3f99b10f,M5,L2,SHORT,DESIGN,2026-02-23T10:20:00,5128.14,5128.14,5138.34,2026-02-23T10:15:00@5139.64;2026-02-23T10:30:00@5122.30;2026-02-23T10:35:00@5132.17,1,,NA,NA,,NA,,NA,0,NA,,,2026-02-23T10:40:00,STRUCTURE_FAILED,0
dc9b25db96222eb6,M5,L2,LONG,DESIGN,2026-02-23T16:35:00,5184.17,5171.27,5184.19,2026-02-23T16:00:00@5141.56;2026-02-23T16:50:00@5200.68;2026-02-23T17:00:00@5180.72,1,,NA,NA,,NA,,NA,0,NA,,,2026-02-23T17:05:00,STRUCTURE_FAILED,0
92fa87c9588a679d,M5,L3,LONG,DESIGN,2026-02-23T16:35:00,5184.17,5171.27,5184.19,2026-02-23T16:00:00@5141.56;2026-02-23T16:50:00@5200.68;2026-02-23T17:00:00@5180.72,1,,NA,NA,,NA,,NA,0,NA,,,2026-02-23T17:05:00,STRUCTURE_FAILED,0
416bea741d39fa56,M5,L3,LONG,DESIGN,2026-02-23T22:00:00,5222.55,5214.93,5222.85,2026-02-23T21:25:00@5207.02;2026-02-23T22:35:00@5230.00;2026-02-23T22:45:00@5224.83;2026-02-23T22:55:00@5237.81;2026-02-23T23:30:00@5226.55;2026-02-23T23:35:00@5232.88,2,,NA,NA,,NA,,NA,0,NA,,,2026-02-23T23:40:00,STRUCTURE_FAILED,0
73547071b78467b6,M5,L1,LONG,DESIGN,2026-02-24T01:00:00,5243.06,5222.56,5248.05,2026-02-24T01:00:00@5222.56;2026-02-24T01:15:00@5249.88;2026-02-24T01:25:00@5234.74,1,,NA,NA,,NA,,NA,0,NA,,,2026-02-24T01:30:00,STRUCTURE_FAILED,0
989dc8ffaec31dcb,M5,L4,LONG,DESIGN,2026-02-24T07:50:00,5180.85,5173.42,5181.88,2026-02-24T07:30:00@5164.78;2026-02-24T07:55:00@5185.84;2026-02-24T08:00:00@5177.27,1,,NA,NA,,NA,,NA,0,NA,,,2026-02-24T08:05:00,STRUCTURE_FAILED,0
42adb584939c8016,M5,L3,SHORT,DESIGN,2026-02-24T14:15:00,5151.23,5146.93,5168.49,2026-02-24T13:55:00@5176.58;2026-02-24T14:15:00@5146.93;2026-02-24T14:30:00@5164.68,1,,NA,NA,,NA,,NA,0,NA,,,2026-02-24T14:35:00,STRUCTURE_FAILED,0
5729b9ed191d79ea,M5,L2,SHORT,DESIGN,2026-02-24T15:35:00,5138.45,5132.96,5155.58,2026-02-24T15:30:00@5158.71;2026-02-24T15:35:00@5132.96;2026-02-24T15:40:00@5148.50,1,,NA,NA,,NA,,NA,0,NA,,,2026-02-24T15:45:00,STRUCTURE_FAILED,0
9f406230b9b51372,M5,L3,SHORT,DESIGN,2026-02-24T15:35:00,5138.45,5132.96,5155.58,2026-02-24T15:30:00@5158.71;2026-02-24T15:35:00@5132.96;2026-02-24T15:40:00@5148.50,1,,NA,NA,,NA,,NA,0,NA,,,2026-02-24T15:45:00,STRUCTURE_FAILED,0
90c24a09d89a0270,M5,L3,SHORT,DESIGN,2026-02-24T15:55:00,5115.26,5111.24,5134.55,2026-02-24T15:40:00@5148.50;2026-02-24T16:00:00@5108.44;2026-02-24T16:05:00@5127.48,1,,NA,NA,,NA,,NA,0,NA,,,2026-02-24T16:10:00,STRUCTURE_FAILED,0
65bde3e537269daa,M5,L3,LONG,DESIGN,2026-02-25T03:10:00,5174.50,5163.88,5176.67,2026-02-25T02:45:00@5142.20;2026-02-25T03:35:00@5190.30;2026-02-25T03:55:00@5174.83,1,,NA,NA,,NA,,NA,0,NA,,,2026-02-25T04:00:00,STRUCTURE_FAILED,0
2d9a87af00efdeec,M5,L3,LONG,DESIGN,2026-02-25T07:25:00,5195.46,5188.32,5195.74,2026-02-25T07:20:00@5187.72;2026-02-25T07:50:00@5210.54;2026-02-25T08:05:00@5182.15,1,,NA,NA,,NA,,NA,0,NA,,,2026-02-25T08:10:00,STRUCTURE_FAILED,0
8c64d20d662bf819,M5,L2,LONG,DESIGN,2026-02-25T18:50:00,5211.88,5207.53,5212.55,2026-02-25T18:10:00@5189.45;2026-02-25T19:10:00@5217.76;2026-02-25T19:55:00@5203.71,1,,NA,NA,,NA,,NA,0,NA,,,2026-02-25T20:20:00,STRUCTURE_FAILED,0
976aed51de6e1332,M5,L3,LONG,DESIGN,2026-02-25T18:50:00,5211.88,5207.53,5212.55,2026-02-25T18:10:00@5189.45;2026-02-25T19:10:00@5217.76;2026-02-25T19:55:00@5203.71,1,,NA,NA,,NA,,NA,0,NA,,,2026-02-25T20:20:00,STRUCTURE_FAILED,0
7fdbe0e603e1fd11,M5,L3,SHORT,DESIGN,2026-02-25T22:55:00,5152.04,5145.58,5177.92,2026-02-25T22:50:00@5180.50;2026-02-25T22:55:00@5145.58;2026-02-25T23:35:00@5173.53,1,,NA,NA,,NA,,NA,0,NA,,,2026-02-25T23:50:00,STRUCTURE_FAILED,0
fbe4fd9148b5f84c,M5,L3,LONG,DESIGN,2026-02-26T07:15:00,5200.03,5196.57,5202.38,2026-02-26T07:00:00@5189.94;2026-02-26T07:25:00@5205.71;2026-02-26T07:35:00@5196.20,1,,NA,NA,,NA,,NA,0,NA,,,2026-02-26T07:40:00,STRUCTURE_FAILED,0
c64ea9c5f535e1ce,M5,L2,SHORT,DESIGN,2026-02-26T17:20:00,5154.52,5151.85,5162.18,2026-02-26T17:20:00@5162.18;2026-02-26T17:25:00@5130.07;2026-02-26T17:50:00@5192.90,1,,NA,NA,,NA,,NA,0,NA,,,2026-02-26T18:00:00,STRUCTURE_FAILED,0
8b90dcbb83d36e35,M5,L3,SHORT,DESIGN,2026-02-26T17:25:00,5141.47,5130.07,5158.26,2026-02-26T17:20:00@5162.18;2026-02-26T17:25:00@5130.07;2026-02-26T17:50:00@5192.90,1,,NA,NA,,NA,,NA,0,NA,,,2026-02-26T18:00:00,STRUCTURE_FAILED,0
b080ab88fe0d3c9b,M5,L3,LONG,DESIGN,2026-02-26T21:45:00,5193.84,5186.25,5194.11,2026-02-26T21:40:00@5183.95;2026-02-26T21:45:00@5194.11;2026-02-26T21:55:00@5186.44,1,,NA,NA,,NA,,NA,0,NA,,,2026-02-26T22:00:00,STRUCTURE_FAILED,0
88dd6dd6560b5bfd,M5,L1,LONG,DESIGN,2026-02-27T15:05:00,5211.18,5193.31,5214.95,2026-02-27T14:45:00@5183.04;2026-02-27T15:25:00@5240.48;2026-02-27T15:40:00@5207.51,1,,NA,NA,,NA,,NA,0,NA,,,2026-02-27T15:45:00,STRUCTURE_FAILED,0
39412260d03f8af4,M5,L2,LONG,DESIGN,2026-02-27T15:05:00,5211.18,5193.31,5214.95,2026-02-27T14:45:00@5183.04;2026-02-27T15:25:00@5240.48;2026-02-27T15:40:00@5207.51,1,,NA,NA,,NA,,NA,0,NA,,,2026-02-27T15:45:00,STRUCTURE_FAILED,0
19fad4453482be16,M5,L3,LONG,DESIGN,2026-02-27T15:05:00,5211.18,5193.31,5214.95,2026-02-27T14:45:00@5183.04;2026-02-27T15:25:00@5240.48;2026-02-27T15:40:00@5207.51,1,,NA,NA,,NA,,NA,0,NA,,,2026-02-27T15:45:00,STRUCTURE_FAILED,0
762261ab47e244d4,M5,L3,LONG,DESIGN,2026-02-27T15:15:00,5218.33,5212.53,5220.90,2026-02-27T14:45:00@5183.04;2026-02-27T15:25:00@5240.48;2026-02-27T15:40:00@5207.51,1,,NA,NA,,NA,,NA,0,NA,,,2026-02-27T15:45:00,STRUCTURE_FAILED,0
3c451385bd268e52,M5,L3,LONG,DESIGN,2026-02-27T18:10:00,5253.93,5243.82,5255.52,2026-02-27T18:00:00@5234.13;2026-02-27T18:15:00@5257.75;2026-02-27T18:20:00@5221.96,1,,NA,NA,,NA,,NA,0,NA,,,2026-02-27T18:25:00,STRUCTURE_FAILED,0
ba21aaa9d73ab2a1,M5,L3,LONG,DESIGN,2026-02-27T22:20:00,5261.40,5254.21,5262.22,2026-02-27T21:40:00@5243.66;2026-02-27T22:20:00@5262.22;2026-02-27T22:35:00@5254.64,1,,NA,NA,,NA,,NA,0,NA,,,2026-02-27T22:40:00,STRUCTURE_FAILED,0
fabe1a06300686b2,M5,L2,LONG,DESIGN,2026-03-02T09:05:00,5400.32,5387.98,5400.79,2026-03-02T08:40:00@5374.47;2026-03-02T09:20:00@5419.07;2026-03-02T09:40:00@5401.94;2026-03-02T09:45:00@5414.51,1,,NA,NA,,NA,,NA,0,NA,,,2026-03-02T09:50:00,STRUCTURE_FAILED,0
54a8966082dbf936,M5,L3,LONG,DESIGN,2026-03-02T09:05:00,5400.32,5387.98,5400.79,2026-03-02T08:40:00@5374.47;2026-03-02T09:20:00@5419.07;2026-03-02T09:40:00@5401.94;2026-03-02T09:45:00@5414.51,1,,NA,NA,,NA,,NA,0,NA,,,2026-03-02T09:50:00,STRUCTURE_FAILED,0
1f16b969489235c7,M5,L3,SHORT,DESIGN,2026-03-02T16:05:00,5372.03,5371.66,5387.18,2026-03-02T15:30:00@5416.55;2026-03-02T16:25:00@5307.12;2026-03-02T16:40:00@5356.41;2026-03-02T16:50:00@5321.24,1,,NA,NA,,NA,,NA,0,NA,,,2026-03-02T16:55:00,STRUCTURE_FAILED,0
b254fc4b25ea774e,M5,L3,SHORT,DESIGN,2026-03-02T16:25:00,5333.76,5307.12,5352.71,2026-03-02T15:30:00@5416.55;2026-03-02T16:25:00@5307.12;2026-03-02T16:40:00@5356.41,1,,NA,NA,,NA,,NA,0,NA,,,2026-03-02T16:45:00,STRUCTURE_FAILED,0
7e5b68e9bf3314e9,M5,L2,SHORT,DESIGN,2026-03-02T18:00:00,5274.08,5261.19,5315.96,2026-03-02T17:35:00@5348.71;2026-03-02T18:00:00@5261.19;2026-03-02T18:10:00@5302.66,1,,NA,NA,,NA,,NA,0,NA,,,2026-03-02T18:15:00,STRUCTURE_FAILED,0
a57a0e93a28a1d6b,M5,L3,SHORT,DESIGN,2026-03-03T07:45:00,5326.63,5322.60,5346.92,2026-03-03T07:25:00@5361.87;2026-03-03T07:55:00@5305.55;2026-03-03T08:00:00@5323.40,1,,NA,NA,,NA,,NA,0,NA,,,2026-03-03T08:05:00,STRUCTURE_FAILED,0
c22bf054450d2a8c,M5,L2,SHORT,DESIGN,2026-03-03T08:10:00,5290.03,5279.14,5314.27,2026-03-03T08:00:00@5323.40;2026-03-03T08:10:00@5279.14;2026-03-03T08:25:00@5319.47,1,,NA,NA,,NA,,NA,0,NA,,,2026-03-03T08:35:00,STRUCTURE_FAILED,0
43dd0fc3861068b3,M5,L1,SHORT,DESIGN,2026-03-03T11:25:00,5242.91,5226.35,5285.89,2026-03-03T11:10:00@5303.70;2026-03-03T11:25:00@5226.35;2026-03-03T12:00:00@5287.91,1,,NA,NA,,NA,,NA,0,NA,,,2026-03-03T12:05:00,STRUCTURE_FAILED,0
982ef434048318d0,M5,L3,SHORT,DESIGN,2026-03-03T11:25:00,5242.91,5226.35,5285.89,2026-03-03T11:10:00@5303.70;2026-03-03T11:25:00@5226.35;2026-03-03T12:00:00@5287.91,1,,NA,NA,,NA,,NA,0,NA,,,2026-03-03T12:05:00,STRUCTURE_FAILED,0
88121828c30a7f64,M5,L3,SHORT,DESIGN,2026-03-03T13:25:00,5126.54,5113.56,5193.70,2026-03-03T13:20:00@5209.46;2026-03-03T13:30:00@5074.51;2026-03-03T13:35:00@5143.21,1,,NA,NA,,NA,,NA,0,NA,,,2026-03-03T13:40:00,STRUCTURE_FAILED,0
1d6a04e9ff3dc79a,M5,L3,SHORT,DESIGN,2026-03-03T13:30:00,5116.08,5074.51,5140.31,2026-03-03T13:20:00@5209.46;2026-03-03T13:30:00@5074.51;2026-03-03T13:35:00@5143.21,1,,NA,NA,,NA,,NA,0,NA,,,2026-03-03T13:40:00,STRUCTURE_FAILED,0
5a8cfbcf3586a478,M5,L3,SHORT,DESIGN,2026-03-03T16:40:00,5071.85,5061.87,5126.51,2026-03-03T16:05:00@5175.47;2026-03-03T16:50:00@5016.45;2026-03-03T17:00:00@5070.40,1,,NA,NA,,NA,,NA,0,NA,,,2026-03-03T17:05:00,STRUCTURE_FAILED,0
8013a65b9026644d,M5,L3,LONG,DESIGN,2026-03-04T03:00:00,5154.68,5138.07,5158.46,2026-03-04T02:55:00@5128.15;2026-03-04T03:00:00@5158.46;2026-03-04T03:05:00@5147.51,1,,NA,NA,,NA,,NA,0,NA,,,2026-03-04T03:10:00,STRUCTURE_FAILED,0
2d018467eec86aff,M5,L4,SHORT,DESIGN,2026-03-04T08:00:00,5141.68,5141.55,5159.70,2026-03-04T07:50:00@5168.16;2026-03-04T08:05:00@5120.18;2026-03-04T08:15:00@5150.20,1,,NA,NA,,NA,,NA,0,NA,,,2026-03-04T08:20:00,STRUCTURE_FAILED,0
aec145e263c0eaf6,M5,L2,LONG,DESIGN,2026-03-04T12:05:00,5194.40,5185.20,5194.52,2026-03-04T11:55:00@5175.86;2026-03-04T12:15:00@5202.81;2026-03-04T12:35:00@5179.97,1,,NA,NA,,NA,,NA,0,NA,,,2026-03-04T12:40:00,STRUCTURE_FAILED,0
0108a232195be5ef,M5,L3,LONG,DESIGN,2026-03-04T12:05:00,5194.40,5185.20,5194.52,2026-03-04T11:55:00@5175.86;2026-03-04T12:15:00@5202.81;2026-03-04T12:35:00@5179.97,1,,NA,NA,,NA,,NA,0,NA,,,2026-03-04T12:40:00,STRUCTURE_FAILED,0
30799110a2635433,M5,L3,SHORT,DESIGN,2026-03-04T20:15:00,5118.80,5117.17,5125.85,2026-03-04T19:55:00@5147.64;2026-03-04T20:20:00@5111.36;2026-03-04T20:35:00@5130.02,1,,NA,NA,,NA,,NA,0,NA,,,2026-03-04T20:40:00,STRUCTURE_FAILED,0
d70696812a142af0,M5,L2,SHORT,DESIGN,2026-03-05T08:05:00,5139.82,5133.37,5155.81,2026-03-05T07:45:00@5169.79;2026-03-05T08:10:00@5121.11;2026-03-05T09:00:00@5172.62,1,,NA,NA,,NA,,NA,0,NA,,,2026-03-05T09:05:00,STRUCTURE_FAILED,0
d75832815907f051,M5,L3,SHORT,DESIGN,2026-03-05T15:20:00,5104.33,5081.93,5133.49,2026-03-05T14:50:00@5166.51;2026-03-05T15:20:00@5081.93;2026-03-05T15:40:00@5137.99,1,,NA,NA,,NA,,NA,0,NA,,,2026-03-05T15:45:00,STRUCTURE_FAILED,0
1bdf27c84788ade5,M5,L1,SHORT,DESIGN,2026-03-05T17:05:00,5070.69,5061.31,5105.95,2026-03-05T17:00:00@5119.95;2026-03-05T17:05:00@5061.31;2026-03-05T17:15:00@5094.29,1,,NA,NA,,NA,,NA,0,NA,,,2026-03-05T17:25:00,STRUCTURE_FAILED,0
f74d2a5317a76a83,M5,L3,SHORT,DESIGN,2026-03-05T17:05:00,5070.69,5061.31,5105.95,2026-03-05T17:00:00@5119.95;2026-03-05T17:05:00@5061.31;2026-03-05T17:15:00@5094.29,1,,NA,NA,,NA,,NA,0,NA,,,2026-03-05T17:25:00,STRUCTURE_FAILED,0
f65cabba44dd381a,M5,L3,LONG,DESIGN,2026-03-06T15:30:00,5124.09,5083.05,5126.58,2026-03-06T15:05:00@5065.45;2026-03-06T15:35:00@5131.49;2026-03-06T15:55:00@5073.84,1,,NA,NA,,NA,,NA,0,NA,,,2026-03-06T16:00:00,STRUCTURE_FAILED,0
e4804a36cb462a4d,M5,L2,LONG,DESIGN,2026-03-06T17:00:00,5147.75,5127.89,5158.83,2026-03-06T16:40:00@5084.06;2026-03-06T17:05:00@5159.28;2026-03-06T17:10:00@5137.67,1,,NA,NA,,NA,,NA,0,NA,,,2026-03-06T17:20:00,STRUCTURE_FAILED,0
9e3e823aff3faf93,M5,L3,LONG,DESIGN,2026-03-06T17:00:00,5147.75,5127.89,5158.83,2026-03-06T16:40:00@5084.06;2026-03-06T17:05:00@5159.28;2026-03-06T17:10:00@5137.67,1,,NA,NA,,NA,,NA,0,NA,,,2026-03-06T17:20:00,STRUCTURE_FAILED,0
9c77f61d82ae5ba6,M5,L3,LONG,DESIGN,2026-03-06T21:15:00,5173.90,5169.93,5174.88,2026-03-06T20:50:00@5156.68;2026-03-06T21:15:00@5174.88;2026-03-06T21:45:00@5156.53,1,,NA,NA,,NA,,NA,0,NA,,,2026-03-06T21:50:00,STRUCTURE_FAILED,0
6ae8c97a9bd61e7b,M5,L3,SHORT,DESIGN,2026-03-09T02:45:00,5065.66,5054.20,5077.24,2026-03-09T02:45:00@5077.24;2026-03-09T02:50:00@5059.61;2026-03-09T03:00:00@5080.88,1,,NA,NA,,NA,,NA,0,NA,,,2026-03-09T03:05:00,STRUCTURE_FAILED,0
860c31243c851f92,M5,L1,SHORT,DESIGN,2026-03-09T03:05:00,5053.02,5049.64,5066.22,2026-03-09T03:00:00@5080.88;2026-03-09T03:10:00@5026.00;2026-03-09T03:35:00@5060.20,1,,NA,NA,,NA,,NA,0,NA,,,2026-03-09T03:45:00,STRUCTURE_FAILED,0
0d0a9c9c50a15017,M5,L3,SHORT,DESIGN,2026-03-09T03:05:00,5053.02,5049.64,5066.22,2026-03-09T03:00:00@5080.88;2026-03-09T03:10:00@5026.00;2026-03-09T03:35:00@5060.20,1,,NA,NA,,NA,,NA,0,NA,,,2026-03-09T03:45:00,STRUCTURE_FAILED,0
43d8388212f634e9,M5,L3,SHORT,DESIGN,2026-03-09T03:10:00,5036.27,5026.00,5054.89,2026-03-09T03:00:00@5080.88;2026-03-09T03:10:00@5026.00;2026-03-09T03:35:00@5060.20,1,,NA,NA,,NA,,NA,0,NA,,,2026-03-09T03:45:00,STRUCTURE_FAILED,0
be687186bab91583,M5,L3,SHORT,DESIGN,2026-03-09T16:40:00,5076.41,5074.49,5098.42,2026-03-09T16:35:00@5111.29;2026-03-09T16:45:00@5068.83;2026-03-09T16:50:00@5082.62,1,,NA,NA,,NA,,NA,0,NA,,,2026-03-09T16:55:00,STRUCTURE_FAILED,0
6fc7789d06b645d0,M5,L3,LONG,DESIGN,2026-03-09T21:40:00,5117.91,5114.44,5120.10,2026-03-09T21:05:00@5092.37;2026-03-09T22:00:00@5130.79;2026-03-09T22:05:00@5118.51,1,,NA,NA,,NA,,NA,0,NA,,,2026-03-09T22:10:00,STRUCTURE_FAILED,0
b130768b43d63846,M5,L3,LONG,DESIGN,2026-03-09T22:15:00,5134.08,5118.43,5134.13,2026-03-09T22:05:00@5118.51;2026-03-09T22:20:00@5143.95;2026-03-09T22:35:00@5125.02,1,,NA,NA,,NA,,NA,0,NA,,,2026-03-09T22:40:00,STRUCTURE_FAILED,0
11dc17b45cc3e7c5,M5,L3,LONG,DESIGN,2026-03-09T22:55:00,5141.03,5133.74,5143.91,2026-03-09T22:45:00@5129.14;2026-03-09T23:05:00@5148.05;2026-03-09T23:25:00@5134.26,1,,NA,NA,,NA,,NA,0,NA,,,2026-03-09T23:45:00,STRUCTURE_FAILED,0
acf504d41b05a109,M5,L3,LONG,DESIGN,2026-03-10T04:55:00,5184.14,5173.45,5186.07,2026-03-10T04:30:00@5152.95;2026-03-10T05:00:00@5186.82;2026-03-10T05:05:00@5170.67,1,,NA,NA,,NA,,NA,0,NA,,,2026-03-10T05:15:00,STRUCTURE_FAILED,0
ddf70d703d8b2ad3,M5,L2,LONG,DESIGN,2026-03-10T11:35:00,5190.52,5183.06,5190.52,2026-03-10T11:20:00@5175.43;2026-03-10T11:45:00@5195.10;2026-03-10T12:00:00@5180.66,1,,NA,NA,,NA,,NA,0,NA,,,2026-03-10T12:05:00,STRUCTURE_FAILED,0
5e1ebda0e258506f,M5,L3,LONG,DESIGN,2026-03-10T11:35:00,5190.52,5183.06,5190.52,2026-03-10T11:20:00@5175.43;2026-03-10T11:45:00@5195.10;2026-03-10T12:00:00@5180.66,1,,NA,NA,,NA,,NA,0,NA,,,2026-03-10T12:05:00,STRUCTURE_FAILED,0
dfa7c5bcac7dc38d,M5,L3,SHORT,DESIGN,2026-03-10T13:35:00,5157.76,5156.54,5170.35,2026-03-10T13:20:00@5182.10;2026-03-10T13:35:00@5156.54;2026-03-10T14:10:00@5191.91,1,,NA,NA,,NA,,NA,0,NA,,,2026-03-10T14:15:00,STRUCTURE_FAILED,0
f52c42588d375803,M5,L3,LONG,DESIGN,2026-03-10T16:00:00,5195.59,5185.93,5200.76,2026-03-10T15:50:00@5180.43;2026-03-10T16:25:00@5228.83;2026-03-10T16:35:00@5207.35;2026-03-10T16:40:00@5216.89,1,,NA,NA,,NA,,NA,0,NA,,,2026-03-10T16:45:00,STRUCTURE_FAILED,0
8fda8c71bce9b75b,M5,L1,LONG,DESIGN,2026-03-10T16:15:00,5214.38,5199.14,5215.55,2026-03-10T15:50:00@5180.43;2026-03-10T16:25:00@5228.83;2026-03-10T16:35:00@5207.35,1,,NA,NA,,NA,,NA,0,NA,,,2026-03-10T16:40:00,STRUCTURE_FAILED,0
dff724ab12b9a2f9,M5,L3,LONG,DESIGN,2026-03-10T16:15:00,5214.38,5199.14,5215.55,2026-03-10T15:50:00@5180.43;2026-03-10T16:25:00@5228.83;2026-03-10T16:35:00@5207.35,1,,NA,NA,,NA,,NA,0,NA,,,2026-03-10T16:40:00,STRUCTURE_FAILED,0
9dd17ee03e602805,M5,L4,SHORT,DESIGN,2026-03-10T21:00:00,5221.43,5217.62,5227.99,2026-03-10T20:50:00@5232.81;2026-03-10T21:00:00@5217.62;2026-03-10T21:10:00@5227.19,1,,NA,NA,,NA,,NA,0,NA,,,2026-03-10T21:15:00,STRUCTURE_FAILED,0
8dab4cf7774e7782,M5,L4,LONG,DESIGN,2026-03-11T03:15:00,5202.77,5191.41,5203.66,2026-03-11T03:05:00@5186.69;2026-03-11T03:25:00@5215.53;2026-03-11T03:30:00@5205.86;2026-03-11T04:00:00@5223.25;2026-03-11T04:10:00@5212.12;2026-03-11T04:20:00@5223.03,2,,NA,NA,,NA,,NA,0,NA,,,2026-03-11T04:25:00,STRUCTURE_FAILED,0
7381b0e9844513e1,M5,L4,SHORT,DESIGN,2026-03-11T08:30:00,5197.86,5190.34,5200.58,2026-03-11T08:05:00@5208.21;2026-03-11T08:30:00@5190.34;2026-03-11T08:40:00@5204.50,1,,NA,NA,,NA,,NA,0,NA,,,2026-03-11T08:45:00,STRUCTURE_FAILED,0
a3cca5bc0b7bf7ce,M5,L2,SHORT,DESIGN,2026-03-11T10:35:00,5186.67,5185.15,5194.14,2026-03-11T10:05:00@5202.14;2026-03-11T10:40:00@5184.58;2026-03-11T10:50:00@5197.81,1,,NA,NA,,NA,,NA,0,NA,,,2026-03-11T11:00:00,STRUCTURE_FAILED,0
271b542278ebc502,M5,L3,SHORT,DESIGN,2026-03-11T16:45:00,5160.04,5158.52,5167.52,2026-03-11T16:20:00@5183.15;2026-03-11T16:50:00@5149.03;2026-03-11T17:30:00@5196.23,1,,NA,NA,,NA,,NA,0,NA,,,2026-03-11T17:35:00,STRUCTURE_FAILED,0
c1fa5ab97ec4c598,M5,L4,LONG,DESIGN,2026-03-11T20:05:00,5180.47,5177.91,5180.96,2026-03-11T19:50:00@5170.36;2026-03-11T20:05:00@5180.96;2026-03-11T20:40:00@5154.63,1,,NA,NA,,NA,,NA,0,NA,,,2026-03-11T20:45:00,STRUCTURE_FAILED,0
febc5bf947258a2f,M5,L3,SHORT,DESIGN,2026-03-12T01:50:00,5156.03,5155.13,5169.04,2026-03-12T01:50:00@5169.04;2026-03-12T01:55:00@5129.97;2026-03-12T02:30:00@5158.02,1,,NA,NA,,NA,,NA,0,NA,,,2026-03-12T02:35:00,STRUCTURE_FAILED,0
980e894722a099d3,M5,L1,SHORT,DESIGN,2026-03-12T01:55:00,5138.93,5129.97,5158.52,2026-03-12T01:50:00@5169.04;2026-03-12T01:55:00@5129.97;2026-03-12T02:30:00@5158.02,1,,NA,NA,,NA,,NA,0,NA,,,2026-03-12T02:35:00,STRUCTURE_FAILED,0
ffc0de7590b8b6bf,M5,L3,SHORT,DESIGN,2026-03-12T01:55:00,5138.93,5129.97,5158.52,2026-03-12T01:50:00@5169.04;2026-03-12T01:55:00@5129.97;2026-03-12T02:30:00@5158.02,1,,NA,NA,,NA,,NA,0,NA,,,2026-03-12T02:35:00,STRUCTURE_FAILED,0
8b5ab9f216913442,M5,L4,SHORT,DESIGN,2026-03-12T07:35:00,5145.34,5144.38,5149.84,2026-03-12T06:55:00@5154.44;2026-03-12T07:55:00@5140.51;2026-03-12T08:10:00@5149.06,1,,NA,NA,,NA,,NA,0,NA,,,2026-03-12T08:20:00,STRUCTURE_FAILED,0
35f3223a6175246d,M5,L2,LONG,DESIGN,2026-03-12T10:40:00,5178.74,5168.12,5179.68,2026-03-12T10:40:00@5168.12;2026-03-12T10:45:00@5185.13;2026-03-12T10:50:00@5176.03,1,,NA,NA,,NA,,NA,0,NA,,,2026-03-12T10:55:00,STRUCTURE_FAILED,0
b628a1809759e378,M5,L3,LONG,DESIGN,2026-03-12T10:40:00,5178.74,5168.12,5179.68,2026-03-12T10:40:00@5168.12;2026-03-12T10:45:00@5185.13;2026-03-12T10:50:00@5176.03,1,,NA,NA,,NA,,NA,0,NA,,,2026-03-12T10:55:00,STRUCTURE_FAILED,0
6ad9f9cc34ba5a69,M5,L3,LONG,DESIGN,2026-03-12T11:00:00,5184.72,5181.47,5189.72,2026-03-12T10:50:00@5176.03;2026-03-12T11:00:00@5189.72;2026-03-12T11:25:00@5177.23,1,,NA,NA,,NA,,NA,0,NA,,,2026-03-12T11:40:00,STRUCTURE_FAILED,0
858f6840c147b23c,M5,L3,SHORT,DESIGN,2026-03-12T18:00:00,5131.84,5130.61,5144.87,2026-03-12T17:45:00@5153.62;2026-03-12T18:10:00@5109.46;2026-03-12T18:25:00@5132.67,1,,NA,NA,,NA,,NA,0,NA,,,2026-03-12T18:30:00,STRUCTURE_FAILED,0
51f7e994db5f11af,M5,L2,SHORT,DESIGN,2026-03-12T18:10:00,5124.73,5109.46,5130.77,2026-03-12T17:45:00@5153.62;2026-03-12T18:10:00@5109.46;2026-03-12T18:25:00@5132.67,1,,NA,NA,,NA,,NA,0,NA,,,2026-03-12T18:30:00,STRUCTURE_FAILED,0
211c410d4b3121b2,M5,L3,SHORT,DESIGN,2026-03-12T18:10:00,5124.73,5109.46,5130.77,2026-03-12T17:45:00@5153.62;2026-03-12T18:10:00@5109.46;2026-03-12T18:25:00@5132.67,1,,NA,NA,,NA,,NA,0,NA,,,2026-03-12T18:30:00,STRUCTURE_FAILED,0
8099ba7b7cb7c3bd,M5,L3,SHORT,DESIGN,2026-03-12T19:05:00,5124.50,5122.33,5135.02,2026-03-12T18:50:00@5135.27;2026-03-12T19:10:00@5121.18;2026-03-12T19:20:00@5138.05,1,,NA,NA,,NA,,NA,0,NA,,,2026-03-12T19:30:00,STRUCTURE_FAILED,0
21d29781b615f2df,M5,L3,SHORT,DESIGN,2026-03-12T20:30:00,5111.91,5111.11,5120.04,2026-03-12T20:20:00@5122.74;2026-03-12T20:40:00@5104.91;2026-03-12T20:45:00@5112.23,1,,NA,NA,,NA,,NA,0,NA,,,2026-03-12T20:55:00,STRUCTURE_FAILED,0
3996a8edb6102603,M5,L2,SHORT,DESIGN,2026-03-13T09:50:00,5088.25,5085.74,5092.18,2026-03-13T09:45:00@5094.72;2026-03-13T10:00:00@5083.73;2026-03-13T10:10:00@5094.22,1,,NA,NA,,NA,,NA,0,NA,,,2026-03-13T10:15:00,STRUCTURE_FAILED,0
aa8a2b453d9c9548,M5,L1,SHORT,DESIGN,2026-03-13T17:55:00,5041.70,5035.45,5064.37,2026-03-13T17:25:00@5092.89;2026-03-13T17:55:00@5035.45;2026-03-13T18:10:00@5071.40,1,,NA,NA,,NA,,NA,0,NA,,,2026-03-13T18:20:00,STRUCTURE_FAILED,0
4e682cdab3d82bc5,M5,L3,SHORT,DESIGN,2026-03-13T17:55:00,5041.70,5035.45,5064.37,2026-03-13T17:25:00@5092.89;2026-03-13T17:55:00@5035.45;2026-03-13T18:10:00@5071.40,1,,NA,NA,,NA,,NA,0,NA,,,2026-03-13T18:20:00,STRUCTURE_FAILED,0
0deca75d94c181b6,M5,L3,SHORT,DESIGN,2026-03-13T22:45:00,5015.51,5012.72,5025.93,2026-03-13T22:25:00@5040.37;2026-03-13T22:50:00@5009.57;2026-03-13T22:55:00@5023.53,1,,NA,NA,,NA,,NA,0,NA,,,2026-03-13T23:00:00,STRUCTURE_FAILED,0
9ea039ad3cd6028e,M5,L3,SHORT,DESIGN,2026-03-13T23:20:00,5014.18,5012.34,5016.21,2026-03-13T23:15:00@5021.41;2026-03-13T23:20:00@5012.34;2026-03-13T23:40:00@5025.32,1,,NA,NA,,NA,,NA,0,NA,,,2026-03-13T23:45:00,STRUCTURE_FAILED,0
60b9fe603ce58b16,M5,L2,LONG,DESIGN,2026-03-16T09:15:00,5033.79,5026.00,5036.07,2026-03-16T09:00:00@5013.01;2026-03-16T09:15:00@5036.07;2026-03-16T09:50:00@5005.40,1,,NA,NA,,NA,,NA,0,NA,,,2026-03-16T09:55:00,STRUCTURE_FAILED,0
b15a4229227278fe,M5,L3,LONG,DESIGN,2026-03-16T09:15:00,5033.79,5026.00,5036.07,2026-03-16T09:00:00@5013.01;2026-03-16T09:15:00@5036.07;2026-03-16T09:50:00@5005.40,1,,NA,NA,,NA,,NA,0,NA,,,2026-03-16T09:55:00,STRUCTURE_FAILED,0
8aa3b071e70f34f8,M5,L3,LONG,DESIGN,2026-03-17T04:50:00,5025.48,5020.39,5026.49,2026-03-17T04:25:00@5007.30;2026-03-17T05:00:00@5029.56;2026-03-17T05:20:00@5020.01,1,,NA,NA,,NA,,NA,0,NA,,,2026-03-17T05:25:00,STRUCTURE_FAILED,0
2989dabb601a091c,M5,L1,LONG,DESIGN,2026-03-17T07:40:00,5039.72,5033.68,5041.67,2026-03-17T07:25:00@5026.13;2026-03-17T07:50:00@5041.96;2026-03-17T08:10:00@5032.39,1,,NA,NA,,NA,,NA,0,NA,,,2026-03-17T08:15:00,STRUCTURE_FAILED,0
e0d6c602a21affc9,M5,L3,LONG,DESIGN,2026-03-17T07:40:00,5039.72,5033.68,5041.67,2026-03-17T07:25:00@5026.13;2026-03-17T07:50:00@5041.96;2026-03-17T08:10:00@5032.39,1,,NA,NA,,NA,,NA,0,NA,,,2026-03-17T08:15:00,STRUCTURE_FAILED,0
9076dfff053a5289,M5,L3,SHORT,DESIGN,2026-03-17T13:05:00,5001.55,5001.03,5010.76,2026-03-17T12:25:00@5019.73;2026-03-17T13:05:00@5001.03;2026-03-17T13:30:00@5009.41,1,,NA,NA,,NA,,NA,0,NA,,,2026-03-17T13:35:00,STRUCTURE_FAILED,0
744efe2b83fad639,M5,L3,SHORT,DESIGN,2026-03-17T18:35:00,4982.11,4981.77,4995.57,2026-03-17T18:15:00@5014.88;2026-03-17T18:40:00@4973.56;2026-03-17T19:30:00@5005.80,1,,NA,NA,,NA,,NA,0,NA,,,2026-03-17T19:45:00,STRUCTURE_FAILED,0
69cf99793da7d85c,M5,L3,LONG,DESIGN,2026-03-18T03:05:00,5012.02,5006.47,5012.03,2026-03-18T02:25:00@4998.70;2026-03-18T03:10:00@5012.44;2026-03-18T03:40:00@5000.22,1,,NA,NA,,NA,,NA,0,NA,,,2026-03-18T03:45:00,STRUCTURE_FAILED,0
7705aac5db51a516,M5,L3,SHORT,DESIGN,2026-03-18T05:55:00,4991.96,4990.45,4995.97,2026-03-18T05:45:00@5004.08;2026-03-18T06:00:00@4986.14;2026-03-18T06:35:00@4997.52,1,,NA,NA,,NA,,NA,0,NA,,,2026-03-18T06:45:00,STRUCTURE_FAILED,0
1abd561f1664f4bf,M5,L2,SHORT,DESIGN,2026-03-18T13:30:00,4980.51,4979.15,4987.49,2026-03-18T13:20:00@4990.99;2026-03-18T13:35:00@4959.56;2026-03-18T13:45:00@4980.25,1,,NA,NA,,NA,,NA,0,NA,,,2026-03-18T13:50:00,STRUCTURE_FAILED,0
c69512c94208237a,M5,L3,SHORT,DESIGN,2026-03-18T13:30:00,4980.51,4979.15,4987.49,2026-03-18T13:20:00@4990.99;2026-03-18T13:35:00@4959.56;2026-03-18T13:45:00@4980.25,1,,NA,NA,,NA,,NA,0,NA,,,2026-03-18T13:50:00,STRUCTURE_FAILED,0
acf1d391539f4c26,M5,L1,SHORT,DESIGN,2026-03-18T13:50:00,4972.83,4971.98,4976.89,2026-03-18T13:45:00@4980.25;2026-03-18T14:05:00@4950.40;2026-03-18T14:20:00@4973.90,1,,NA,NA,,NA,,NA,0,NA,,,2026-03-18T14:25:00,STRUCTURE_FAILED,0
1c069a73880b1ea7,M5,L3,SHORT,DESIGN,2026-03-18T13:50:00,4972.83,4971.98,4976.89,2026-03-18T13:45:00@4980.25;2026-03-18T14:05:00@4950.40;2026-03-18T14:20:00@4973.90,1,,NA,NA,,NA,,NA,0,NA,,,2026-03-18T14:25:00,STRUCTURE_FAILED,0
703625e4d784e65e,M5,L3,SHORT,DESIGN,2026-03-18T13:55:00,4967.89,4958.84,4973.09,2026-03-18T13:45:00@4980.25;2026-03-18T14:05:00@4950.40;2026-03-18T14:20:00@4973.90,1,,NA,NA,,NA,,NA,0,NA,,,2026-03-18T14:25:00,STRUCTURE_FAILED,0
3441e2dc95863014,M5,L3,SHORT,DESIGN,2026-03-18T14:00:00,4958.60,4957.20,4969.74,2026-03-18T13:45:00@4980.25;2026-03-18T14:05:00@4950.40;2026-03-18T14:20:00@4973.90,1,,NA,NA,,NA,,NA,0,NA,,,2026-03-18T14:25:00,STRUCTURE_FAILED,0
0b0beaa5800e01a0,M5,L4,LONG,DESIGN,2026-03-18T19:25:00,4882.37,4876.38,4883.05,2026-03-18T19:00:00@4860.96;2026-03-18T19:25:00@4883.05;2026-03-18T19:35:00@4873.29,1,,NA,NA,,NA,,NA,0,NA,,,2026-03-18T19:40:00,STRUCTURE_FAILED,0
dd62f2ed8f2a2f88,M5,L3,SHORT,DESIGN,2026-03-18T23:10:00,4825.76,4823.55,4842.49,2026-03-18T23:00:00@4848.59;2026-03-18T23:15:00@4818.52;2026-03-18T23:20:00@4828.45,1,,NA,NA,,NA,,NA,0,NA,,,2026-03-18T23:25:00,STRUCTURE_FAILED,0
e8cb30f977315a65,M5,L4,SHORT,DESIGN,2026-03-19T08:30:00,4840.66,4839.10,4846.72,2026-03-19T08:20:00@4853.93;2026-03-19T08:45:00@4829.29;2026-03-19T08:50:00@4840.19,1,,NA,NA,,NA,,NA,0,NA,,,2026-03-19T08:55:00,STRUCTURE_FAILED,0
4f96d69fede8243e,M5,L2,SHORT,DESIGN,2026-03-19T09:15:00,4821.93,4821.58,4833.62,2026-03-19T09:00:00@4842.33;2026-03-19T09:50:00@4747.65;2026-03-19T10:10:00@4784.27;2026-03-19T10:25:00@4756.97,1,,NA,NA,,NA,,NA,0,NA,,,2026-03-19T10:30:00,STRUCTURE_FAILED,0
8c2b773e1754a40f,M5,L1,SHORT,DESIGN,2026-03-19T09:30:00,4806.45,4806.45,4819.84,2026-03-19T09:00:00@4842.33;2026-03-19T09:50:00@4747.65;2026-03-19T10:10:00@4784.27;2026-03-19T10:25:00@4756.97,1,,NA,NA,,NA,,NA,0,NA,,,2026-03-19T10:30:00,STRUCTURE_FAILED,0
3106d16ea3db762c,M5,L3,SHORT,DESIGN,2026-03-19T09:35:00,4796.11,4791.36,4808.61,2026-03-19T09:00:00@4842.33;2026-03-19T09:50:00@4747.65;2026-03-19T10:10:00@4784.27;2026-03-19T10:25:00@4756.97,1,,NA,NA,,NA,,NA,0,NA,,,2026-03-19T10:30:00,STRUCTURE_FAILED,0
fb4f02044dc6c7ff,M5,L4,SHORT,DESIGN,2026-03-19T13:20:00,4679.66,4670.85,4694.27,2026-03-19T13:05:00@4719.93;2026-03-19T13:20:00@4670.85;2026-03-19T13:30:00@4700.56,1,,NA,NA,,NA,,NA,0,NA,,,2026-03-19T13:40:00,STRUCTURE_FAILED,0
13680cfff88bba99,M5,L3,LONG,DESIGN,2026-03-20T04:40:00,4686.61,4674.43,4688.98,2026-03-20T04:15:00@4648.56;2026-03-20T04:45:00@4699.36;2026-03-20T04:55:00@4672.40,1,,NA,NA,,NA,,NA,0,NA,,,2026-03-20T05:00:00,STRUCTURE_FAILED,0
2693181bea28c65d,M5,L3,SHORT,DESIGN,2026-03-20T13:00:00,4653.04,4652.05,4670.00,2026-03-20T12:10:00@4700.39;2026-03-20T13:00:00@4652.05;2026-03-20T13:05:00@4667.61,1,,NA,NA,,NA,,NA,0,NA,,,2026-03-20T13:10:00,STRUCTURE_FAILED,0
7a315a9279aa43bb,M5,L2,SHORT,DESIGN,2026-03-20T16:50:00,4622.00,4620.21,4653.16,2026-03-20T16:40:00@4665.42;2026-03-20T17:25:00@4551.20;2026-03-20T17:35:00@4585.29;2026-03-20T17:55:00@4548.06;2026-03-20T18:00:00@4580.31;2026-03-20T18:05:00@4560.29,2,,NA,NA,,NA,,NA,0,NA,,,2026-03-20T18:10:00,STRUCTURE_FAILED,0
aa590ec053109bf6,M5,L3,SHORT,DESIGN,2026-03-20T16:50:00,4622.00,4620.21,4653.16,2026-03-20T16:40:00@4665.42;2026-03-20T17:25:00@4551.20;2026-03-20T17:35:00@4585.29;2026-03-20T17:55:00@4548.06;2026-03-20T18:00:00@4580.31;2026-03-20T18:05:00@4560.29,2,,NA,NA,,NA,,NA,0,NA,,,2026-03-20T18:10:00,STRUCTURE_FAILED,0
f21c6ac1fe5398e6,M5,L3,SHORT,DESIGN,2026-03-20T21:40:00,4526.15,4524.62,4546.15,2026-03-20T21:25:00@4558.62;2026-03-20T21:55:00@4477.28;2026-03-20T22:00:00@4516.31;2026-03-20T22:05:00@4485.63,1,,NA,NA,,NA,,NA,0,NA,,,2026-03-20T22:10:00,STRUCTURE_FAILED,0
84041505b1350d58,M5,L1,SHORT,DESIGN,2026-03-20T21:50:00,4502.46,4500.96,4517.98,2026-03-20T21:25:00@4558.62;2026-03-20T21:55:00@4477.28;2026-03-20T22:00:00@4516.31,1,,NA,NA,,NA,,NA,0,NA,,,2026-03-20T22:05:00,STRUCTURE_FAILED,0
33eed93cb60b4f03,M5,L3,SHORT,DESIGN,2026-03-20T21:50:00,4502.46,4500.96,4517.98,2026-03-20T21:25:00@4558.62;2026-03-20T21:55:00@4477.28;2026-03-20T22:00:00@4516.31,1,,NA,NA,,NA,,NA,0,NA,,,2026-03-20T22:05:00,STRUCTURE_FAILED,0
416e487d32e08138,M5,L2,SHORT,DESIGN,2026-03-23T08:50:00,4303.78,4303.62,4324.22,2026-03-23T08:35:00@4340.34;2026-03-23T09:05:00@4270.40;2026-03-23T09:15:00@4310.29,1,,NA,NA,,NA,,NA,0,NA,,,2026-03-23T09:20:00,STRUCTURE_FAILED,0
0d6c7ba4205a7347,M5,L3,SHORT,DESIGN,2026-03-23T08:50:00,4303.78,4303.62,4324.22,2026-03-23T08:35:00@4340.34;2026-03-23T09:05:00@4270.40;2026-03-23T09:15:00@4310.29,1,,NA,NA,,NA,,NA,0,NA,,,2026-03-23T09:20:00,STRUCTURE_FAILED,0
33eee6f1bb93bbfc,M5,L3,SHORT,DESIGN,2026-03-24T03:35:00,4348.53,4335.50,4376.97,2026-03-24T03:00:00@4446.61;2026-03-24T03:40:00@4331.51;2026-03-24T03:50:00@4386.64,1,,NA,NA,,NA,,NA,0,NA,,,2026-03-24T03:55:00,STRUCTURE_FAILED,0
606ddbb024e1898d,M5,L3,LONG,DESIGN,2026-03-24T13:55:00,4438.43,4425.87,4441.65,2026-03-24T13:35:00@4414.70;2026-03-24T14:00:00@4442.02;2026-03-24T14:05:00@4399.92,1,,NA,NA,,NA,,NA,0,NA,,,2026-03-24T14:10:00,STRUCTURE_FAILED,0
8758355cc809fc78,M5,L3,LONG,DESIGN,2026-03-24T23:20:00,4463.89,4409.15,4466.80,2026-03-24T22:40:00@4395.02;2026-03-24T23:25:00@4484.18;2026-03-24T23:30:00@4447.69,1,,NA,NA,,NA,,NA,0,NA,,,2026-03-24T23:35:00,STRUCTURE_FAILED,0
860818613db19cbd,M5,L3,LONG,DESIGN,2026-03-24T23:35:00,4472.16,4454.99,4472.83,2026-03-24T23:30:00@4447.69;2026-03-24T23:35:00@4472.83;2026-03-24T23:40:00@4446.82,1,,NA,NA,,NA,,NA,0,NA,,,2026-03-24T23:45:00,STRUCTURE_FAILED,0
0423b804fe206a43,M5,L1,LONG,DESIGN,2026-03-25T01:05:00,4484.48,4474.08,4486.23,2026-03-24T23:40:00@4446.82;2026-03-25T01:05:00@4486.23;2026-03-25T01:30:00@4455.95,1,,NA,NA,,NA,,NA,0,NA,,,2026-03-25T01:35:00,STRUCTURE_FAILED,0
14513a07b9392805,M5,L3,LONG,DESIGN,2026-03-25T02:35:00,4546.02,4504.34,4546.41,2026-03-25T01:30:00@4455.95;2026-03-25T02:35:00@4546.41;2026-03-25T02:40:00@4531.75,1,,NA,NA,,NA,,NA,0,NA,,,2026-03-25T02:45:00,STRUCTURE_FAILED,0
89e954c365a44fbe,M5,L4,SHORT,DESIGN,2026-03-25T08:15:00,4564.58,4563.98,4571.71,2026-03-25T08:10:00@4572.22;2026-03-25T08:30:00@4549.37;2026-03-25T08:45:00@4566.79,1,,NA,NA,,NA,,NA,0,NA,,,2026-03-25T08:50:00,STRUCTURE_FAILED,0
8143798b223f32fe,M5,L3,LONG,DESIGN,2026-03-25T14:05:00,4567.84,4565.99,4569.03,2026-03-25T13:35:00@4551.14;2026-03-25T14:35:00@4585.79;2026-03-25T14:50:00@4572.43;2026-03-25T15:05:00@4583.60,1,,NA,NA,,NA,,NA,0,NA,,,2026-03-25T15:15:00,STRUCTURE_FAILED,0
9669863af27fd02b,M5,L3,SHORT,DESIGN,2026-03-25T22:05:00,4503.47,4502.64,4535.67,2026-03-25T21:30:00@4557.62;2026-03-25T22:10:00@4486.87;2026-03-25T22:15:00@4516.22,1,,NA,NA,,NA,,NA,0,NA,,,2026-03-25T22:20:00,STRUCTURE_FAILED,0
9d24d8bfe3b8ab99,M5,L2,SHORT,DESIGN,2026-03-26T08:40:00,4483.05,4483.04,4495.07,2026-03-26T08:35:00@4495.66;2026-03-26T09:15:00@4415.85;2026-03-26T09:45:00@4457.35;2026-03-26T09:50:00@4444.16,1,,NA,NA,,NA,,NA,0,NA,,,2026-03-26T09:55:00,STRUCTURE_FAILED,0
c92368e196e3a8b1,M5,L3,SHORT,DESIGN,2026-03-26T08:40:00,4483.05,4483.04,4495.07,2026-03-26T08:35:00@4495.66;2026-03-26T09:15:00@4415.85;2026-03-26T09:45:00@4457.35;2026-03-26T09:50:00@4444.16,1,,NA,NA,,NA,,NA,0,NA,,,2026-03-26T09:55:00,STRUCTURE_FAILED,0
db3dc7b9aac1bcc5,M5,L1,SHORT,DESIGN,2026-03-26T08:55:00,4439.04,4439.01,4463.46,2026-03-26T08:35:00@4495.66;2026-03-26T09:15:00@4415.85;2026-03-26T09:45:00@4457.35,1,,NA,NA,,NA,,NA,0,NA,,,2026-03-26T09:50:00,STRUCTURE_FAILED,0
2765f2db5da0512f,M5,L3,SHORT,DESIGN,2026-03-26T19:20:00,4400.27,4390.06,4428.48,2026-03-26T19:10:00@4442.67;2026-03-26T19:35:00@4366.61;2026-03-26T20:05:00@4402.57,1,,NA,NA,,NA,,NA,0,NA,,,2026-03-26T20:10:00,STRUCTURE_FAILED,0
7905b2016019c1e5,M5,L3,SHORT,DESIGN,2026-03-26T22:50:00,4364.27,4363.56,4375.93,2026-03-26T22:35:00@4388.43;2026-03-26T23:05:00@4351.05;2026-03-26T23:10:00@4414.01,1,,NA,NA,,NA,,NA,0,NA,,,2026-03-26T23:15:00,STRUCTURE_FAILED,0
51370201d3d5d06e,M5,L3,LONG,DESIGN,2026-03-27T05:00:00,4430.52,4417.09,4433.97,2026-03-27T04:45:00@4411.91;2026-03-27T05:10:00@4439.59;2026-03-27T05:20:00@4426.12,1,,NA,NA,,NA,,NA,0,NA,,,2026-03-27T05:25:00,STRUCTURE_FAILED,0
356f4cbb09c4f099,M5,L2,LONG,DESIGN,2026-03-27T08:30:00,4459.35,4442.68,4460.00,2026-03-27T08:25:00@4440.40;2026-03-27T08:40:00@4475.09;2026-03-27T08:55:00@4453.54,1,,NA,NA,,NA,,NA,0,NA,,,2026-03-27T09:00:00,STRUCTURE_FAILED,0
edf4df2b09d3d72a,M5,L3,LONG,DESIGN,2026-03-27T17:50:00,4489.05,4472.53,4499.66,2026-03-27T17:30:00@4451.87;2026-03-27T18:20:00@4555.44;2026-03-27T19:00:00@4518.23;2026-03-27T19:20:00@4533.78,1,,NA,NA,,NA,,NA,0,NA,,,2026-03-27T19:30:00,STRUCTURE_FAILED,0
026a3756fa90a73f,M5,L1,LONG,DESIGN,2026-03-27T18:20:00,4545.21,4532.32,4555.44,2026-03-27T17:30:00@4451.87;2026-03-27T18:20:00@4555.44;2026-03-27T19:00:00@4518.23,1,,NA,NA,,NA,,NA,0,NA,,,2026-03-27T19:05:00,STRUCTURE_FAILED,0
d0e764ef5fe9d1bc,M5,L3,LONG,DESIGN,2026-03-27T18:20:00,4545.21,4532.32,4555.44,2026-03-27T17:30:00@4451.87;2026-03-27T18:20:00@4555.44;2026-03-27T19:00:00@4518.23,1,,NA,NA,,NA,,NA,0,NA,,,2026-03-27T19:05:00,STRUCTURE_FAILED,0
e2182e8a0a20d53a,M5,L2,LONG,DESIGN,2026-03-30T08:45:00,4520.58,4510.25,4521.41,2026-03-30T08:40:00@4504.50;2026-03-30T08:50:00@4528.54;2026-03-30T09:00:00@4517.02,1,,NA,NA,,NA,,NA,0,NA,,,2026-03-30T09:05:00,STRUCTURE_FAILED,0
fe77162af11e02ca,M5,L4,LONG,DESIGN,2026-03-30T14:15:00,4544.56,4538.03,4545.56,2026-03-30T14:00:00@4525.58;2026-03-30T14:15:00@4545.56;2026-03-30T14:20:00@4534.91,1,,NA,NA,,NA,,NA,0,NA,,,2026-03-30T14:25:00,STRUCTURE_FAILED,0
e8166be18f7858d0,M5,L1,LONG,DESIGN,2026-03-30T14:40:00,4565.19,4540.63,4565.25,2026-03-30T14:35:00@4538.72;2026-03-30T14:50:00@4580.86;2026-03-30T15:00:00@4545.41,1,,NA,NA,,NA,,NA,0,NA,,,2026-03-30T15:05:00,STRUCTURE_FAILED,0
2779760dcc30d1f0,M5,L3,LONG,DESIGN,2026-03-30T14:40:00,4565.19,4540.63,4565.25,2026-03-30T14:35:00@4538.72;2026-03-30T14:50:00@4580.86;2026-03-30T15:00:00@4545.41,1,,NA,NA,,NA,,NA,0,NA,,,2026-03-30T15:05:00,STRUCTURE_FAILED,0
38cf22914e890676,M5,L3,LONG,DESIGN,2026-03-30T14:45:00,4570.77,4564.60,4573.47,2026-03-30T14:35:00@4538.72;2026-03-30T14:50:00@4580.86;2026-03-30T15:00:00@4545.41,1,,NA,NA,,NA,,NA,0,NA,,,2026-03-30T15:05:00,STRUCTURE_FAILED,0
421ba777bc4a6552,M5,L3,SHORT,DESIGN,2026-03-30T21:50:00,4507.13,4507.09,4518.26,2026-03-30T21:35:00@4519.41;2026-03-30T22:00:00@4495.26;2026-03-30T22:05:00@4504.95;2026-03-30T22:10:00@4493.41;2026-03-30T22:15:00@4502.08;2026-03-30T22:20:00@4493.00,3,2026-03-30T22:30:00,4510.47,2.438499,,NA,,NA,0,NA,,,2026-03-30T22:45:00,STRUCTURE_FAILED,0
f5af7d1d65fb72de,M5,L1,LONG,DESIGN,2026-03-31T04:20:00,4585.09,4565.24,4585.65,2026-03-31T04:05:00@4532.15;2026-03-31T04:30:00@4592.22;2026-03-31T04:35:00@4577.61,1,,NA,NA,,NA,,NA,0,NA,,,2026-03-31T04:40:00,STRUCTURE_FAILED,0
c1467f00a886cd14,M5,L3,LONG,DESIGN,2026-03-31T04:20:00,4585.09,4565.24,4585.65,2026-03-31T04:05:00@4532.15;2026-03-31T04:30:00@4592.22;2026-03-31T04:35:00@4577.61,1,,NA,NA,,NA,,NA,0,NA,,,2026-03-31T04:40:00,STRUCTURE_FAILED,0
8d377d8bfbe7ce5f,M5,L3,LONG,DESIGN,2026-03-31T04:35:00,4588.67,4577.61,4589.00,2026-03-31T04:35:00@4577.61;2026-03-31T04:45:00@4619.51;2026-03-31T04:50:00@4596.02;2026-03-31T04:55:00@4614.84,1,,NA,NA,,NA,,NA,0,NA,,,2026-03-31T05:00:00,STRUCTURE_FAILED,0
99b9bd9468735e8e,M5,L3,LONG,DESIGN,2026-03-31T04:40:00,4617.77,4588.23,4618.97,2026-03-31T04:35:00@4577.61;2026-03-31T04:45:00@4619.51;2026-03-31T04:50:00@4596.02,1,,NA,NA,,NA,,NA,0,NA,,,2026-03-31T04:55:00,STRUCTURE_FAILED,0
ce60517839d6b229,M5,L3,SHORT,DESIGN,2026-03-31T13:35:00,4534.15,4532.90,4556.40,2026-03-31T13:25:00@4561.06;2026-03-31T13:40:00@4529.51;2026-03-31T13:55:00@4552.72,1,,NA,NA,,NA,,NA,0,NA,,,2026-03-31T14:00:00,STRUCTURE_FAILED,0
6b86b37bc4ff563b,M5,L3,LONG,DESIGN,2026-03-31T14:20:00,4575.93,4564.78,4576.76,2026-03-31T14:10:00@4541.10;2026-03-31T14:25:00@4583.39;2026-03-31T14:30:00@4568.93,1,,NA,NA,,NA,,NA,0,NA,,,2026-03-31T14:35:00,STRUCTURE_FAILED,0
a39f7a2efd0c28f8,M5,L3,LONG,DESIGN,2026-03-31T14:35:00,4589.54,4574.25,4593.26,2026-03-31T14:30:00@4568.93;2026-03-31T14:35:00@4593.26;2026-03-31T14:55:00@4576.69,1,,NA,NA,,NA,,NA,0,NA,,,2026-03-31T15:00:00,STRUCTURE_FAILED,0
20a07e6f86c9e81d,M5,L2,LONG,DESIGN,2026-03-31T17:30:00,4621.05,4615.10,4630.36,2026-03-31T17:10:00@4603.83;2026-03-31T17:30:00@4630.36;2026-03-31T17:55:00@4594.91,1,,NA,NA,,NA,,NA,0,NA,,,2026-03-31T18:00:00,STRUCTURE_FAILED,0
fc4470045dd056ed,M5,L3,LONG,DESIGN,2026-03-31T17:30:00,4621.05,4615.10,4630.36,2026-03-31T17:10:00@4603.83;2026-03-31T17:30:00@4630.36;2026-03-31T17:55:00@4594.91,1,,NA,NA,,NA,,NA,0,NA,,,2026-03-31T18:00:00,STRUCTURE_FAILED,0
e550cb9400fcc4dc,M5,L1,LONG,DESIGN,2026-04-01T01:35:00,4695.16,4671.76,4695.38,2026-04-01T01:30:00@4671.02;2026-04-01T01:40:00@4696.66;2026-04-01T01:45:00@4661.66,1,,NA,NA,,NA,,NA,0,NA,,,2026-04-01T01:50:00,STRUCTURE_FAILED,0
dc0f5e554d976992,M5,L2,LONG,DESIGN,2026-04-01T09:50:00,4726.98,4720.40,4728.00,2026-04-01T09:35:00@4702.19;2026-04-01T09:55:00@4733.08;2026-04-01T10:15:00@4713.05,1,,NA,NA,,NA,,NA,0,NA,,,2026-04-01T10:20:00,STRUCTURE_FAILED,0
2e8542d5b845a765,M5,L3,LONG,DESIGN,2026-04-01T09:50:00,4726.98,4720.40,4728.00,2026-04-01T09:35:00@4702.19;2026-04-01T09:55:00@4733.08;2026-04-01T10:15:00@4713.05,1,,NA,NA,,NA,,NA,0,NA,,,2026-04-01T10:20:00,STRUCTURE_FAILED,0
b34f827b0cd7b627,M5,L3,LONG,DESIGN,2026-04-01T14:35:00,4756.85,4745.85,4758.64,2026-04-01T13:50:00@4727.96;2026-04-01T14:40:00@4763.01;2026-04-01T14:45:00@4753.12,1,,NA,NA,,NA,,NA,0,NA,,,2026-04-01T14:50:00,STRUCTURE_FAILED,0
2f3ee1fab3e97a7a,M5,L3,LONG,DESIGN,2026-04-01T17:50:00,4767.68,4756.25,4768.36,2026-04-01T17:25:00@4730.32;2026-04-01T18:10:00@4774.94;2026-04-01T18:15:00@4762.41,1,,NA,NA,,NA,,NA,0,NA,,,2026-04-01T18:20:00,STRUCTURE_FAILED,0
c5c086595e298dd5,M5,L1,LONG,DESIGN,2026-04-02T02:15:00,4795.97,4788.60,4798.86,2026-04-02T02:00:00@4773.61;2026-04-02T02:15:00@4798.86;2026-04-02T02:20:00@4791.67,1,,NA,NA,,NA,,NA,0,NA,,,2026-04-02T02:30:00,STRUCTURE_FAILED,0
aa5078a3a1a814ac,M5,L3,LONG,DESIGN,2026-04-02T02:15:00,4795.97,4788.60,4798.86,2026-04-02T02:00:00@4773.61;2026-04-02T02:15:00@4798.86;2026-04-02T02:20:00@4791.67,1,,NA,NA,,NA,,NA,0,NA,,,2026-04-02T02:30:00,STRUCTURE_FAILED,0
a2af1e3debe7ff98,M5,L3,SHORT,DESIGN,2026-04-02T04:15:00,4727.16,4723.89,4752.72,2026-04-02T04:10:00@4764.97;2026-04-02T04:30:00@4649.66;2026-04-02T04:40:00@4708.31;2026-04-02T04:45:00@4684.90,1,,NA,NA,,NA,,NA,0,NA,,,2026-04-02T04:50:00,STRUCTURE_FAILED,0
dbd665f289343be4,M5,L3,SHORT,DESIGN,2026-04-02T04:20:00,4714.26,4710.94,4734.62,2026-04-02T04:10:00@4764.97;2026-04-02T04:30:00@4649.66;2026-04-02T04:40:00@4708.31;2026-04-02T04:45:00@4684.90,1,,NA,NA,,NA,,NA,0,NA,,,2026-04-02T04:50:00,STRUCTURE_FAILED,0
73d524c282b0e9be,M5,L1,SHORT,DESIGN,2026-04-02T05:35:00,4659.66,4655.26,4670.75,2026-04-02T05:15:00@4703.05;2026-04-02T05:35:00@4655.26;2026-04-02T06:25:00@4699.43,1,,NA,NA,,NA,,NA,0,NA,,,2026-04-02T06:30:00,STRUCTURE_FAILED,0
92d668027601fd3e,M5,L3,SHORT,DESIGN,2026-04-02T05:35:00,4659.66,4655.26,4670.75,2026-04-02T05:15:00@4703.05;2026-04-02T05:35:00@4655.26;2026-04-02T06:25:00@4699.43,1,,NA,NA,,NA,,NA,0,NA,,,2026-04-02T06:30:00,STRUCTURE_FAILED,0
9f17fed501070064,M5,L2,SHORT,DESIGN,2026-04-02T08:35:00,4646.45,4642.74,4653.00,2026-04-02T08:35:00@4653.00;2026-04-02T08:50:00@4586.00;2026-04-02T08:55:00@4608.06;2026-04-02T09:10:00@4553.75;2026-04-02T09:20:00@4599.10;2026-04-02T09:25:00@4580.75,2,,NA,NA,,NA,,NA,0,NA,,,2026-04-02T09:30:00,STRUCTURE_FAILED,0
66f4c61dd529c731,M5,L3,SHORT,DESIGN,2026-04-02T08:35:00,4646.45,4642.74,4653.00,2026-04-02T08:35:00@4653.00;2026-04-02T08:50:00@4586.00;2026-04-02T08:55:00@4608.06;2026-04-02T09:10:00@4553.75;2026-04-02T09:20:00@4599.10;2026-04-02T09:25:00@4580.75,2,,NA,NA,,NA,,NA,0,NA,,,2026-04-02T09:30:00,STRUCTURE_FAILED,0
41e95826bce4ce24,M5,L2,LONG,DESIGN,2026-04-06T08:10:00,4673.59,4669.78,4676.97,2026-04-06T07:20:00@4641.33;2026-04-06T08:20:00@4678.66;2026-04-06T09:00:00@4643.33,1,,NA,NA,,NA,,NA,0,NA,,,2026-04-06T09:05:00,STRUCTURE_FAILED,0
8021f3db8cb53e7c,M5,L3,LONG,DESIGN,2026-04-06T08:10:00,4673.59,4669.78,4676.97,2026-04-06T07:20:00@4641.33;2026-04-06T08:20:00@4678.66;2026-04-06T09:00:00@4643.33,1,,NA,NA,,NA,,NA,0,NA,,,2026-04-06T09:05:00,STRUCTURE_FAILED,0
da4b94720d972870,M5,L3,LONG,DESIGN,2026-04-06T10:55:00,4684.69,4680.47,4688.47,2026-04-06T10:25:00@4644.96;2026-04-06T11:00:00@4694.75;2026-04-06T11:05:00@4682.36,1,,NA,NA,,NA,,NA,0,NA,,,2026-04-06T11:10:00,STRUCTURE_FAILED,0
e99b2ffa73359f05,M5,L3,LONG,DESIGN,2026-04-06T12:10:00,4701.32,4697.40,4701.48,2026-04-06T11:05:00@4682.36;2026-04-06T12:15:00@4703.75;2026-04-06T12:20:00@4697.29,1,,NA,NA,,NA,,NA,0,NA,,,2026-04-06T12:30:00,STRUCTURE_FAILED,0
c2cfc6ce1660ae15,M5,L4,SHORT,DESIGN,2026-04-06T14:45:00,4682.79,4681.34,4685.80,2026-04-06T14:40:00@4694.52;2026-04-06T14:55:00@4677.06;2026-04-06T15:05:00@4686.76,1,,NA,NA,,NA,,NA,0,NA,,,2026-04-06T15:10:00,STRUCTURE_FAILED,0
e3ae3b46f7a5d16b,M5,L3,SHORT,DESIGN,2026-04-07T04:05:00,4644.24,4637.79,4664.47,2026-04-07T04:05:00@4664.47;2026-04-07T04:10:00@4628.99;2026-04-07T04:20:00@4657.59,1,,NA,NA,,NA,,NA,0,NA,,,2026-04-07T04:25:00,STRUCTURE_FAILED,0
525bcd357f6e031c,M5,L2,LONG,DESIGN,2026-04-07T11:20:00,4684.45,4660.02,4690.91,2026-04-07T11:15:00@4657.17;2026-04-07T11:20:00@4690.91;2026-04-07T11:30:00@4676.61,1,,NA,NA,,NA,,NA,0,NA,,,2026-04-07T11:35:00,STRUCTURE_FAILED,0
fda03232b610731d,M5,L3,LONG,DESIGN,2026-04-07T11:20:00,4684.45,4660.02,4690.91,2026-04-07T11:15:00@4657.17;2026-04-07T11:20:00@4690.91;2026-04-07T11:30:00@4676.61,1,,NA,NA,,NA,,NA,0,NA,,,2026-04-07T11:35:00,STRUCTURE_FAILED,0
e6d287996da38dd8,M5,L3,SHORT,DESIGN,2026-04-07T17:00:00,4624.55,4622.61,4645.41,2026-04-07T16:55:00@4654.10;2026-04-07T17:05:00@4607.51;2026-04-07T17:10:00@4625.78,1,,NA,NA,,NA,,NA,0,NA,,,2026-04-07T17:15:00,STRUCTURE_FAILED,0
6a8ad21880000740,M5,L2,SHORT,DESIGN,2026-04-07T17:05:00,4611.51,4607.51,4627.25,2026-04-07T16:55:00@4654.10;2026-04-07T17:05:00@4607.51;2026-04-07T17:10:00@4625.78,1,,NA,NA,,NA,,NA,0,NA,,,2026-04-07T17:15:00,STRUCTURE_FAILED,0
31e949f84a30277c,M5,L3,SHORT,DESIGN,2026-04-07T17:05:00,4611.51,4607.51,4627.25,2026-04-07T16:55:00@4654.10;2026-04-07T17:05:00@4607.51;2026-04-07T17:10:00@4625.78,1,,NA,NA,,NA,,NA,0,NA,,,2026-04-07T17:15:00,STRUCTURE_FAILED,0
30d20e8c3cf4785a,M5,L3,LONG,DESIGN,2026-04-07T22:45:00,4705.68,4685.81,4718.77,2026-04-07T22:40:00@4681.49;2026-04-07T22:45:00@4718.77;2026-04-07T22:50:00@4695.15,1,,NA,NA,,NA,,NA,0,NA,,,2026-04-07T23:00:00,STRUCTURE_FAILED,0
1110f478e44bce56,M5,L1,LONG,DESIGN,2026-04-07T23:05:00,4707.42,4697.47,4708.77,2026-04-07T23:05:00@4697.47;2026-04-07T23:40:00@4717.05;2026-04-07T23:55:00@4703.41,1,,NA,NA,,NA,,NA,0,NA,,,2026-04-08T01:00:00,STRUCTURE_FAILED,0
94f21c635a2add15,M5,L3,LONG,DESIGN,2026-04-07T23:05:00,4707.42,4697.47,4708.77,2026-04-07T23:05:00@4697.47;2026-04-07T23:40:00@4717.05;2026-04-07T23:55:00@4703.41,1,,NA,NA,,NA,,NA,0,NA,,,2026-04-08T01:00:00,STRUCTURE_FAILED,0
859ff2a79454ce9a,M5,L3,LONG,DESIGN,2026-04-08T01:55:00,4818.31,4792.75,4819.80,2026-04-08T01:45:00@4761.65;2026-04-08T02:00:00@4824.75;2026-04-08T02:05:00@4805.90,1,,NA,NA,,NA,,NA,0,NA,,,2026-04-08T02:15:00,STRUCTURE_FAILED,0
f843e5b17d37d15c,M5,L2,SHORT,DESIGN,2026-04-08T12:40:00,4782.33,4776.83,4795.37,2026-04-08T12:25:00@4806.62;2026-04-08T12:45:00@4776.37;2026-04-08T12:50:00@4788.69,1,,NA,NA,,NA,,NA,0,NA,,,2026-04-08T12:55:00,STRUCTURE_FAILED,0
dc2328f468d1f6f9,M5,L3,SHORT,DESIGN,2026-04-08T12:40:00,4782.33,4776.83,4795.37,2026-04-08T12:25:00@4806.62;2026-04-08T12:45:00@4776.37;2026-04-08T12:50:00@4788.69,1,,NA,NA,,NA,,NA,0,NA,,,2026-04-08T12:55:00,STRUCTURE_FAILED,0
2326ede9c782c8fe,M5,L3,SHORT,DESIGN,2026-04-08T21:15:00,4729.47,4716.75,4744.34,2026-04-08T21:15:00@4744.34;2026-04-08T22:05:00@4699.31;2026-04-08T22:15:00@4718.59,1,,NA,NA,,NA,,NA,0,NA,,,2026-04-08T22:20:00,STRUCTURE_FAILED,0
e96062d9d4e1ec18,M5,L2,LONG,DESIGN,2026-04-09T13:20:00,4738.17,4728.72,4738.78,2026-04-09T13:15:00@4723.63;2026-04-09T13:55:00@4746.71;2026-04-09T14:00:00@4738.48,1,,NA,NA,,NA,,NA,0,NA,,,2026-04-09T14:15:00,STRUCTURE_FAILED,0
6520327166cf4c53,M5,L3,LONG,DESIGN,2026-04-09T13:20:00,4738.17,4728.72,4738.78,2026-04-09T13:15:00@4723.63;2026-04-09T13:55:00@4746.71;2026-04-09T14:00:00@4738.48,1,,NA,NA,,NA,,NA,0,NA,,,2026-04-09T14:15:00,STRUCTURE_FAILED,0
8b6ab2e516f470ea,M5,L4,LONG,DESIGN,2026-04-09T13:20:00,4738.17,4728.72,4738.78,2026-04-09T13:15:00@4723.63;2026-04-09T13:55:00@4746.71;2026-04-09T14:00:00@4738.48,1,,NA,NA,,NA,,NA,0,NA,,,2026-04-09T14:15:00,STRUCTURE_FAILED,0
fcf878df44d366cb,M5,L2,SHORT,DESIGN,2026-04-10T11:45:00,4736.17,4732.86,4743.87,2026-04-10T11:30:00@4752.25;2026-04-10T11:50:00@4730.48;2026-04-10T12:15:00@4760.81,1,,NA,NA,,NA,,NA,0,NA,,,2026-04-10T12:20:00,STRUCTURE_FAILED,0
7d6dd4ec4f9e3f64,M5,L3,SHORT,DESIGN,2026-04-10T11:45:00,4736.17,4732.86,4743.87,2026-04-10T11:30:00@4752.25;2026-04-10T11:50:00@4730.48;2026-04-10T12:15:00@4760.81,1,,NA,NA,,NA,,NA,0,NA,,,2026-04-10T12:20:00,STRUCTURE_FAILED,0
fafe2213e8ca85fb,M5,L2,LONG,DESIGN,2026-04-10T15:30:00,4780.48,4761.98,4782.44,2026-04-10T15:25:00@4759.78;2026-04-10T15:30:00@4782.44;2026-04-10T15:45:00@4763.77,1,,NA,NA,,NA,,NA,0,NA,,,2026-04-10T15:50:00,STRUCTURE_FAILED,0
3df26b4b54d40202,M5,L3,LONG,DESIGN,2026-04-10T15:30:00,4780.48,4761.98,4782.44,2026-04-10T15:25:00@4759.78;2026-04-10T15:30:00@4782.44;2026-04-10T15:45:00@4763.77,1,,NA,NA,,NA,,NA,0,NA,,,2026-04-10T15:50:00,STRUCTURE_FAILED,0
bc333c3d1844be2d,M5,L4,LONG,DESIGN,2026-04-10T17:15:00,4788.16,4779.17,4788.66,2026-04-10T17:10:00@4767.42;2026-04-10T17:30:00@4795.07;2026-04-10T17:55:00@4770.80,1,,NA,NA,,NA,,NA,0,NA,,,2026-04-10T18:00:00,STRUCTURE_FAILED,0
7dfb6eea50cff107,M5,L4,SHORT,DESIGN,2026-04-10T21:00:00,4753.22,4753.12,4760.90,2026-04-10T20:50:00@4765.00;2026-04-10T21:05:00@4750.98;2026-04-10T21:35:00@4773.30,1,,NA,NA,,NA,,NA,0,NA,,,2026-04-10T21:45:00,STRUCTURE_FAILED,0
ebba78b41bb1718d,M5,L3,SHORT,DESIGN,2026-04-10T23:25:00,4745.36,4740.81,4749.11,2026-04-10T22:20:00@4770.50;2026-04-10T23:25:00@4740.81;2026-04-10T23:40:00@4752.53,1,,NA,NA,,NA,,NA,0,NA,,,2026-04-10T23:50:00,STRUCTURE_FAILED,0
86d6e9f7ed3db4f2,M5,L2,LONG,DESIGN,2026-04-13T08:55:00,4729.36,4720.55,4730.84,2026-04-13T08:55:00@4720.55;2026-04-13T09:00:00@4729.84;2026-04-13T09:10:00@4724.34,1,,NA,NA,,NA,,NA,0,NA,,,2026-04-13T09:15:00,STRUCTURE_FAILED,0
585cc4993e284c6d,M5,L3,LONG,DESIGN,2026-04-13T08:55:00,4729.36,4720.55,4730.84,2026-04-13T08:55:00@4720.55;2026-04-13T09:00:00@4729.84;2026-04-13T09:10:00@4724.34,1,,NA,NA,,NA,,NA,0,NA,,,2026-04-13T09:15:00,STRUCTURE_FAILED,0
3f2005343a3b5d31,M5,L3,SHORT,DESIGN,2026-04-13T14:40:00,4707.58,4704.26,4712.87,2026-04-13T14:05:00@4729.11;2026-04-13T14:45:00@4703.51;2026-04-13T14:50:00@4712.03,1,,NA,NA,,NA,,NA,0,NA,,,2026-04-13T14:55:00,STRUCTURE_FAILED,0
8fd1f316d24d5d98,M5,L3,LONG,DESIGN,2026-04-13T19:40:00,4740.38,4730.12,4740.60,2026-04-13T19:05:00@4709.38;2026-04-13T19:45:00@4746.38;2026-04-13T20:05:00@4725.53,1,,NA,NA,,NA,,NA,0,NA,,,2026-04-13T20:15:00,STRUCTURE_FAILED,0
078cbee8f9633378,M5,L3,LONG,DESIGN,2026-04-13T20:20:00,4744.67,4741.55,4747.94,2026-04-13T20:05:00@4725.53;2026-04-13T20:25:00@4750.10;2026-04-13T21:25:00@4723.37,1,,NA,NA,,NA,,NA,0,NA,,,2026-04-13T21:30:00,STRUCTURE_FAILED,0
ef7ec40f6955099a,M5,L1,LONG,DESIGN,2026-04-14T01:40:00,4750.40,4747.80,4750.43,2026-04-14T01:25:00@4745.65;2026-04-14T02:10:00@4765.60;2026-04-14T02:30:00@4754.38;2026-04-14T02:45:00@4761.81,1,,NA,NA,,NA,,NA,0,NA,,,2026-04-14T02:50:00,STRUCTURE_FAILED,0
310b77d237fab8e4,M5,L3,LONG,DESIGN,2026-04-14T01:40:00,4750.40,4747.80,4750.43,2026-04-14T01:25:00@4745.65;2026-04-14T02:10:00@4765.60;2026-04-14T02:30:00@4754.38;2026-04-14T02:45:00@4761.81,1,,NA,NA,,NA,,NA,0,NA,,,2026-04-14T02:50:00,STRUCTURE_FAILED,0
046e815485def353,M5,L3,LONG,DESIGN,2026-04-14T04:05:00,4775.38,4767.54,4776.85,2026-04-14T04:00:00@4762.40;2026-04-14T04:10:00@4777.55;2026-04-14T04:20:00@4769.54,1,,NA,NA,,NA,,NA,0,NA,,,2026-04-14T04:25:00,STRUCTURE_FAILED,0
6acf057c684a1d91,M5,L2,LONG,DESIGN,2026-04-14T09:50:00,4778.89,4771.05,4781.51,2026-04-14T09:15:00@4763.38;2026-04-14T10:05:00@4796.63;2026-04-14T10:25:00@4767.65,1,,NA,NA,,NA,,NA,0,NA,,,2026-04-14T10:30:00,STRUCTURE_FAILED,0
9efc3d2e5e9185b5,M5,L3,LONG,DESIGN,2026-04-14T09:50:00,4778.89,4771.05,4781.51,2026-04-14T09:15:00@4763.38;2026-04-14T10:05:00@4796.63;2026-04-14T10:25:00@4767.65,1,,NA,NA,,NA,,NA,0,NA,,,2026-04-14T10:30:00,STRUCTURE_FAILED,0
13f9d88b63d58898,M5,L3,LONG,DESIGN,2026-04-14T17:00:00,4795.56,4794.72,4803.73,2026-04-14T16:40:00@4786.65;2026-04-14T17:00:00@4803.73;2026-04-14T17:05:00@4793.12,1,,NA,NA,,NA,,NA,0,NA,,,2026-04-14T17:10:00,STRUCTURE_FAILED,0
ecef30984513c935,M5,L3,LONG,DESIGN,2026-04-14T17:05:00,4802.15,4793.12,4802.50,2026-04-14T17:05:00@4793.12;2026-04-14T17:15:00@4806.62;2026-04-14T17:20:00@4798.82,1,,NA,NA,,NA,,NA,0,NA,,,2026-04-14T17:25:00,STRUCTURE_FAILED,0
c4338963abeb3b8a,M5,L3,LONG,DESIGN,2026-04-14T17:25:00,4809.41,4799.88,4810.79,2026-04-14T17:20:00@4798.82;2026-04-14T17:35:00@4818.09;2026-04-14T17:45:00@4795.40,1,,NA,NA,,NA,,NA,0,NA,,,2026-04-14T17:55:00,STRUCTURE_FAILED,0
748af568fb1d65a2,M5,L3,LONG,DESIGN,2026-04-14T22:55:00,4845.05,4840.85,4846.26,2026-04-14T22:35:00@4838.58;2026-04-14T22:55:00@4846.26;2026-04-14T23:15:00@4839.49,1,,NA,NA,,NA,,NA,0,NA,,,2026-04-14T23:40:00,STRUCTURE_FAILED,0
fe3d73e33116d375,M5,L1,LONG,DESIGN,2026-04-15T01:00:00,4849.36,4837.08,4850.60,2026-04-15T01:00:00@4837.08;2026-04-15T01:05:00@4850.87;2026-04-15T01:20:00@4836.02,1,,NA,NA,,NA,,NA,0,NA,,,2026-04-15T01:25:00,STRUCTURE_FAILED,0
7c9174a0b9322aef,M5,L3,LONG,DESIGN,2026-04-15T04:15:00,4864.23,4848.03,4871.69,2026-04-15T03:35:00@4827.13;2026-04-15T04:15:00@4871.69;2026-04-15T04:20:00@4842.31,1,,NA,NA,,NA,,NA,0,NA,,,2026-04-15T04:25:00,STRUCTURE_FAILED,0
37c68ebeae212f25,M5,L4,LONG,DESIGN,2026-04-15T08:15:00,4830.09,4826.28,4830.55,2026-04-15T08:05:00@4822.67;2026-04-15T08:15:00@4830.55;2026-04-15T08:20:00@4824.38,1,,NA,NA,,NA,,NA,0,NA,,,2026-04-15T08:25:00,STRUCTURE_FAILED,0
bca532004ee0e2e8,M5,L4,SHORT,DESIGN,2026-04-15T08:35:00,4820.12,4813.64,4826.99,2026-04-15T08:25:00@4828.66;2026-04-15T08:40:00@4812.67;2026-04-15T09:00:00@4824.95,1,,NA,NA,,NA,,NA,0,NA,,,2026-04-15T09:05:00,STRUCTURE_FAILED,0
056be3c6dc272b68,M5,L2,SHORT,DESIGN,2026-04-15T08:40:00,4816.83,4812.67,4821.13,2026-04-15T08:25:00@4828.66;2026-04-15T08:40:00@4812.67;2026-04-15T09:00:00@4824.95,1,,NA,NA,,NA,,NA,0,NA,,,2026-04-15T09:05:00,STRUCTURE_FAILED,0
9fb3c070999bb46d,M5,L4,LONG,DESIGN,2026-04-15T11:55:00,4818.39,4814.06,4821.76,2026-04-15T11:30:00@4805.50;2026-04-15T11:55:00@4821.76;2026-04-15T12:10:00@4792.64,1,,NA,NA,,NA,,NA,0,NA,,,2026-04-15T12:15:00,STRUCTURE_FAILED,0
7541e5ab8f18da41,M5,L3,LONG,DESIGN,2026-04-16T03:40:00,4832.60,4827.65,4837.69,2026-04-16T03:30:00@4819.97;2026-04-16T03:40:00@4837.69;2026-04-16T03:45:00@4830.83,1,,NA,NA,,NA,,NA,0,NA,,,2026-04-16T03:50:00,STRUCTURE_FAILED,0
90ed489c052809ac,M5,L2,SHORT,DESIGN,2026-04-16T11:05:00,4811.01,4807.28,4814.21,2026-04-16T10:35:00@4830.17;2026-04-16T11:05:00@4807.28;2026-04-16T11:15:00@4814.84,1,,NA,NA,,NA,,NA,0,NA,,,2026-04-16T11:25:00,STRUCTURE_FAILED,0
24b488dec9ec44bd,M5,L3,SHORT,DESIGN,2026-04-16T16:50:00,4794.37,4790.03,4815.56,2026-04-16T16:35:00@4824.01;2026-04-16T16:55:00@4784.31;2026-04-16T17:10:00@4805.48,1,,NA,NA,,NA,,NA,0,NA,,,2026-04-16T17:15:00,STRUCTURE_FAILED,0
30477e3cf4210683,M5,L1,SHORT,DESIGN,2026-04-16T20:25:00,4785.02,4784.65,4794.16,2026-04-16T20:10:00@4795.43;2026-04-16T20:35:00@4781.28;2026-04-16T21:00:00@4794.29,1,,NA,NA,,NA,,NA,0,NA,,,2026-04-16T21:10:00,STRUCTURE_FAILED,0
647d08c446cdd15b,M5,L3,SHORT,DESIGN,2026-04-16T20:25:00,4785.02,4784.65,4794.16,2026-04-16T20:10:00@4795.43;2026-04-16T20:35:00@4781.28;2026-04-16T21:00:00@4794.29,1,,NA,NA,,NA,,NA,0,NA,,,2026-04-16T21:10:00,STRUCTURE_FAILED,0
ba16760b8bd9a1b1,M5,L4,LONG,DESIGN,2026-04-16T22:40:00,4797.57,4793.16,4798.03,2026-04-16T22:10:00@4789.55;2026-04-16T22:45:00@4798.63;2026-04-16T23:30:00@4786.27,1,,NA,NA,,NA,,NA,0,NA,,,2026-04-16T23:35:00,STRUCTURE_FAILED,0
53dfbcf858e26d6a,M5,L3,LONG,DESIGN,2026-04-17T03:45:00,4799.39,4798.18,4801.12,2026-04-17T03:05:00@4785.84;2026-04-17T03:45:00@4801.12;2026-04-17T04:10:00@4769.25,1,,NA,NA,,NA,,NA,0,NA,,,2026-04-17T04:15:00,STRUCTURE_FAILED,0
3e1463bcf984e6ea,M5,L3,SHORT,DESIGN,2026-04-17T04:05:00,4783.36,4783.09,4790.90,2026-04-17T03:45:00@4801.12;2026-04-17T04:10:00@4769.25;2026-04-17T04:15:00@4785.09,1,,NA,NA,,NA,,NA,0,NA,,,2026-04-17T04:20:00,STRUCTURE_FAILED,0
0e5f55cf36ec0f55,M5,L3,SHORT,DESIGN,2026-04-17T04:10:00,4779.04,4769.25,4784.82,2026-04-17T03:45:00@4801.12;2026-04-17T04:10:00@4769.25;2026-04-17T04:15:00@4785.09,1,,NA,NA,,NA,,NA,0,NA,,,2026-04-17T04:20:00,STRUCTURE_FAILED,0
01a5c9ba4ad8051c,M5,L1,SHORT,DESIGN,2026-04-17T04:25:00,4768.77,4767.81,4776.98,2026-04-17T04:15:00@4785.09;2026-04-17T04:30:00@4767.64;2026-04-17T05:05:00@4794.31,1,,NA,NA,,NA,,NA,0,NA,,,2026-04-17T05:10:00,STRUCTURE_FAILED,0
25d3879deb7752aa,M5,L3,SHORT,DESIGN,2026-04-17T04:25:00,4768.77,4767.81,4776.98,2026-04-17T04:15:00@4785.09;2026-04-17T04:30:00@4767.64;2026-04-17T05:05:00@4794.31,1,,NA,NA,,NA,,NA,0,NA,,,2026-04-17T05:10:00,STRUCTURE_FAILED,0
d7d191ab21ffef1a,M5,L3,LONG,DESIGN,2026-04-17T07:55:00,4803.14,4798.77,4804.47,2026-04-17T07:45:00@4798.39;2026-04-17T08:10:00@4806.23;2026-04-17T08:15:00@4801.49,1,,NA,NA,,NA,,NA,0,NA,,,2026-04-17T08:20:00,STRUCTURE_FAILED,0
676da1e62d5d1daa,M5,L2,LONG,DESIGN,2026-04-17T08:05:00,4804.58,4799.70,4805.50,2026-04-17T07:45:00@4798.39;2026-04-17T08:10:00@4806.23;2026-04-17T08:15:00@4801.49,1,,NA,NA,,NA,,NA,0,NA,,,2026-04-17T08:20:00,STRUCTURE_FAILED,0
be3638567902b66c,M5,L3,LONG,DESIGN,2026-04-17T15:20:00,4812.26,4804.54,4812.42,2026-04-17T15:00:00@4797.68;2026-04-17T15:55:00@4847.70;2026-04-17T16:00:00@4834.91;2026-04-17T16:10:00@4891.64;2026-04-17T16:30:00@4848.49;2026-04-17T16:40:00@4873.78,2,,NA,NA,,NA,,NA,0,NA,,,2026-04-17T16:45:00,STRUCTURE_FAILED,0
d77405cbfbf8cdeb,M5,L3,LONG,DESIGN,2026-04-17T15:45:00,4836.34,4821.73,4842.50,2026-04-17T15:00:00@4797.68;2026-04-17T15:55:00@4847.70;2026-04-17T16:00:00@4834.91,1,,NA,NA,,NA,,NA,0,NA,,,2026-04-17T16:05:00,STRUCTURE_FAILED,0
12b533d95450763f,M5,L1,LONG,DESIGN,2026-04-17T15:50:00,4842.99,4833.33,4845.37,2026-04-17T15:00:00@4797.68;2026-04-17T15:55:00@4847.70;2026-04-17T16:00:00@4834.91,1,,NA,NA,,NA,,NA,0,NA,,,2026-04-17T16:05:00,STRUCTURE_FAILED,0
8282cb07b2f481d9,M5,L3,LONG,DESIGN,2026-04-17T15:50:00,4842.99,4833.33,4845.37,2026-04-17T15:00:00@4797.68;2026-04-17T15:55:00@4847.70;2026-04-17T16:00:00@4834.91,1,,NA,NA,,NA,,NA,0,NA,,,2026-04-17T16:05:00,STRUCTURE_FAILED,0
f7b3ae31b443e553,M5,L3,LONG,DESIGN,2026-04-17T16:10:00,4883.21,4862.00,4891.64,2026-04-17T16:00:00@4834.91;2026-04-17T16:10:00@4891.64;2026-04-17T16:30:00@4848.49,1,,NA,NA,,NA,,NA,0,NA,,,2026-04-17T16:35:00,STRUCTURE_FAILED,0
367b6c0eb4d3361d,M5,L3,SHORT,DESIGN,2026-04-20T01:00:00,4774.41,4757.99,4792.01,2026-04-17T23:15:00@4851.99;2026-04-20T01:00:00@4757.99;2026-04-20T01:15:00@4795.20,1,,NA,NA,,NA,,NA,0,NA,,,2026-04-20T01:20:00,STRUCTURE_FAILED,0
76cb468964e44501,M5,L1,SHORT,DESIGN,2026-04-20T02:35:00,4763.92,4758.93,4771.61,2026-04-20T01:15:00@4795.20;2026-04-20T02:45:00@4737.00;2026-04-20T02:55:00@4755.30;2026-04-20T03:00:00@4744.74,1,,NA,NA,,NA,,NA,0,NA,,,2026-04-20T03:05:00,STRUCTURE_FAILED,0
b5544064eeee711f,M5,L3,SHORT,DESIGN,2026-04-20T02:35:00,4763.92,4758.93,4771.61,2026-04-20T01:15:00@4795.20;2026-04-20T02:45:00@4737.00;2026-04-20T02:55:00@4755.30;2026-04-20T03:00:00@4744.74,1,,NA,NA,,NA,,NA,0,NA,,,2026-04-20T03:05:00,STRUCTURE_FAILED,0
04d2ae2d3f78b86d,M5,L3,SHORT,DESIGN,2026-04-20T02:40:00,4751.52,4745.71,4764.13,2026-04-20T01:15:00@4795.20;2026-04-20T02:45:00@4737.00;2026-04-20T02:55:00@4755.30,1,,NA,NA,,NA,,NA,0,NA,,,2026-04-20T03:00:00,STRUCTURE_FAILED,0
98f720249f5fcec3,M5,L3,SHORT,DESIGN,2026-04-20T02:45:00,4743.89,4737.00,4752.08,2026-04-20T01:15:00@4795.20;2026-04-20T02:45:00@4737.00;2026-04-20T02:55:00@4755.30,1,,NA,NA,,NA,,NA,0,NA,,,2026-04-20T03:00:00,STRUCTURE_FAILED,0
9d1dad0d75019d86,M5,L4,SHORT,DESIGN,2026-04-20T08:05:00,4787.05,4786.47,4791.37,2026-04-20T07:45:00@4793.37;2026-04-20T08:10:00@4784.37;2026-04-20T08:15:00@4789.52,1,,NA,NA,,NA,,NA,0,NA,,,2026-04-20T08:25:00,STRUCTURE_FAILED,0
83e56be8b0cc0a8c,M5,L3,LONG,DESIGN,2026-04-20T14:50:00,4806.51,4801.53,4808.96,2026-04-20T14:20:00@4786.56;2026-04-20T15:20:00@4822.30;2026-04-20T15:35:00@4799.06,1,,NA,NA,,NA,,NA,0,NA,,,2026-04-20T15:40:00,STRUCTURE_FAILED,0
e4ca0de78960d096,M5,L2,LONG,DESIGN,2026-04-20T15:15:00,4814.69,4807.77,4815.69,2026-04-20T14:20:00@4786.56;2026-04-20T15:20:00@4822.30;2026-04-20T15:35:00@4799.06,1,,NA,NA,,NA,,NA,0,NA,,,2026-04-20T15:40:00,STRUCTURE_FAILED,0
a382bdac655b4123,M5,L3,LONG,DESIGN,2026-04-20T15:15:00,4814.69,4807.77,4815.69,2026-04-20T14:20:00@4786.56;2026-04-20T15:20:00@4822.30;2026-04-20T15:35:00@4799.06,1,,NA,NA,,NA,,NA,0,NA,,,2026-04-20T15:40:00,STRUCTURE_FAILED,0
9f41371acec62adc,M5,L1,LONG,DESIGN,2026-04-21T01:05:00,4829.96,4823.39,4831.63,2026-04-20T23:35:00@4812.95;2026-04-21T01:20:00@4833.20;2026-04-21T01:30:00@4825.01,1,,NA,NA,,NA,,NA,0,NA,,,2026-04-21T01:35:00,STRUCTURE_FAILED,0
c2141e0106213b09,M5,L3,LONG,DESIGN,2026-04-21T01:05:00,4829.96,4823.39,4831.63,2026-04-20T23:35:00@4812.95;2026-04-21T01:20:00@4833.20;2026-04-21T01:30:00@4825.01,1,,NA,NA,,NA,,NA,0,NA,,,2026-04-21T01:35:00,STRUCTURE_FAILED,0
1b0f5f7ba998dd23,M5,L3,SHORT,DESIGN,2026-04-21T07:20:00,4792.13,4791.16,4795.08,2026-04-21T07:00:00@4797.79;2026-04-21T07:20:00@4791.16;2026-04-21T07:25:00@4795.17,1,,NA,NA,,NA,,NA,0,NA,,,2026-04-21T07:30:00,STRUCTURE_FAILED,0
f69dacfcfde82dc5,M5,L2,SHORT,DESIGN,2026-04-21T08:25:00,4787.49,4785.93,4790.69,2026-04-21T08:15:00@4791.37;2026-04-21T08:25:00@4785.93;2026-04-21T08:40:00@4796.91,1,,NA,NA,,NA,,NA,0,NA,,,2026-04-21T08:45:00,STRUCTURE_FAILED,0
492b5abaf0fde62e,M5,L3,SHORT,DESIGN,2026-04-21T09:00:00,4782.58,4775.54,4785.40,2026-04-21T08:55:00@4788.21;2026-04-21T09:00:00@4775.54;2026-04-21T09:10:00@4790.69,1,,NA,NA,,NA,,NA,0,NA,,,2026-04-21T09:15:00,STRUCTURE_FAILED,0
f7ccb121b121a102,M5,L3,SHORT,DESIGN,2026-04-21T09:25:00,4778.76,4775.27,4781.45,2026-04-21T09:10:00@4790.69;2026-04-21T09:25:00@4775.27;2026-04-21T09:30:00@4782.45,1,,NA,NA,,NA,,NA,0,NA,,,2026-04-21T09:35:00,STRUCTURE_FAILED,0
15d235241002f05b,M5,L4,LONG,DESIGN,2026-04-21T13:50:00,4790.10,4786.77,4790.25,2026-04-21T13:15:00@4780.80;2026-04-21T13:55:00@4790.40;2026-04-21T14:05:00@4775.32,1,,NA,NA,,NA,,NA,0,NA,,,2026-04-21T14:10:00,STRUCTURE_FAILED,0
dcbff45b747e54b2,M5,L3,LONG,DESIGN,2026-04-21T14:45:00,4795.86,4791.86,4798.16,2026-04-21T14:25:00@4779.22;2026-04-21T14:45:00@4798.16;2026-04-21T14:50:00@4792.71,1,,NA,NA,,NA,,NA,0,NA,,,2026-04-21T15:00:00,STRUCTURE_FAILED,0
96b25324a6428518,M5,L3,SHORT,DESIGN,2026-04-21T16:05:00,4768.08,4767.69,4779.62,2026-04-21T16:00:00@4783.79;2026-04-21T16:15:00@4760.57;2026-04-21T16:45:00@4794.41,1,,NA,NA,,NA,,NA,0,NA,,,2026-04-21T16:50:00,STRUCTURE_FAILED,0
1249f764f5bc5acc,M5,L1,SHORT,DESIGN,2026-04-21T17:45:00,4727.68,4723.64,4745.54,2026-04-21T17:05:00@4782.60;2026-04-21T17:50:00@4723.47;2026-04-21T17:55:00@4741.96,1,,NA,NA,,NA,,NA,0,NA,,,2026-04-21T18:00:00,STRUCTURE_FAILED,0
e82ca249fb59b4ef,M5,L3,SHORT,DESIGN,2026-04-21T17:45:00,4727.68,4723.64,4745.54,2026-04-21T17:05:00@4782.60;2026-04-21T17:50:00@4723.47;2026-04-21T17:55:00@4741.96,1,,NA,NA,,NA,,NA,0,NA,,,2026-04-21T18:00:00,STRUCTURE_FAILED,0
7f1f7d6a338b5693,M5,L2,LONG,DESIGN,2026-04-22T08:15:00,4768.49,4756.28,4769.34,2026-04-22T08:00:00@4752.18;2026-04-22T08:20:00@4771.58;2026-04-22T08:30:00@4763.76,1,,NA,NA,,NA,,NA,0,NA,,,2026-04-22T08:35:00,STRUCTURE_FAILED,0
ce01d982403061fd,M5,L3,SHORT,DESIGN,2026-04-22T13:00:00,4748.84,4748.08,4757.64,2026-04-22T12:40:00@4762.45;2026-04-22T13:10:00@4745.83;2026-04-22T13:20:00@4756.03,1,,NA,NA,,NA,,NA,0,NA,,,2026-04-22T13:25:00,STRUCTURE_FAILED,0
8cffa3c95e737127,M5,L3,SHORT,DESIGN,2026-04-23T03:00:00,4721.62,4720.46,4728.21,2026-04-23T02:55:00@4729.20;2026-04-23T03:15:00@4694.19;2026-04-23T03:30:00@4751.97,1,,NA,NA,,NA,,NA,0,NA,,,2026-04-23T03:35:00,STRUCTURE_FAILED,0
d9b78a15e0b1b115,M5,L1,SHORT,DESIGN,2026-04-23T03:05:00,4715.36,4714.19,4722.41,2026-04-23T02:55:00@4729.20;2026-04-23T03:15:00@4694.19;2026-04-23T03:30:00@4751.97,1,,NA,NA,,NA,,NA,0,NA,,,2026-04-23T03:35:00,STRUCTURE_FAILED,0
625238da6c0b0f70,M5,L4,LONG,DESIGN,2026-04-23T08:05:00,4709.77,4706.28,4709.91,2026-04-23T07:45:00@4698.75;2026-04-23T08:10:00@4710.29;2026-04-23T08:30:00@4692.36,1,,NA,NA,,NA,,NA,0,NA,,,2026-04-23T08:35:00,STRUCTURE_FAILED,0
e762cd058cf3034b,M5,L2,SHORT,DESIGN,2026-04-23T13:05:00,4691.49,4691.41,4701.66,2026-04-23T13:05:00@4701.66;2026-04-23T13:10:00@4685.10;2026-04-23T13:15:00@4692.54,1,,NA,NA,,NA,,NA,0,NA,,,2026-04-23T13:20:00,STRUCTURE_FAILED,0
875cbca6be2ad8e6,M5,L3,SHORT,DESIGN,2026-04-23T13:05:00,4691.49,4691.41,4701.66,2026-04-23T13:05:00@4701.66;2026-04-23T13:10:00@4685.10;2026-04-23T13:15:00@4692.54,1,,NA,NA,,NA,,NA,0,NA,,,2026-04-23T13:20:00,STRUCTURE_FAILED,0
f926094f1fb06652,M5,L3,LONG,DESIGN,2026-04-23T15:00:00,4730.63,4719.55,4732.54,2026-04-23T14:30:00@4696.58;2026-04-23T15:05:00@4738.72;2026-04-23T15:15:00@4725.92,1,,NA,NA,,NA,,NA,0,NA,,,2026-04-23T15:20:00,STRUCTURE_FAILED,0
a05babf2737ac24c,M5,L3,SHORT,DESIGN,2026-04-23T20:40:00,4677.33,4673.29,4699.13,2026-04-23T20:25:00@4718.14;2026-04-23T20:45:00@4664.22;2026-04-23T21:00:00@4722.24,1,,NA,NA,,NA,,NA,0,NA,,,2026-04-23T21:10:00,STRUCTURE_FAILED,0
9798c8f60b494ab2,M5,L3,SHORT,DESIGN,2026-04-24T05:20:00,4684.90,4684.86,4692.27,2026-04-24T04:55:00@4700.73;2026-04-24T05:25:00@4682.10;2026-04-24T05:30:00@4690.90,1,,NA,NA,,NA,,NA,0,NA,,,2026-04-24T05:35:00,STRUCTURE_FAILED,0
43898a6038201754,M5,L1,SHORT,DESIGN,2026-04-24T07:20:00,4661.64,4661.59,4669.27,2026-04-24T07:10:00@4674.62;2026-04-24T07:30:00@4657.58;2026-04-24T08:00:00@4676.83,1,,NA,NA,,NA,,NA,0,NA,,,2026-04-24T08:05:00,STRUCTURE_FAILED,0
6cb67b88a505f819,M5,L3,SHORT,DESIGN,2026-04-24T07:20:00,4661.64,4661.59,4669.27,2026-04-24T07:10:00@4674.62;2026-04-24T07:30:00@4657.58;2026-04-24T08:00:00@4676.83,1,,NA,NA,,NA,,NA,0,NA,,,2026-04-24T08:05:00,STRUCTURE_FAILED,0
80b5abf8739f03ba,M5,L3,LONG,DESIGN,2026-04-24T14:20:00,4708.80,4692.53,4711.91,2026-04-24T14:15:00@4692.53;2026-04-24T14:30:00@4717.35;2026-04-24T14:45:00@4702.87,1,,NA,NA,,NA,,NA,0,NA,,,2026-04-24T15:00:00,STRUCTURE_FAILED,0
d0d75d9ae6248d34,M5,L2,LONG,DESIGN,2026-04-24T14:25:00,4715.47,4706.64,4717.14,2026-04-24T14:15:00@4692.53;2026-04-24T14:30:00@4717.35;2026-04-24T14:45:00@4702.87,1,,NA,NA,,NA,,NA,0,NA,,,2026-04-24T15:00:00,STRUCTURE_FAILED,0
d0eff5dd7def921e,M5,L3,LONG,DESIGN,2026-04-24T14:25:00,4715.47,4706.64,4717.14,2026-04-24T14:15:00@4692.53;2026-04-24T14:30:00@4717.35;2026-04-24T14:45:00@4702.87,1,,NA,NA,,NA,,NA,0,NA,,,2026-04-24T15:00:00,STRUCTURE_FAILED,0
fdca1e6fd1e1155f,M5,L3,SHORT,DESIGN,2026-04-27T11:35:00,4707.45,4706.97,4709.84,2026-04-27T11:15:00@4714.03;2026-04-27T11:40:00@4705.34;2026-04-27T11:45:00@4714.69,1,,NA,NA,,NA,,NA,0,NA,,,2026-04-27T11:50:00,STRUCTURE_FAILED,0
254078ec5b2a96cf,M5,L3,SHORT,DESIGN,2026-04-27T15:40:00,4698.87,4697.00,4702.40,2026-04-27T15:30:00@4707.83;2026-04-27T15:40:00@4697.00;2026-04-27T15:50:00@4704.48,1,,NA,NA,,NA,,NA,0,NA,,,2026-04-27T15:55:00,STRUCTURE_FAILED,0
ad61be338cc98cfb,M5,L2,SHORT,DESIGN,2026-04-27T18:00:00,4668.90,4667.95,4679.41,2026-04-27T17:35:00@4696.70;2026-04-27T18:05:00@4667.13;2026-04-27T18:30:00@4682.52,1,,NA,NA,,NA,,NA,0,NA,,,2026-04-27T18:45:00,STRUCTURE_FAILED,0
63373e3c616b5047,M5,L3,SHORT,DESIGN,2026-04-27T18:00:00,4668.90,4667.95,4679.41,2026-04-27T17:35:00@4696.70;2026-04-27T18:05:00@4667.13;2026-04-27T18:30:00@4682.52,1,,NA,NA,,NA,,NA,0,NA,,,2026-04-27T18:45:00,STRUCTURE_FAILED,0
692b5ae81eb80216,M5,L3,LONG,DESIGN,2026-04-28T01:05:00,4688.81,4682.24,4689.43,2026-04-27T23:50:00@4678.16;2026-04-28T01:10:00@4691.15;2026-04-28T01:20:00@4686.87,1,,NA,NA,,NA,,NA,0,NA,,,2026-04-28T01:30:00,STRUCTURE_FAILED,0
47525c2f6d3cdaad,M5,L1,SHORT,DESIGN,2026-04-28T07:20:00,4667.07,4666.75,4668.61,2026-04-28T07:10:00@4669.96;2026-04-28T07:30:00@4666.58;2026-04-28T07:45:00@4669.94,1,,NA,NA,,NA,,NA,0,NA,,,2026-04-28T07:50:00,STRUCTURE_FAILED,0
e8731f72f732743f,M5,L3,SHORT,DESIGN,2026-04-28T07:20:00,4667.07,4666.75,4668.61,2026-04-28T07:10:00@4669.96;2026-04-28T07:30:00@4666.58;2026-04-28T07:45:00@4669.94,1,,NA,NA,,NA,,NA,0,NA,,,2026-04-28T07:50:00,STRUCTURE_FAILED,0
83cefc7158b9c7bb,M5,L2,SHORT,DESIGN,2026-04-28T08:00:00,4663.28,4661.80,4667.97,2026-04-28T07:45:00@4669.94;2026-04-28T08:05:00@4648.34;2026-04-28T08:20:00@4659.54;2026-04-28T08:45:00@4623.84;2026-04-28T08:55:00@4634.25;2026-04-28T09:00:00@4625.80,2,,NA,NA,,NA,,NA,0,NA,,,2026-04-28T09:05:00,STRUCTURE_FAILED,0
a139bcd7b50ce83d,M5,L3,SHORT,DESIGN,2026-04-28T08:00:00,4663.28,4661.80,4667.97,2026-04-28T07:45:00@4669.94;2026-04-28T08:05:00@4648.34;2026-04-28T08:20:00@4659.54;2026-04-28T08:45:00@4623.84;2026-04-28T08:55:00@4634.25;2026-04-28T09:00:00@4625.80,2,,NA,NA,,NA,,NA,0,NA,,,2026-04-28T09:05:00,STRUCTURE_FAILED,0
4ed644e96b92d400,M5,L3,SHORT,DESIGN,2026-04-28T08:05:00,4653.71,4648.34,4663.41,2026-04-28T07:45:00@4669.94;2026-04-28T08:05:00@4648.34;2026-04-28T08:20:00@4659.54,1,,NA,NA,,NA,,NA,0,NA,,,2026-04-28T08:30:00,STRUCTURE_FAILED,0
e09461a5a09daa07,M5,L4,SHORT,DESIGN,2026-04-28T23:20:00,4592.72,4591.55,4594.37,2026-04-28T23:10:00@4598.74;2026-04-28T23:25:00@4591.17;2026-04-28T23:30:00@4595.38,1,,NA,NA,,NA,,NA,0,NA,,,2026-04-28T23:40:00,STRUCTURE_FAILED,0
daaf85182855f3a1,M5,L3,LONG,DESIGN,2026-04-29T03:00:00,4606.61,4594.80,4606.84,2026-04-29T02:50:00@4589.22;2026-04-29T03:10:00@4610.58;2026-04-29T03:25:00@4598.66,1,,NA,NA,,NA,,NA,0,NA,,,2026-04-29T03:30:00,STRUCTURE_FAILED,0
07d11077fab0d6a8,M5,L2,SHORT,DESIGN,2026-04-29T10:20:00,4575.57,4574.50,4579.72,2026-04-29T10:00:00@4588.94;2026-04-29T10:25:00@4569.63;2026-04-29T10:30:00@4578.76,1,,NA,NA,,NA,,NA,0,NA,,,2026-04-29T10:35:00,STRUCTURE_FAILED,0
acfbec80be9f501f,M5,L3,SHORT,DESIGN,2026-04-29T10:20:00,4575.57,4574.50,4579.72,2026-04-29T10:00:00@4588.94;2026-04-29T10:25:00@4569.63;2026-04-29T10:30:00@4578.76,1,,NA,NA,,NA,,NA,0,NA,,,2026-04-29T10:35:00,STRUCTURE_FAILED,0
e85e0e6ae9c973d4,M5,L1,SHORT,DESIGN,2026-04-29T15:50:00,4545.11,4544.80,4555.87,2026-04-29T15:45:00@4559.98;2026-04-29T15:55:00@4541.52;2026-04-29T16:00:00@4553.23,1,,NA,NA,,NA,,NA,0,NA,,,2026-04-29T16:05:00,STRUCTURE_FAILED,0
773203215644de76,M5,L3,SHORT,DESIGN,2026-04-29T15:50:00,4545.11,4544.80,4555.87,2026-04-29T15:45:00@4559.98;2026-04-29T15:55:00@4541.52;2026-04-29T16:00:00@4553.23,1,,NA,NA,,NA,,NA,0,NA,,,2026-04-29T16:05:00,STRUCTURE_FAILED,0
a8ec332c07f43cd4,M5,L3,LONG,DESIGN,2026-04-30T03:35:00,4565.18,4562.27,4565.27,2026-04-30T03:15:00@4556.53;2026-04-30T03:45:00@4574.12;2026-04-30T04:10:00@4564.64,1,,NA,NA,,NA,,NA,0,NA,,,2026-04-30T04:15:00,STRUCTURE_FAILED,0
1512f924c608ee60,M5,L2,LONG,DESIGN,2026-04-30T09:50:00,4583.89,4577.99,4584.06,2026-04-30T09:40:00@4572.13;2026-04-30T09:55:00@4591.59;2026-04-30T10:05:00@4586.30;2026-04-30T10:10:00@4595.58;2026-04-30T10:20:00@4584.95,2,,NA,NA,,NA,,NA,0,NA,,,2026-04-30T10:25:00,STRUCTURE_FAILED,0
b4399be934caaa6e,M5,L3,LONG,DESIGN,2026-04-30T09:50:00,4583.89,4577.99,4584.06,2026-04-30T09:40:00@4572.13;2026-04-30T09:55:00@4591.59;2026-04-30T10:05:00@4586.30;2026-04-30T10:10:00@4595.58;2026-04-30T10:20:00@4584.95,2,,NA,NA,,NA,,NA,0,NA,,,2026-04-30T10:25:00,STRUCTURE_FAILED,0
4da8501c1632d522,M5,L1,LONG,DESIGN,2026-04-30T11:00:00,4626.02,4597.38,4628.00,2026-04-30T10:20:00@4584.95;2026-04-30T11:05:00@4629.79;2026-04-30T11:20:00@4612.04,1,,NA,NA,,NA,,NA,0,NA,,,2026-04-30T11:25:00,STRUCTURE_FAILED,0
4b4b7a07c3a7cec2,M5,L3,LONG,DESIGN,2026-04-30T11:00:00,4626.02,4597.38,4628.00,2026-04-30T10:20:00@4584.95;2026-04-30T11:05:00@4629.79;2026-04-30T11:20:00@4612.04,1,,NA,NA,,NA,,NA,0,NA,,,2026-04-30T11:25:00,STRUCTURE_FAILED,0
af4af78af993bac0,M5,L3,SHORT,DESIGN,2026-05-01T07:40:00,4613.51,4612.15,4615.98,2026-05-01T07:35:00@4617.26;2026-05-01T08:00:00@4607.60;2026-05-01T08:25:00@4616.21,1,,NA,NA,,NA,,NA,0,NA,,,2026-05-01T08:30:00,STRUCTURE_FAILED,0
04c7cf7e91aec56d,M5,L3,SHORT,DESIGN,2026-05-01T08:55:00,4604.91,4602.95,4608.44,2026-05-01T08:50:00@4612.31;2026-05-01T08:55:00@4602.95;2026-05-01T09:00:00@4607.96,1,,NA,NA,,NA,,NA,0,NA,,,2026-05-01T09:05:00,STRUCTURE_FAILED,0
9c2b564bdfad7584,M5,L1,LONG,DESIGN,2026-05-01T17:10:00,4656.09,4634.56,4660.22,2026-05-01T17:05:00@4632.65;2026-05-01T17:15:00@4660.38;2026-05-01T18:05:00@4619.09,1,,NA,NA,,NA,,NA,0,NA,,,2026-05-01T18:10:00,STRUCTURE_FAILED,0
1e0d8234070585f0,M5,L2,LONG,DESIGN,2026-05-01T17:10:00,4656.09,4634.56,4660.22,2026-05-01T17:05:00@4632.65;2026-05-01T17:15:00@4660.38;2026-05-01T18:05:00@4619.09,1,,NA,NA,,NA,,NA,0,NA,,,2026-05-01T18:10:00,STRUCTURE_FAILED,0
a2bb17b6e31639fb,M5,L3,LONG,DESIGN,2026-05-01T17:10:00,4656.09,4634.56,4660.22,2026-05-01T17:05:00@4632.65;2026-05-01T17:15:00@4660.38;2026-05-01T18:05:00@4619.09,1,,NA,NA,,NA,,NA,0,NA,,,2026-05-01T18:10:00,STRUCTURE_FAILED,0
6ec84646b726162b,M5,L3,SHORT,DESIGN,2026-05-04T03:20:00,4604.42,4602.15,4609.50,2026-05-04T03:05:00@4616.43;2026-05-04T03:25:00@4601.65;2026-05-04T04:00:00@4613.97,1,,NA,NA,,NA,,NA,0,NA,,,2026-05-04T04:05:00,STRUCTURE_FAILED,0
b4c2ea24dbbe562c,M5,L2,SHORT,DESIGN,2026-05-04T09:30:00,4590.05,4587.43,4595.55,2026-05-04T09:10:00@4598.49;2026-05-04T09:45:00@4583.67;2026-05-04T09:50:00@4592.40,1,,NA,NA,,NA,,NA,0,NA,,,2026-05-04T10:00:00,STRUCTURE_FAILED,0
4fbf1812ad73192e,M5,L3,SHORT,DESIGN,2026-05-04T09:30:00,4590.05,4587.43,4595.55,2026-05-04T09:10:00@4598.49;2026-05-04T09:45:00@4583.67;2026-05-04T09:50:00@4592.40,1,,NA,NA,,NA,,NA,0,NA,,,2026-05-04T10:00:00,STRUCTURE_FAILED,0
c19db8431205e13d,M5,L1,SHORT,DESIGN,2026-05-04T13:00:00,4560.03,4551.09,4575.72,2026-05-04T12:35:00@4584.45;2026-05-04T13:20:00@4525.96;2026-05-04T14:00:00@4570.84,1,,NA,NA,,NA,,NA,0,NA,,,2026-05-04T14:05:00,STRUCTURE_FAILED,0
4b280cd66e40467a,M5,L3,SHORT,DESIGN,2026-05-04T13:00:00,4560.03,4551.09,4575.72,2026-05-04T12:35:00@4584.45;2026-05-04T13:20:00@4525.96;2026-05-04T14:00:00@4570.84,1,,NA,NA,,NA,,NA,0,NA,,,2026-05-04T14:05:00,STRUCTURE_FAILED,0
7cd488d9bf544064,M5,L3,SHORT,DESIGN,2026-05-04T13:15:00,4538.09,4534.51,4543.78,2026-05-04T12:35:00@4584.45;2026-05-04T13:20:00@4525.96;2026-05-04T14:00:00@4570.84,1,,NA,NA,,NA,,NA,0,NA,,,2026-05-04T14:05:00,STRUCTURE_FAILED,0
39a7dee99a346522,M5,L3,SHORT,DESIGN,2026-05-04T18:20:00,4521.64,4514.53,4541.24,2026-05-04T17:40:00@4583.27;2026-05-04T18:20:00@4514.53;2026-05-04T18:25:00@4539.98,1,,NA,NA,,NA,,NA,0,NA,,,2026-05-04T18:30:00,STRUCTURE_FAILED,0
479ab6394175ddd0,M5,L3,SHORT,DESIGN,2026-05-04T19:05:00,4511.20,4504.44,4523.63,2026-05-04T18:55:00@4530.43;2026-05-04T19:10:00@4500.70;2026-05-04T19:20:00@4526.95,1,,NA,NA,,NA,,NA,0,NA,,,2026-05-04T19:25:00,STRUCTURE_FAILED,0
b03901b3a253f973,M5,L3,SHORT,DESIGN,2026-05-04T19:10:00,4509.62,4500.70,4516.36,2026-05-04T18:55:00@4530.43;2026-05-04T19:10:00@4500.70;2026-05-04T19:20:00@4526.95,1,,NA,NA,,NA,,NA,0,NA,,,2026-05-04T19:25:00,STRUCTURE_FAILED,0
74464e57e551b6ea,M5,L2,LONG,DESIGN,2026-05-05T08:30:00,4547.04,4539.69,4547.31,2026-05-05T08:15:00@4535.69;2026-05-05T08:40:00@4551.78;2026-05-05T08:55:00@4543.51,1,,NA,NA,,NA,,NA,0,NA,,,2026-05-05T09:00:00,STRUCTURE_FAILED,0
a03f2eddbb893904,M5,L3,LONG,DESIGN,2026-05-05T08:30:00,4547.04,4539.69,4547.31,2026-05-05T08:15:00@4535.69;2026-05-05T08:40:00@4551.78;2026-05-05T08:55:00@4543.51,1,,NA,NA,,NA,,NA,0,NA,,,2026-05-05T09:00:00,STRUCTURE_FAILED,0
4931c519670a1385,M5,L3,LONG,DESIGN,2026-05-05T17:05:00,4583.74,4577.53,4584.55,2026-05-05T16:40:00@4571.71;2026-05-05T17:05:00@4584.55;2026-05-05T17:15:00@4565.94,1,,NA,NA,,NA,,NA,0,NA,,,2026-05-05T17:20:00,STRUCTURE_FAILED,0
163fdb0d9b0ee0d9,M5,L1,LONG,DESIGN,2026-05-06T02:10:00,4588.74,4577.68,4590.55,2026-05-06T02:00:00@4569.34;2026-05-06T02:10:00@4590.55;2026-05-06T02:30:00@4579.44,1,,NA,NA,,NA,,NA,0,NA,,,2026-05-06T02:35:00,STRUCTURE_FAILED,0
65a2da11ea228dd6,M5,L3,LONG,DESIGN,2026-05-06T02:10:00,4588.74,4577.68,4590.55,2026-05-06T02:00:00@4569.34;2026-05-06T02:10:00@4590.55;2026-05-06T02:30:00@4579.44,1,,NA,NA,,NA,,NA,0,NA,,,2026-05-06T02:35:00,STRUCTURE_FAILED,0
efae952ae3e6d49f,M5,L3,LONG,DESIGN,2026-05-06T03:55:00,4618.74,4610.81,4619.78,2026-05-06T03:15:00@4588.23;2026-05-06T04:00:00@4622.70;2026-05-06T04:10:00@4609.54,1,,NA,NA,,NA,,NA,0,NA,,,2026-05-06T04:15:00,STRUCTURE_FAILED,0
d5b2c8d3afe82644,M5,L3,LONG,DESIGN,2026-05-06T05:50:00,4638.71,4634.57,4638.83,2026-05-06T05:30:00@4626.77;2026-05-06T06:20:00@4651.13;2026-05-06T06:30:00@4642.61;2026-05-06T06:35:00@4652.02;2026-05-06T06:55:00@4642.93;2026-05-06T07:25:00@4653.63;2026-05-06T07:40:00@4646.06;2026-05-06T08:05:00@4656.44;2026-05-06T08:15:00@4649.66;2026-05-06T08:25:00@4655.39,4,,NA,NA,,NA,,NA,0,NA,,,2026-05-06T08:30:00,NO_SPIKE,0
fb01316375d32bb1,M5,L2,LONG,DESIGN,2026-05-06T08:05:00,4655.56,4650.52,4656.44,2026-05-06T07:40:00@4646.06;2026-05-06T08:05:00@4656.44;2026-05-06T08:15:00@4649.66,1,,NA,NA,,NA,,NA,0,NA,,,2026-05-06T08:20:00,STRUCTURE_FAILED,0
15c4f0bcca649d66,M5,L3,LONG,DESIGN,2026-05-06T08:55:00,4663.01,4652.04,4663.83,2026-05-06T08:35:00@4644.63;2026-05-06T09:05:00@4665.90;2026-05-06T09:20:00@4657.97,1,,NA,NA,,NA,,NA,0,NA,,,2026-05-06T09:25:00,STRUCTURE_FAILED,0
4e6498de58785e32,M5,L3,LONG,DESIGN,2026-05-07T04:10:00,4709.71,4697.54,4711.20,2026-05-07T04:00:00@4685.19;2026-05-07T04:15:00@4716.42;2026-05-07T04:30:00@4702.20,1,,NA,NA,,NA,,NA,0,NA,,,2026-05-07T04:35:00,STRUCTURE_FAILED,0
ccd1a6ba8686a57b,M5,L3,LONG,DESIGN,2026-05-07T04:45:00,4718.90,4712.65,4719.79,2026-05-07T04:30:00@4702.20;2026-05-07T04:50:00@4721.25;2026-05-07T05:30:00@4699.94,1,,NA,NA,,NA,,NA,0,NA,,,2026-05-07T05:40:00,STRUCTURE_FAILED,0
f7a4443032577e51,M5,L1,LONG,DESIGN,2026-05-07T09:30:00,4733.23,4716.07,4733.86,2026-05-07T08:55:00@4700.73;2026-05-07T09:40:00@4750.18;2026-05-07T10:00:00@4731.69,1,,NA,NA,,NA,,NA,0,NA,,,2026-05-07T10:05:00,STRUCTURE_FAILED,0
19ae1f99ad37318d,M5,L2,LONG,DESIGN,2026-05-07T09:30:00,4733.23,4716.07,4733.86,2026-05-07T08:55:00@4700.73;2026-05-07T09:40:00@4750.18;2026-05-07T10:00:00@4731.69,1,,NA,NA,,NA,,NA,0,NA,,,2026-05-07T10:05:00,STRUCTURE_FAILED,0
b4775a608c68d4ff,M5,L3,LONG,DESIGN,2026-05-07T09:30:00,4733.23,4716.07,4733.86,2026-05-07T08:55:00@4700.73;2026-05-07T09:40:00@4750.18;2026-05-07T10:00:00@4731.69,1,,NA,NA,,NA,,NA,0,NA,,,2026-05-07T10:05:00,STRUCTURE_FAILED,0
6b1c157e7017d992,M5,L3,LONG,DESIGN,2026-05-07T16:30:00,4756.08,4743.32,4758.20,2026-05-07T16:10:00@4731.31;2026-05-07T16:30:00@4758.20;2026-05-07T16:50:00@4737.40,1,,NA,NA,,NA,,NA,0,NA,,,2026-05-07T16:55:00,STRUCTURE_FAILED,0
5397c02fe8985fb8,M5,L3,SHORT,DESIGN,2026-05-07T19:05:00,4717.62,4716.63,4725.23,2026-05-07T18:30:00@4747.17;2026-05-07T19:15:00@4704.34;2026-05-07T19:25:00@4722.95,1,,NA,NA,,NA,,NA,0,NA,,,2026-05-07T19:30:00,STRUCTURE_FAILED,0
bbb32d9ceb8a065d,M5,L3,SHORT,DESIGN,2026-05-07T23:55:00,4685.22,4684.16,4695.31,2026-05-07T23:45:00@4703.89;2026-05-08T01:00:00@4677.48;2026-05-08T01:10:00@4698.13,1,,NA,NA,,NA,,NA,0,NA,,,2026-05-08T01:15:00,STRUCTURE_FAILED,0
dbd360dc1ad7bbb5,M5,L3,LONG,DESIGN,2026-05-08T04:45:00,4719.96,4710.75,4720.19,2026-05-08T04:35:00@4705.09;2026-05-08T05:00:00@4732.72;2026-05-08T05:35:00@4707.02,1,,NA,NA,,NA,,NA,0,NA,,,2026-05-08T05:40:00,STRUCTURE_FAILED,0
f081a66b953ceb55,M5,L2,LONG,DESIGN,2026-05-08T09:25:00,4733.60,4726.22,4734.69,2026-05-08T09:15:00@4721.62;2026-05-08T09:25:00@4734.69;2026-05-08T09:35:00@4725.63,1,,NA,NA,,NA,,NA,0,NA,,,2026-05-08T09:40:00,STRUCTURE_FAILED,0
2b56a78d1bb38257,M5,L3,LONG,DESIGN,2026-05-08T09:25:00,4733.60,4726.22,4734.69,2026-05-08T09:15:00@4721.62;2026-05-08T09:25:00@4734.69;2026-05-08T09:35:00@4725.63,1,,NA,NA,,NA,,NA,0,NA,,,2026-05-08T09:40:00,STRUCTURE_FAILED,0
a20f17974d13eceb,M5,L3,LONG,DESIGN,2026-05-08T16:30:00,4739.20,4726.86,4744.09,2026-05-08T16:10:00@4716.45;2026-05-08T16:35:00@4744.40;2026-05-08T16:40:00@4734.92,1,,NA,NA,,NA,,NA,0,NA,,,2026-05-08T16:45:00,STRUCTURE_FAILED,0
be75525dbe68232d,M5,L1,SHORT,DESIGN,2026-05-11T06:50:00,4677.37,4677.24,4682.46,2026-05-11T06:30:00@4690.48;2026-05-11T07:20:00@4670.02;2026-05-11T07:25:00@4675.86;2026-05-11T07:30:00@4668.48;2026-05-11T07:50:00@4675.96,2,,NA,NA,,NA,,NA,0,NA,,,2026-05-11T08:05:00,STRUCTURE_FAILED,0
1820afc3d15f6ca5,M5,L3,SHORT,DESIGN,2026-05-11T06:50:00,4677.37,4677.24,4682.46,2026-05-11T06:30:00@4690.48;2026-05-11T07:20:00@4670.02;2026-05-11T07:25:00@4675.86;2026-05-11T07:30:00@4668.48;2026-05-11T07:50:00@4675.96,2,,NA,NA,,NA,,NA,0,NA,,,2026-05-11T08:05:00,STRUCTURE_FAILED,0
abaee01513f0624a,M5,L2,SHORT,DESIGN,2026-05-11T08:40:00,4663.64,4662.09,4674.36,2026-05-11T08:35:00@4680.70;2026-05-11T08:55:00@4648.11;2026-05-11T09:20:00@4670.72,1,,NA,NA,,NA,,NA,0,NA,,,2026-05-11T09:25:00,STRUCTURE_FAILED,0
77a6476a9263e9de,M5,L3,SHORT,DESIGN,2026-05-11T08:40:00,4663.64,4662.09,4674.36,2026-05-11T08:35:00@4680.70;2026-05-11T08:55:00@4648.11;2026-05-11T09:20:00@4670.72,1,,NA,NA,,NA,,NA,0,NA,,,2026-05-11T09:25:00,STRUCTURE_FAILED,0
bb0754b426f80663,M5,L3,SHORT,DESIGN,2026-05-11T08:50:00,4654.41,4652.81,4661.74,2026-05-11T08:35:00@4680.70;2026-05-11T08:55:00@4648.11;2026-05-11T09:20:00@4670.72,1,,NA,NA,,NA,,NA,0,NA,,,2026-05-11T09:25:00,STRUCTURE_FAILED,0
86c50f8ec35c1823,M5,L2,LONG,DESIGN,2026-05-11T16:00:00,4709.97,4698.74,4709.97,2026-05-11T15:45:00@4686.36;2026-05-11T16:20:00@4735.62;2026-05-11T16:25:00@4727.48;2026-05-11T16:45:00@4748.59;2026-05-11T16:50:00@4734.77;2026-05-11T16:55:00@4744.78,2,,NA,NA,,NA,,NA,0,NA,,,2026-05-11T17:00:00,STRUCTURE_FAILED,0
6c8fc8c77ba16cf5,M5,L3,LONG,DESIGN,2026-05-11T16:00:00,4709.97,4698.74,4709.97,2026-05-11T15:45:00@4686.36;2026-05-11T16:20:00@4735.62;2026-05-11T16:25:00@4727.48;2026-05-11T16:45:00@4748.59;2026-05-11T16:50:00@4734.77;2026-05-11T16:55:00@4744.78,2,,NA,NA,,NA,,NA,0,NA,,,2026-05-11T17:00:00,STRUCTURE_FAILED,0
1b886acf1e178c08,M5,L3,LONG,DESIGN,2026-05-11T16:20:00,4731.47,4726.56,4735.62,2026-05-11T15:45:00@4686.36;2026-05-11T16:20:00@4735.62;2026-05-11T16:25:00@4727.48,1,,NA,NA,,NA,,NA,0,NA,,,2026-05-11T16:30:00,STRUCTURE_FAILED,0
9b2ba5d27fa7ae0a,M5,L1,LONG,DESIGN,2026-05-12T01:45:00,4752.03,4744.22,4755.36,2026-05-12T01:20:00@4737.49;2026-05-12T01:45:00@4755.36;2026-05-12T01:55:00@4749.70,1,,NA,NA,,NA,,NA,0,NA,,,2026-05-12T02:00:00,STRUCTURE_FAILED,0
8923d68035452b16,M5,L3,LONG,DESIGN,2026-05-12T01:45:00,4752.03,4744.22,4755.36,2026-05-12T01:20:00@4737.49;2026-05-12T01:45:00@4755.36;2026-05-12T01:55:00@4749.70,1,,NA,NA,,NA,,NA,0,NA,,,2026-05-12T02:00:00,STRUCTURE_FAILED,0
47ef54ef8cfd8711,M5,L3,LONG,DESIGN,2026-05-12T02:50:00,4766.09,4759.47,4769.66,2026-05-12T02:40:00@4754.39;2026-05-12T02:50:00@4769.66;2026-05-12T03:00:00@4758.54,1,,NA,NA,,NA,,NA,0,NA,,,2026-05-12T03:05:00,STRUCTURE_FAILED,0
991611aa8b8ddc0f,M5,L4,SHORT,DESIGN,2026-05-12T06:45:00,4720.51,4719.11,4724.60,2026-05-12T05:50:00@4733.51;2026-05-12T06:55:00@4718.12;2026-05-12T07:15:00@4730.36,1,,NA,NA,,NA,,NA,0,NA,,,2026-05-12T07:20:00,STRUCTURE_FAILED,0
7e16e6939bd92741,M5,L2,SHORT,DESIGN,2026-05-12T08:05:00,4711.13,4709.61,4718.66,2026-05-12T07:35:00@4726.45;2026-05-12T08:10:00@4708.76;2026-05-12T08:30:00@4722.32,1,,NA,NA,,NA,,NA,0,NA,,,2026-05-12T08:35:00,STRUCTURE_FAILED,0
be75ff2808bc270d,M5,L3,SHORT,DESIGN,2026-05-12T09:00:00,4706.86,4704.06,4714.34,2026-05-12T08:30:00@4722.32;2026-05-12T09:25:00@4695.27;2026-05-12T09:35:00@4704.75,1,,NA,NA,,NA,,NA,0,NA,,,2026-05-12T09:40:00,STRUCTURE_FAILED,0
11c3e74d30370cdb,M5,L4,SHORT,DESIGN,2026-05-12T12:40:00,4695.34,4694.36,4702.48,2026-05-12T12:30:00@4705.26;2026-05-12T12:45:00@4694.24;2026-05-12T12:50:00@4701.60,1,,NA,NA,,NA,,NA,0,NA,,,2026-05-12T12:55:00,STRUCTURE_FAILED,0
f3fd1e0394d70591,M5,L3,SHORT,DESIGN,2026-05-12T16:15:00,4685.69,4679.23,4689.16,2026-05-12T15:50:00@4711.53;2026-05-12T16:15:00@4679.23;2026-05-12T16:20:00@4695.51,1,,NA,NA,,NA,,NA,0,NA,,,2026-05-12T16:30:00,STRUCTURE_FAILED,0
7b2e3ff2337c9edb,M5,L3,SHORT,DESIGN,2026-05-12T16:55:00,4678.68,4676.80,4691.46,2026-05-12T16:40:00@4701.64;2026-05-12T17:00:00@4675.98;2026-05-12T17:10:00@4695.17,1,,NA,NA,,NA,,NA,0,NA,,,2026-05-12T17:15:00,STRUCTURE_FAILED,0
83fee772305c418c,M5,L1,SHORT,DESIGN,2026-05-12T18:20:00,4642.84,4638.69,4662.48,2026-05-12T17:35:00@4687.96;2026-05-12T18:25:00@4638.13;2026-05-12T19:15:00@4675.17,1,,NA,NA,,NA,,NA,0,NA,,,2026-05-12T19:20:00,STRUCTURE_FAILED,0
a492b3fd987e0452,M5,L3,SHORT,DESIGN,2026-05-12T18:20:00,4642.84,4638.69,4662.48,2026-05-12T17:35:00@4687.96;2026-05-12T18:25:00@4638.13;2026-05-12T19:15:00@4675.17,1,,NA,NA,,NA,,NA,0,NA,,,2026-05-12T19:20:00,STRUCTURE_FAILED,0
3e1137d85ba761d7,M5,L3,LONG,DESIGN,2026-05-12T22:50:00,4712.61,4709.43,4713.72,2026-05-12T21:45:00@4690.55;2026-05-12T23:00:00@4719.25;2026-05-12T23:05:00@4712.08,1,,NA,NA,,NA,,NA,0,NA,,,2026-05-12T23:15:00,STRUCTURE_FAILED,0
b44557dde14ebf19,M5,L4,LONG,DESIGN,2026-05-13T03:00:00,4724.83,4714.89,4725.30,2026-05-13T03:00:00@4714.89;2026-05-13T03:05:00@4726.73;2026-05-13T03:15:00@4719.96,1,,NA,NA,,NA,,NA,0,NA,,,2026-05-13T03:20:00,STRUCTURE_FAILED,0
2f41cb560ce20d8f,M5,L4,SHORT,DESIGN,2026-05-13T03:55:00,4714.49,4714.00,4718.27,2026-05-13T03:40:00@4725.21;2026-05-13T04:00:00@4707.25;2026-05-13T04:10:00@4716.28,1,,NA,NA,,NA,,NA,0,NA,,,2026-05-13T04:15:00,STRUCTURE_FAILED,0
dc37ab06bf41394d,M5,L2,SHORT,DESIGN,2026-05-13T12:20:00,4686.77,4686.03,4692.20,2026-05-13T11:55:00@4702.89;2026-05-13T12:20:00@4686.03;2026-05-13T12:25:00@4692.16,1,,NA,NA,,NA,,NA,0,NA,,,2026-05-13T12:30:00,STRUCTURE_FAILED,0
55e5324fbc251746,M5,L3,SHORT,DESIGN,2026-05-13T12:20:00,4686.77,4686.03,4692.20,2026-05-13T11:55:00@4702.89;2026-05-13T12:20:00@4686.03;2026-05-13T12:25:00@4692.16,1,,NA,NA,,NA,,NA,0,NA,,,2026-05-13T12:30:00,STRUCTURE_FAILED,0
d323ab572c88c065,M5,L3,SHORT,DESIGN,2026-05-13T15:25:00,4684.71,4683.25,4688.82,2026-05-13T15:05:00@4701.64;2026-05-13T15:30:00@4676.20;2026-05-13T15:35:00@4686.17,1,,NA,NA,,NA,,NA,0,NA,,,2026-05-13T15:40:00,STRUCTURE_FAILED,0
075ad9c368c181db,M5,L3,SHORT,DESIGN,2026-05-14T06:40:00,4676.38,4675.85,4681.22,2026-05-14T06:25:00@4693.35;2026-05-14T07:00:00@4668.69;2026-05-14T07:35:00@4712.70,1,,NA,NA,,NA,,NA,0,NA,,,2026-05-14T07:40:00,STRUCTURE_FAILED,0
4bce7786e8ade2b1,M5,L3,LONG,DESIGN,2026-05-14T07:30:00,4709.17,4701.47,4710.75,2026-05-14T07:00:00@4668.69;2026-05-14T07:35:00@4712.70;2026-05-14T08:30:00@4693.24,1,,NA,NA,,NA,,NA,0,NA,,,2026-05-14T08:35:00,STRUCTURE_FAILED,0
45efa3c9279d8735,M5,L3,LONG,DESIGN,2026-05-14T10:30:00,4710.31,4702.99,4710.70,2026-05-14T10:10:00@4694.51;2026-05-14T10:35:00@4718.78;2026-05-14T10:55:00@4690.78,1,,NA,NA,,NA,,NA,0,NA,,,2026-05-14T11:00:00,STRUCTURE_FAILED,0
15fb7d258566bacc,M5,L3,LONG,DESIGN,2026-05-14T10:35:00,4712.36,4710.28,4718.78,2026-05-14T10:10:00@4694.51;2026-05-14T10:35:00@4718.78;2026-05-14T10:55:00@4690.78,1,,NA,NA,,NA,,NA,0,NA,,,2026-05-14T11:00:00,STRUCTURE_FAILED,0
87269c05abbe0f03,M5,L3,SHORT,DESIGN,2026-05-14T16:25:00,4688.28,4688.06,4697.06,2026-05-14T16:10:00@4704.81;2026-05-14T16:40:00@4666.69;2026-05-14T16:50:00@4691.10,1,,NA,NA,,NA,,NA,0,NA,,,2026-05-14T16:55:00,STRUCTURE_FAILED,0
d02aeb010937cd32,M5,L1,SHORT,DESIGN,2026-05-14T21:40:00,4668.47,4668.29,4671.68,2026-05-14T21:20:00@4676.37;2026-05-14T21:45:00@4667.08;2026-05-14T22:00:00@4671.87,1,,NA,NA,,NA,,NA,0,NA,,,2026-05-14T22:05:00,STRUCTURE_FAILED,0
80dd2fcff9a68a5a,M5,L3,SHORT,DESIGN,2026-05-14T21:40:00,4668.47,4668.29,4671.68,2026-05-14T21:20:00@4676.37;2026-05-14T21:45:00@4667.08;2026-05-14T22:00:00@4671.87,1,,NA,NA,,NA,,NA,0,NA,,,2026-05-14T22:05:00,STRUCTURE_FAILED,0
7dc861131883bde8,M5,L3,SHORT,DESIGN,2026-05-14T22:25:00,4663.35,4663.24,4669.03,2026-05-14T22:00:00@4671.87;2026-05-14T22:45:00@4653.02;2026-05-14T22:50:00@4658.93;2026-05-14T23:35:00@4644.30;2026-05-14T23:40:00@4652.58;2026-05-14T23:50:00@4648.75,2,,NA,NA,,NA,,NA,0,NA,,,2026-05-14T23:55:00,STRUCTURE_FAILED,0
fd6881a53a609ac4,M5,L1,SHORT,DESIGN,2026-05-15T03:25:00,4630.03,4629.29,4644.76,2026-05-15T03:15:00@4658.37;2026-05-15T03:40:00@4613.64;2026-05-15T04:00:00@4631.63,1,,NA,NA,,NA,,NA,0,NA,,,2026-05-15T04:05:00,STRUCTURE_FAILED,0
56a5a83ae66031d6,M5,L3,SHORT,DESIGN,2026-05-15T03:25:00,4630.03,4629.29,4644.76,2026-05-15T03:15:00@4658.37;2026-05-15T03:40:00@4613.64;2026-05-15T04:00:00@4631.63,1,,NA,NA,,NA,,NA,0,NA,,,2026-05-15T04:05:00,STRUCTURE_FAILED,0
d4931aa360680f08,M5,L3,SHORT,DESIGN,2026-05-15T07:40:00,4605.75,4604.30,4613.36,2026-05-15T07:35:00@4614.89;2026-05-15T07:40:00@4604.30;2026-05-15T07:50:00@4612.50,1,,NA,NA,,NA,,NA,0,NA,,,2026-05-15T07:55:00,STRUCTURE_FAILED,0
1a7d1385795ee9ca,M5,L2,SHORT,DESIGN,2026-05-15T08:00:00,4599.95,4599.05,4606.55,2026-05-15T07:50:00@4612.50;2026-05-15T08:20:00@4580.88;2026-05-15T08:25:00@4590.23;2026-05-15T08:35:00@4563.68;2026-05-15T08:40:00@4575.78;2026-05-15T08:45:00@4562.56;2026-05-15T08:50:00@4573.27;2026-05-15T09:00:00@4556.36,4,2026-05-15T09:10:00,4573.37,2.015802,2026-05-15T09:50:00,4574.22,2026-05-15T10:20:00,4588.78,2,2.42666667,2026-05-15T10:40:00,2026-05-15T10:45:00,2026-05-15T10:50:00,LINE_PASSED,0
d92d72d82a91c2e9,M5,L3,SHORT,DESIGN,2026-05-15T16:35:00,4528.70,4526.55,4542.68,2026-05-15T16:25:00@4557.51;2026-05-15T16:45:00@4511.50;2026-05-15T16:55:00@4541.86,1,,NA,NA,,NA,,NA,0,NA,,,2026-05-15T17:00:00,STRUCTURE_FAILED,0
202b0e89599ee774,M5,L1,SHORT,DESIGN,2026-05-18T03:30:00,4492.26,4487.66,4519.07,2026-05-18T02:50:00@4544.17;2026-05-18T03:30:00@4487.66;2026-05-18T03:35:00@4503.03,1,,NA,NA,,NA,,NA,0,NA,,,2026-05-18T03:40:00,STRUCTURE_FAILED,0
ac19b4dffbd6536c,M5,L3,SHORT,DESIGN,2026-05-18T03:30:00,4492.26,4487.66,4519.07,2026-05-18T02:50:00@4544.17;2026-05-18T03:30:00@4487.66;2026-05-18T03:35:00@4503.03,1,,NA,NA,,NA,,NA,0,NA,,,2026-05-18T03:40:00,STRUCTURE_FAILED,0
0e8d76417763ae8c,M5,L4,LONG,DESIGN,2026-05-18T06:40:00,4545.62,4533.74,4548.01,2026-05-18T06:35:00@4525.13;2026-05-18T07:05:00@4549.71;2026-05-18T07:25:00@4530.12,1,,NA,NA,,NA,,NA,0,NA,,,2026-05-18T07:30:00,STRUCTURE_FAILED,0
25b2b7c54c347b24,M5,L2,LONG,DESIGN,2026-05-18T10:25:00,4550.57,4539.17,4551.28,2026-05-18T10:20:00@4538.18;2026-05-18T10:30:00@4559.96;2026-05-18T10:50:00@4540.12,1,,NA,NA,,NA,,NA,0,NA,,,2026-05-18T10:55:00,STRUCTURE_FAILED,0
25f9ff650b163a7a,M5,L3,LONG,DESIGN,2026-05-18T14:40:00,4562.13,4551.95,4567.11,2026-05-18T14:20:00@4531.76;2026-05-18T14:40:00@4567.11;2026-05-18T15:00:00@4547.25,1,,NA,NA,,NA,,NA,0,NA,,,2026-05-18T15:05:00,STRUCTURE_FAILED,0
6be034536c516915,M5,L3,LONG,DESIGN,2026-05-18T15:40:00,4569.56,4558.55,4569.57,2026-05-18T15:20:00@4545.25;2026-05-18T15:45:00@4574.81;2026-05-18T15:50:00@4562.63,1,,NA,NA,,NA,,NA,0,NA,,,2026-05-18T15:55:00,STRUCTURE_FAILED,0
d01b06ae38e02611,M5,L3,LONG,DESIGN,2026-05-18T16:20:00,4572.86,4565.50,4572.97,2026-05-18T16:10:00@4561.84;2026-05-18T16:30:00@4579.77;2026-05-18T16:45:00@4563.78,1,,NA,NA,,NA,,NA,0,NA,,,2026-05-18T16:50:00,STRUCTURE_FAILED,0
b1e0897bef71d14a,M5,L1,LONG,DESIGN,2026-05-19T02:10:00,4585.57,4579.96,4586.84,2026-05-19T01:55:00@4572.46;2026-05-19T02:20:00@4588.86;2026-05-19T02:30:00@4582.75,1,,NA,NA,,NA,,NA,0,NA,,,2026-05-19T02:35:00,STRUCTURE_FAILED,0
0dffb4abfc98ef63,M5,L3,LONG,DESIGN,2026-05-19T02:10:00,4585.57,4579.96,4586.84,2026-05-19T01:55:00@4572.46;2026-05-19T02:20:00@4588.86;2026-05-19T02:30:00@4582.75,1,,NA,NA,,NA,,NA,0,NA,,,2026-05-19T02:35:00,STRUCTURE_FAILED,0
583904ea201baa92,M5,L2,SHORT,DESIGN,2026-05-19T08:20:00,4535.36,4530.95,4542.48,2026-05-19T08:10:00@4546.58;2026-05-19T08:20:00@4530.95;2026-05-19T08:25:00@4540.62,1,,NA,NA,,NA,,NA,0,NA,,,2026-05-19T08:30:00,STRUCTURE_FAILED,0
2eb3450135659566,M5,L4,LONG,DESIGN,2026-05-19T10:55:00,4557.21,4552.13,4559.36,2026-05-19T10:50:00@4547.97;2026-05-19T10:55:00@4559.36;2026-05-19T11:25:00@4536.33,1,,NA,NA,,NA,,NA,0,NA,,,2026-05-19T11:30:00,STRUCTURE_FAILED,0
8c20190958c6e9c6,M5,L3,SHORT,DESIGN,2026-05-19T13:40:00,4529.16,4525.43,4541.51,2026-05-19T13:35:00@4542.92;2026-05-19T13:40:00@4525.43;2026-05-19T14:00:00@4547.92,1,,NA,NA,,NA,,NA,0,NA,,,2026-05-19T14:05:00,STRUCTURE_FAILED,0
1e7e143d5ecc0389,M5,L3,SHORT,DESIGN,2026-05-19T16:00:00,4523.61,4522.03,4537.35,2026-05-19T15:55:00@4541.54;2026-05-19T16:05:00@4514.90;2026-05-19T16:10:00@4526.54,1,,NA,NA,,NA,,NA,0,NA,,,2026-05-19T16:15:00,STRUCTURE_FAILED,0
03bc80ef08dfc099,M5,L1,SHORT,DESIGN,2026-05-19T16:40:00,4476.12,4470.22,4483.53,2026-05-19T16:35:00@4486.85;2026-05-19T16:40:00@4470.22;2026-05-19T17:05:00@4514.13,1,,NA,NA,,NA,,NA,0,NA,,,2026-05-19T17:10:00,STRUCTURE_FAILED,0
2acf91ec09a99633,M5,L3,SHORT,DESIGN,2026-05-19T16:40:00,4476.12,4470.22,4483.53,2026-05-19T16:35:00@4486.85;2026-05-19T16:40:00@4470.22;2026-05-19T17:05:00@4514.13,1,,NA,NA,,NA,,NA,0,NA,,,2026-05-19T17:10:00,STRUCTURE_FAILED,0
a2f7354e1e570621,M5,L3,SHORT,DESIGN,2026-05-20T04:25:00,4473.64,4472.80,4485.72,2026-05-20T04:10:00@4500.48;2026-05-20T04:35:00@4455.97;2026-05-20T04:50:00@4488.48,1,,NA,NA,,NA,,NA,0,NA,,,2026-05-20T04:55:00,STRUCTURE_FAILED,0
1e9cf649a27f373d,M5,L1,SHORT,DESIGN,2026-05-20T05:40:00,4460.75,4460.75,4471.69,2026-05-20T05:20:00@4487.03;2026-05-20T05:55:00@4458.61;2026-05-20T06:00:00@4467.24,1,,NA,NA,,NA,,NA,0,NA,,,2026-05-20T06:05:00,STRUCTURE_FAILED,0
96d207c5847e2b6e,M5,L3,SHORT,DESIGN,2026-05-20T05:40:00,4460.75,4460.75,4471.69,2026-05-20T05:20:00@4487.03;2026-05-20T05:55:00@4458.61;2026-05-20T06:00:00@4467.24,1,,NA,NA,,NA,,NA,0,NA,,,2026-05-20T06:05:00,STRUCTURE_FAILED,0
af51593d75ff9f2f,M5,L2,LONG,DESIGN,2026-05-20T17:30:00,4524.56,4506.87,4528.69,2026-05-20T17:25:00@4498.92;2026-05-20T17:30:00@4528.69;2026-05-20T17:35:00@4515.23,1,,NA,NA,,NA,,NA,0,NA,,,2026-05-20T17:45:00,STRUCTURE_FAILED,0
28e9bab8fc4dc724,M5,L3,LONG,DESIGN,2026-05-20T17:30:00,4524.56,4506.87,4528.69,2026-05-20T17:25:00@4498.92;2026-05-20T17:30:00@4528.69;2026-05-20T17:35:00@4515.23,1,,NA,NA,,NA,,NA,0,NA,,,2026-05-20T17:45:00,STRUCTURE_FAILED,0
bfef6e0c45c88a81,M5,L4,LONG,DESIGN,2026-05-20T21:30:00,4539.66,4534.94,4539.76,2026-05-20T21:25:00@4531.95;2026-05-20T21:35:00@4543.44;2026-05-20T21:45:00@4536.82,1,,NA,NA,,NA,,NA,0,NA,,,2026-05-20T21:50:00,STRUCTURE_FAILED,0
e5d46849d4b0d57c,M5,L3,LONG,DESIGN,2026-05-20T22:35:00,4548.26,4545.19,4550.05,2026-05-20T21:45:00@4536.82;2026-05-20T22:35:00@4550.05;2026-05-20T23:05:00@4545.33,1,,NA,NA,,NA,,NA,0,NA,,,2026-05-20T23:10:00,STRUCTURE_FAILED,0
59321dae0959b6e2,M5,L1,LONG,DESIGN,2026-05-21T04:10:00,4559.89,4549.38,4560.05,2026-05-21T03:25:00@4537.34;2026-05-21T04:20:00@4567.84;2026-05-21T04:25:00@4560.67;2026-05-21T04:30:00@4569.56;2026-05-21T04:35:00@4561.70;2026-05-21T04:40:00@4570.76;2026-05-21T05:30:00@4534.01,3,,NA,NA,,NA,,NA,0,NA,,,2026-05-21T05:35:00,NO_SPIKE,0
8ce52b5ad72c98a2,M5,L3,LONG,DESIGN,2026-05-21T04:10:00,4559.89,4549.38,4560.05,2026-05-21T03:25:00@4537.34;2026-05-21T04:20:00@4567.84;2026-05-21T04:25:00@4560.67;2026-05-21T04:30:00@4569.56;2026-05-21T04:35:00@4561.70;2026-05-21T04:40:00@4570.76;2026-05-21T05:30:00@4534.01,3,,NA,NA,,NA,,NA,0,NA,,,2026-05-21T05:35:00,NO_SPIKE,0
06d7a76d31d5950c,M5,L3,SHORT,DESIGN,2026-05-21T05:45:00,4534.43,4531.52,4537.31,2026-05-21T05:35:00@4541.72;2026-05-21T05:45:00@4531.52;2026-05-21T06:10:00@4539.01,1,,NA,NA,,NA,,NA,0,NA,,,2026-05-21T06:15:00,STRUCTURE_FAILED,0
64e7dbccd8ba43b2,M5,L2,SHORT,DESIGN,2026-05-21T08:15:00,4527.16,4526.13,4531.08,2026-05-21T08:00:00@4540.48;2026-05-21T08:30:00@4518.43;2026-05-21T08:35:00@4527.22,1,,NA,NA,,NA,,NA,0,NA,,,2026-05-21T08:45:00,STRUCTURE_FAILED,0
2ea40e953f384a31,M5,L3,SHORT,DESIGN,2026-05-21T13:35:00,4508.60,4507.64,4517.95,2026-05-21T13:10:00@4535.29;2026-05-21T13:40:00@4504.91;2026-05-21T13:45:00@4517.83,1,,NA,NA,,NA,,NA,0,NA,,,2026-05-21T13:50:00,STRUCTURE_FAILED,0
a070dbddf928f7fb,M5,L3,LONG,DESIGN,2026-05-21T20:40:00,4548.25,4542.33,4548.37,2026-05-21T20:35:00@4541.87;2026-05-21T20:55:00@4559.28;2026-05-21T21:05:00@4542.98,1,,NA,NA,,NA,,NA,0,NA,,,2026-05-21T21:20:00,STRUCTURE_FAILED,0
ff3c156ddf60e26b,M5,L2,SHORT,DESIGN,2026-05-22T08:55:00,4511.33,4507.32,4528.94,2026-05-22T08:40:00@4534.32;2026-05-22T08:55:00@4507.32;2026-05-22T09:10:00@4524.39,1,,NA,NA,,NA,,NA,0,NA,,,2026-05-22T09:15:00,STRUCTURE_FAILED,0
19d3ce91ff45115c,M5,L3,SHORT,DESIGN,2026-05-22T08:55:00,4511.33,4507.32,4528.94,2026-05-22T08:40:00@4534.32;2026-05-22T08:55:00@4507.32;2026-05-22T09:10:00@4524.39,1,,NA,NA,,NA,,NA,0,NA,,,2026-05-22T09:15:00,STRUCTURE_FAILED,0
0b1ae40c4cb67fa2,M5,L3,LONG,DESIGN,2026-05-22T13:05:00,4535.56,4529.62,4536.72,2026-05-22T13:00:00@4529.60;2026-05-22T13:10:00@4536.81;2026-05-22T13:45:00@4510.15,1,,NA,NA,,NA,,NA,0,NA,,,2026-05-22T13:50:00,STRUCTURE_FAILED,0
cb916a6be0e053a7,M5,L3,SHORT,DESIGN,2026-05-22T17:00:00,4507.69,4503.12,4514.16,2026-05-22T16:50:00@4517.69;2026-05-22T17:00:00@4503.12;2026-05-22T17:10:00@4511.07,1,,NA,NA,,NA,,NA,0,NA,,,2026-05-22T17:15:00,STRUCTURE_FAILED,0
0f8cea27ed515953,M5,L3,SHORT,DESIGN,2026-05-22T17:10:00,4497.53,4490.60,4511.07,2026-05-22T17:10:00@4511.07;2026-05-22T17:20:00@4491.62;2026-05-22T17:45:00@4507.33,1,,NA,NA,,NA,,NA,0,NA,,,2026-05-22T17:55:00,STRUCTURE_FAILED,0
e3e0194880e0be14,M5,L1,LONG,DESIGN,2026-05-25T01:00:00,4551.46,4532.73,4552.90,2026-05-22T23:45:00@4503.65;2026-05-25T01:10:00@4557.38;2026-05-25T01:15:00@4548.42,1,,NA,NA,,NA,,NA,0,NA,,,2026-05-25T01:20:00,STRUCTURE_FAILED,0
b0d40b240e7df1a7,M5,L3,LONG,DESIGN,2026-05-25T01:00:00,4551.46,4532.73,4552.90,2026-05-22T23:45:00@4503.65;2026-05-25T01:10:00@4557.38;2026-05-25T01:15:00@4548.42,1,,NA,NA,,NA,,NA,0,NA,,,2026-05-25T01:20:00,STRUCTURE_FAILED,0
0cb148d648565a4b,M5,L3,LONG,DESIGN,2026-05-25T01:45:00,4565.17,4557.88,4565.76,2026-05-25T01:15:00@4548.42;2026-05-25T02:40:00@4580.21;2026-05-25T02:55:00@4565.63,1,,NA,NA,,NA,,NA,0,NA,,,2026-05-25T03:00:00,STRUCTURE_FAILED,0
4c2846b2fd5c19bb,M5,L3,LONG,DESIGN,2026-05-25T02:05:00,4572.74,4567.69,4574.25,2026-05-25T01:15:00@4548.42;2026-05-25T02:40:00@4580.21;2026-05-25T02:55:00@4565.63,1,,NA,NA,,NA,,NA,0,NA,,,2026-05-25T03:00:00,STRUCTURE_FAILED,0
3ee1b2fbb92664b1,M5,L2,SHORT,DESIGN,2026-05-25T08:20:00,4556.51,4556.36,4562.90,2026-05-25T08:00:00@4565.71;2026-05-25T08:30:00@4552.74;2026-05-25T08:40:00@4560.91,1,,NA,NA,,NA,,NA,0,NA,,,2026-05-25T08:45:00,STRUCTURE_FAILED,0
dc1bb10fd2d391c5,M5,L3,LONG,DESIGN,2026-05-26T02:10:00,4578.99,4575.37,4579.17,2026-05-26T01:35:00@4569.63;2026-05-26T02:15:00@4580.28;2026-05-26T02:40:00@4555.21,1,,NA,NA,,NA,,NA,0,NA,,,2026-05-26T02:45:00,STRUCTURE_FAILED,0
9950a3a0d6dd99a0,M5,L3,SHORT,DESIGN,2026-05-26T02:30:00,4560.85,4560.54,4568.60,2026-05-26T02:15:00@4580.28;2026-05-26T02:40:00@4555.21;2026-05-26T02:50:00@4562.94,1,,NA,NA,,NA,,NA,0,NA,,,2026-05-26T03:00:00,STRUCTURE_FAILED,0
80cb162c41939bcd,M5,L3,SHORT,DESIGN,2026-05-26T03:00:00,4550.80,4549.35,4560.21,2026-05-26T02:50:00@4562.94;2026-05-26T03:15:00@4541.24;2026-05-26T03:30:00@4553.05,1,,NA,NA,,NA,,NA,0,NA,,,2026-05-26T03:35:00,STRUCTURE_FAILED,0
19e0ee0f9330a8d5,M5,L3,SHORT,DESIGN,2026-05-26T03:05:00,4549.57,4548.85,4552.59,2026-05-26T02:50:00@4562.94;2026-05-26T03:15:00@4541.24;2026-05-26T03:30:00@4553.05,1,,NA,NA,,NA,,NA,0,NA,,,2026-05-26T03:35:00,STRUCTURE_FAILED,0
c2c4ebe8c7adccc3,M5,L1,SHORT,DESIGN,2026-05-26T04:35:00,4529.72,4527.70,4539.10,2026-05-26T04:10:00@4549.27;2026-05-26T04:35:00@4527.70;2026-05-26T05:10:00@4539.54,1,,NA,NA,,NA,,NA,0,NA,,,2026-05-26T05:30:00,STRUCTURE_FAILED,0
7775a082a614a1f4,M5,L3,SHORT,DESIGN,2026-05-26T07:40:00,4526.17,4525.24,4529.16,2026-05-26T07:15:00@4539.47;2026-05-26T07:45:00@4524.78;2026-05-26T07:50:00@4529.14,1,,NA,NA,,NA,,NA,0,NA,,,2026-05-26T07:55:00,STRUCTURE_FAILED,0
9958cec3887a0cc4,M5,L2,SHORT,DESIGN,2026-05-26T10:35:00,4523.19,4521.69,4526.43,2026-05-26T10:25:00@4531.15;2026-05-26T10:35:00@4521.69;2026-05-26T11:00:00@4539.14,1,,NA,NA,,NA,,NA,0,NA,,,2026-05-26T11:05:00,STRUCTURE_FAILED,0
522ceafc15a4c433,M5,L3,SHORT,DESIGN,2026-05-26T15:35:00,4502.36,4501.45,4510.38,,0,,NA,NA,,NA,,NA,0,NA,,,2026-05-26T16:05:00,NO_LEG1,0
d21ed61776ae511d,M5,L3,SHORT,DESIGN,2026-05-26T20:30:00,4500.23,4498.20,4501.78,2026-05-26T20:25:00@4507.62;2026-05-26T20:40:00@4496.63;2026-05-26T20:50:00@4501.27,1,,NA,NA,,NA,,NA,0,NA,,,2026-05-26T20:55:00,STRUCTURE_FAILED,0
78cc258c9bb4d1bd,M5,L3,SHORT,DESIGN,2026-05-26T21:00:00,4487.71,4485.04,4493.30,2026-05-26T20:50:00@4501.27;2026-05-26T21:05:00@4482.54;2026-05-26T21:10:00@4491.01,1,,NA,NA,,NA,,NA,0,NA,,,2026-05-26T21:15:00,STRUCTURE_FAILED,0
f4e37eb11119e7f3,M5,L2,SHORT,DESIGN,2026-05-27T08:40:00,4493.35,4491.74,4500.14,2026-05-27T08:30:00@4508.78;2026-05-27T08:40:00@4491.74;2026-05-27T08:50:00@4502.23,1,,NA,NA,,NA,,NA,0,NA,,,2026-05-27T08:55:00,STRUCTURE_FAILED,0
5143a5cd49146523,M5,L1,SHORT,DESIGN,2026-05-27T10:10:00,4480.24,4480.13,4484.88,2026-05-27T09:45:00@4490.14;2026-05-27T10:10:00@4480.13;2026-05-27T10:20:00@4489.23,1,,NA,NA,,NA,,NA,0,NA,,,2026-05-27T10:35:00,STRUCTURE_FAILED,0
6c84b3382c94d93f,M5,L3,SHORT,DESIGN,2026-05-27T10:10:00,4480.24,4480.13,4484.88,2026-05-27T09:45:00@4490.14;2026-05-27T10:10:00@4480.13;2026-05-27T10:20:00@4489.23,1,,NA,NA,,NA,,NA,0,NA,,,2026-05-27T10:35:00,STRUCTURE_FAILED,0
05d1c2a0cd3a82d9,M5,L3,SHORT,DESIGN,2026-05-27T13:30:00,4473.90,4472.48,4477.25,2026-05-27T13:05:00@4489.09;2026-05-27T13:35:00@4462.13;2026-05-27T13:40:00@4470.13;2026-05-27T13:55:00@4442.73;2026-05-27T14:00:00@4453.16;2026-05-27T14:10:00@4443.41,2,,NA,NA,,NA,,NA,0,NA,,,2026-05-27T14:15:00,STRUCTURE_FAILED,0
9dbaa41acb95e57f,M5,L3,SHORT,DESIGN,2026-05-27T13:35:00,4463.82,4462.13,4475.91,2026-05-27T13:05:00@4489.09;2026-05-27T13:35:00@4462.13;2026-05-27T13:40:00@4470.13,1,,NA,NA,,NA,,NA,0,NA,,,2026-05-27T13:45:00,STRUCTURE_FAILED,0
d111569f75b4e67c,M5,L3,SHORT,DESIGN,2026-05-27T13:45:00,4448.59,4444.07,4466.99,2026-05-27T13:40:00@4470.13;2026-05-27T13:55:00@4442.73;2026-05-27T14:00:00@4453.16,1,,NA,NA,,NA,,NA,0,NA,,,2026-05-27T14:05:00,STRUCTURE_FAILED,0
d35f200dbcb911e1,M5,L4,LONG,DESIGN,2026-05-27T23:15:00,4458.24,4455.20,4458.88,2026-05-27T22:55:00@4448.78;2026-05-27T23:15:00@4458.88;2026-05-27T23:40:00@4451.34,1,,NA,NA,,NA,,NA,0,NA,,,2026-05-27T23:45:00,STRUCTURE_FAILED,0
e7011e12a70a4b99,M5,L1,SHORT,DESIGN,2026-05-28T05:45:00,4396.10,4393.57,4402.30,2026-05-28T05:30:00@4410.44;2026-05-28T06:00:00@4390.27;2026-05-28T06:05:00@4397.81,1,,NA,NA,,NA,,NA,0,NA,,,2026-05-28T06:15:00,STRUCTURE_FAILED,0
e085ec616a669da3,M5,L3,SHORT,DESIGN,2026-05-28T05:45:00,4396.10,4393.57,4402.30,2026-05-28T05:30:00@4410.44;2026-05-28T06:00:00@4390.27;2026-05-28T06:05:00@4397.81,1,,NA,NA,,NA,,NA,0,NA,,,2026-05-28T06:15:00,STRUCTURE_FAILED,0
cb093a34371057c8,M5,L2,LONG,DESIGN,2026-05-28T17:10:00,4464.43,4432.33,4467.66,2026-05-28T17:00:00@4420.71;2026-05-28T17:15:00@4473.50;2026-05-28T17:20:00@4453.71,1,,NA,NA,,NA,,NA,0,NA,,,2026-05-28T17:25:00,STRUCTURE_FAILED,0
ff05f4cc939ba846,M5,L3,LONG,DESIGN,2026-05-28T17:10:00,4464.43,4432.33,4467.66,2026-05-28T17:00:00@4420.71;2026-05-28T17:15:00@4473.50;2026-05-28T17:20:00@4453.71,1,,NA,NA,,NA,,NA,0,NA,,,2026-05-28T17:25:00,STRUCTURE_FAILED,0
5f2263d58d7c2e42,M5,L3,LONG,DESIGN,2026-05-28T17:40:00,4468.95,4458.49,4471.51,2026-05-28T17:35:00@4452.97;2026-05-28T17:45:00@4480.42;2026-05-28T17:55:00@4462.02,1,,NA,NA,,NA,,NA,0,NA,,,2026-05-28T18:00:00,STRUCTURE_FAILED,0
c125554e95f24e19,M5,L1,LONG,DESIGN,2026-05-29T04:15:00,4518.69,4514.58,4520.73,2026-05-29T04:00:00@4492.50;2026-05-29T04:15:00@4520.73;2026-05-29T04:30:00@4502.48,1,,NA,NA,,NA,,NA,0,NA,,,2026-05-29T04:35:00,STRUCTURE_FAILED,0
09a0db0326d340d8,M5,L3,LONG,DESIGN,2026-05-29T04:15:00,4518.69,4514.58,4520.73,2026-05-29T04:00:00@4492.50;2026-05-29T04:15:00@4520.73;2026-05-29T04:30:00@4502.48,1,,NA,NA,,NA,,NA,0,NA,,,2026-05-29T04:35:00,STRUCTURE_FAILED,0
dade682ec6f7a146,M5,L2,LONG,DESIGN,2026-05-29T09:50:00,4522.03,4516.91,4523.12,2026-05-29T09:40:00@4511.40;2026-05-29T09:55:00@4524.05;2026-05-29T10:25:00@4510.74,1,,NA,NA,,NA,,NA,0,NA,,,2026-05-29T10:30:00,STRUCTURE_FAILED,0
4c55834ed2f005a1,M5,L3,LONG,DESIGN,2026-05-29T09:50:00,4522.03,4516.91,4523.12,2026-05-29T09:40:00@4511.40;2026-05-29T09:55:00@4524.05;2026-05-29T10:25:00@4510.74,1,,NA,NA,,NA,,NA,0,NA,,,2026-05-29T10:30:00,STRUCTURE_FAILED,0
e125e04ba4dd2c13,M5,L3,LONG,DESIGN,2026-05-29T13:30:00,4538.82,4530.37,4539.25,2026-05-29T13:00:00@4525.53;2026-05-29T13:35:00@4543.32;2026-05-29T13:55:00@4535.46,1,,NA,NA,,NA,,NA,0,NA,,,2026-05-29T14:00:00,STRUCTURE_FAILED,0
2af077cf06de6f81,M5,L3,LONG,DESIGN,2026-05-29T13:35:00,4541.38,4538.24,4543.32,2026-05-29T13:00:00@4525.53;2026-05-29T13:35:00@4543.32;2026-05-29T13:55:00@4535.46,1,,NA,NA,,NA,,NA,0,NA,,,2026-05-29T14:00:00,STRUCTURE_FAILED,0
458c5a709e36d0d0,M5,L3,LONG,DESIGN,2026-05-29T17:00:00,4547.99,4535.18,4549.34,2026-05-29T16:10:00@4520.91;2026-05-29T17:10:00@4552.71;2026-05-29T17:30:00@4525.46,1,,NA,NA,,NA,,NA,0,NA,,,2026-05-29T17:35:00,STRUCTURE_FAILED,0
807ffcd56f0f928e,M5,L3,LONG,DESIGN,2026-05-29T18:05:00,4588.04,4573.64,4589.89,2026-05-29T17:30:00@4525.46;2026-05-29T18:10:00@4595.34;2026-05-29T18:45:00@4557.76,1,,NA,NA,,NA,,NA,0,NA,,,2026-05-29T18:50:00,STRUCTURE_FAILED,0
fd72bdc77dbe97fc,M5,L4,SHORT,DESIGN,2026-06-01T04:00:00,4534.14,4531.82,4541.53,2026-06-01T03:50:00@4542.78;2026-06-01T04:10:00@4525.99;2026-06-01T04:20:00@4536.57,1,,NA,NA,,NA,,NA,0,NA,,,2026-06-01T04:25:00,STRUCTURE_FAILED,0
45442d46bb6b4ee4,M5,L3,SHORT,DESIGN,2026-06-01T06:05:00,4517.61,4517.39,4524.84,2026-06-01T05:35:00@4531.05;2026-06-01T06:15:00@4513.89;2026-06-01T06:30:00@4524.04,1,,NA,NA,,NA,,NA,0,NA,,,2026-06-01T06:35:00,STRUCTURE_FAILED,0
781c460e1381a08f,M5,L3,SHORT,DESIGN,2026-06-01T06:40:00,4510.66,4509.88,4515.69,2026-06-01T06:30:00@4524.04;2026-06-01T06:45:00@4509.84;2026-06-01T07:00:00@4519.64,1,,NA,NA,,NA,,NA,0,NA,,,2026-06-01T07:05:00,STRUCTURE_FAILED,0
2b6f584b25bd88ac,M5,L2,SHORT,DESIGN,2026-06-01T09:20:00,4506.18,4504.96,4511.01,2026-06-01T08:45:00@4525.26;2026-06-01T09:20:00@4504.96;2026-06-01T09:30:00@4514.91,1,,NA,NA,,NA,,NA,0,NA,,,2026-06-01T09:35:00,STRUCTURE_FAILED,0
653f7b2235ee92e9,M5,L1,SHORT,DESIGN,2026-06-01T16:10:00,4484.26,4472.39,4501.16,2026-06-01T16:05:00@4502.40;2026-06-01T16:10:00@4472.39;2026-06-01T16:15:00@4489.70,1,,NA,NA,,NA,,NA,0,NA,,,2026-06-01T16:20:00,STRUCTURE_FAILED,0
98f4dfa922713dc2,M5,L3,SHORT,DESIGN,2026-06-01T16:10:00,4484.26,4472.39,4501.16,2026-06-01T16:05:00@4502.40;2026-06-01T16:10:00@4472.39;2026-06-01T16:15:00@4489.70,1,,NA,NA,,NA,,NA,0,NA,,,2026-06-01T16:20:00,STRUCTURE_FAILED,0
46b3b3eef55d8dfa,M5,L3,LONG,DESIGN,2026-06-02T06:40:00,4497.21,4494.24,4497.21,2026-06-02T06:35:00@4493.71;2026-06-02T07:15:00@4510.17;2026-06-02T07:30:00@4503.49;2026-06-02T08:35:00@4528.21;2026-06-02T08:55:00@4516.20;2026-06-02T09:05:00@4524.86,2,,NA,NA,,NA,,NA,0,NA,,,2026-06-02T09:10:00,STRUCTURE_FAILED,0
055fb0b992e52f6d,M5,L3,LONG,DESIGN,2026-06-02T07:55:00,4517.34,4512.80,4518.20,2026-06-02T07:30:00@4503.49;2026-06-02T08:35:00@4528.21;2026-06-02T08:55:00@4516.20,1,,NA,NA,,NA,,NA,0,NA,,,2026-06-02T09:00:00,STRUCTURE_FAILED,0
3eba42f912ec9fe8,M5,L2,LONG,DESIGN,2026-06-02T08:10:00,4518.66,4515.17,4518.72,2026-06-02T07:30:00@4503.49;2026-06-02T08:35:00@4528.21;2026-06-02T08:55:00@4516.20,1,,NA,NA,,NA,,NA,0,NA,,,2026-06-02T09:00:00,STRUCTURE_FAILED,0
10407be38e5c1014,M5,L3,SHORT,DESIGN,2026-06-02T15:45:00,4520.32,4519.96,4525.97,2026-06-02T15:35:00@4533.66;2026-06-02T16:00:00@4513.06;2026-06-02T16:05:00@4524.82,1,,NA,NA,,NA,,NA,0,NA,,,2026-06-02T16:10:00,STRUCTURE_FAILED,0
e52ffadd5a723d06,M5,L4,SHORT,DESIGN,2026-06-02T19:15:00,4494.82,4494.35,4498.42,2026-06-02T18:45:00@4507.04;2026-06-02T19:35:00@4486.29;2026-06-02T20:00:00@4493.08;2026-06-02T20:20:00@4486.51,1,,NA,NA,,NA,,NA,0,NA,,,2026-06-02T20:25:00,STRUCTURE_FAILED,0
8293250f815ef708,M5,L3,SHORT,DESIGN,2026-06-03T02:10:00,4477.02,4474.44,4483.28,2026-06-03T01:45:00@4492.23;2026-06-03T02:25:00@4462.28;2026-06-03T02:30:00@4469.01;2026-06-03T02:35:00@4463.43,1,,NA,NA,,NA,,NA,0,NA,,,2026-06-03T02:40:00,STRUCTURE_FAILED,0
67e4f8ca2960150a,M5,L1,SHORT,DESIGN,2026-06-03T08:40:00,4462.01,4460.17,4467.07,2026-06-03T08:35:00@4468.85;2026-06-03T08:40:00@4460.17;2026-06-03T08:50:00@4468.34,1,,NA,NA,,NA,,NA,0,NA,,,2026-06-03T08:55:00,STRUCTURE_FAILED,0
0404b87de9e825bc,M5,L2,SHORT,DESIGN,2026-06-03T08:40:00,4462.01,4460.17,4467.07,2026-06-03T08:35:00@4468.85;2026-06-03T08:40:00@4460.17;2026-06-03T08:50:00@4468.34,1,,NA,NA,,NA,,NA,0,NA,,,2026-06-03T08:55:00,STRUCTURE_FAILED,0
26b18853e033b428,M5,L3,SHORT,DESIGN,2026-06-03T08:40:00,4462.01,4460.17,4467.07,2026-06-03T08:35:00@4468.85;2026-06-03T08:40:00@4460.17;2026-06-03T08:50:00@4468.34,1,,NA,NA,,NA,,NA,0,NA,,,2026-06-03T08:55:00,STRUCTURE_FAILED,0
d73e443cdaa7354d,M5,L3,SHORT,DESIGN,2026-06-03T11:50:00,4444.90,4442.73,4454.96,2026-06-03T11:40:00@4458.86;2026-06-03T11:55:00@4440.23;2026-06-03T12:05:00@4458.97,1,,NA,NA,,NA,,NA,0,NA,,,2026-06-03T12:10:00,STRUCTURE_FAILED,0
89b679282d731d98,M5,L3,SHORT,DESIGN,2026-06-03T16:40:00,4427.40,4427.35,4450.08,2026-06-03T16:30:00@4453.27;2026-06-03T16:45:00@4426.41;2026-06-03T17:15:00@4458.75,1,,NA,NA,,NA,,NA,0,NA,,,2026-06-03T17:20:00,STRUCTURE_FAILED,0
65b433496b626a10,M5,L4,LONG,DESIGN,2026-06-03T20:05:00,4447.01,4443.28,4448.40,2026-06-03T19:40:00@4435.40;2026-06-03T20:05:00@4448.40;2026-06-03T20:30:00@4435.63,1,,NA,NA,,NA,,NA,0,NA,,,2026-06-03T20:35:00,STRUCTURE_FAILED,0
6cba2b5c55043e69,M5,L4,LONG,DESIGN,2026-06-03T22:00:00,4449.16,4441.42,4449.36,2026-06-03T21:35:00@4436.93;2026-06-03T22:20:00@4452.26;2026-06-03T23:05:00@4438.55,1,,NA,NA,,NA,,NA,0,NA,,,2026-06-03T23:10:00,STRUCTURE_FAILED,0
53ba7012c494e481,M5,L3,LONG,DESIGN,2026-06-04T04:20:00,4469.83,4464.64,4473.59,2026-06-04T04:15:00@4459.62;2026-06-04T04:20:00@4473.59;2026-06-04T04:50:00@4456.87,1,,NA,NA,,NA,,NA,0,NA,,,2026-06-04T04:55:00,STRUCTURE_FAILED,0
24bb82684d39f8c4,M5,L4,LONG,DESIGN,2026-06-04T12:45:00,4470.72,4467.52,4472.30,2026-06-04T12:10:00@4462.21;2026-06-04T12:50:00@4475.58;2026-06-04T13:25:00@4464.31,1,,NA,NA,,NA,,NA,0,NA,,,2026-06-04T13:30:00,STRUCTURE_FAILED,0
5c1b9445c70876b0,M5,L2,LONG,DESIGN,2026-06-04T14:25:00,4489.53,4477.60,4491.48,2026-06-04T13:50:00@4468.51;2026-06-04T14:30:00@4492.58;2026-06-04T14:35:00@4482.26,1,,NA,NA,,NA,,NA,0,NA,,,2026-06-04T14:40:00,STRUCTURE_FAILED,0
73d6997faaf3621d,M5,L3,LONG,DESIGN,2026-06-04T14:25:00,4489.53,4477.60,4491.48,2026-06-04T13:50:00@4468.51;2026-06-04T14:30:00@4492.58;2026-06-04T14:35:00@4482.26,1,,NA,NA,,NA,,NA,0,NA,,,2026-06-04T14:40:00,STRUCTURE_FAILED,0
3ef06fadf936e38c,M5,L1,LONG,DESIGN,2026-06-04T14:45:00,4501.24,4491.43,4504.23,2026-06-04T14:35:00@4482.26;2026-06-04T14:55:00@4514.61;2026-06-04T15:15:00@4491.16,1,,NA,NA,,NA,,NA,0,NA,,,2026-06-04T15:20:00,STRUCTURE_FAILED,0
e9bc415745be8527,M5,L3,LONG,DESIGN,2026-06-04T14:45:00,4501.24,4491.43,4504.23,2026-06-04T14:35:00@4482.26;2026-06-04T14:55:00@4514.61;2026-06-04T15:15:00@4491.16,1,,NA,NA,,NA,,NA,0,NA,,,2026-06-04T15:20:00,STRUCTURE_FAILED,0
c56f02a6ebc1976c,M5,L3,SHORT,DESIGN,2026-06-05T01:50:00,4469.64,4469.50,4474.28,2026-06-05T01:30:00@4481.50;2026-06-05T02:00:00@4464.13;2026-06-05T02:10:00@4474.01,1,,NA,NA,,NA,,NA,0,NA,,,2026-06-05T02:15:00,STRUCTURE_FAILED,0
dbf0a71e6b10132a,M5,L3,SHORT,DESIGN,2026-06-05T03:10:00,4455.29,4454.41,4462.51,2026-06-05T03:05:00@4464.98;2026-06-05T03:20:00@4450.70;2026-06-05T03:35:00@4466.93,1,,NA,NA,,NA,,NA,0,NA,,,2026-06-05T03:45:00,STRUCTURE_FAILED,0
acca93f7cb2c8bc3,M5,L3,SHORT,DESIGN,2026-06-05T05:40:00,4442.93,4438.37,4445.21,2026-06-05T05:25:00@4455.03;2026-06-05T05:40:00@4438.37;2026-06-05T05:50:00@4449.94,1,,NA,NA,,NA,,NA,0,NA,,,2026-06-05T05:55:00,STRUCTURE_FAILED,0
dff26ca70ae922d4,M5,L4,LONG,DESIGN,2026-06-05T07:55:00,4444.99,4444.02,4446.66,2026-06-05T07:45:00@4439.66;2026-06-05T08:00:00@4450.05;2026-06-05T08:30:00@4439.41,1,,NA,NA,,NA,,NA,0,NA,,,2026-06-05T08:35:00,STRUCTURE_FAILED,0
3d52af311e0c832d,M5,L2,LONG,DESIGN,2026-06-05T14:50:00,4472.10,4466.78,4475.39,2026-06-05T14:40:00@4463.23;2026-06-05T14:50:00@4475.39;2026-06-05T15:00:00@4464.21,1,,NA,NA,,NA,,NA,0,NA,,,2026-06-05T15:10:00,STRUCTURE_FAILED,0
e651e9049d65ab3b,M5,L1,SHORT,DESIGN,2026-06-05T15:50:00,4416.95,4416.95,4440.73,2026-06-05T15:45:00@4449.09;2026-06-05T16:00:00@4399.94;2026-06-05T16:15:00@4421.02,1,,NA,NA,,NA,,NA,0,NA,,,2026-06-05T16:20:00,STRUCTURE_FAILED,0
fb41a44df986a428,M5,L2,SHORT,DESIGN,2026-06-05T15:50:00,4416.95,4416.95,4440.73,2026-06-05T15:45:00@4449.09;2026-06-05T16:00:00@4399.94;2026-06-05T16:15:00@4421.02,1,,NA,NA,,NA,,NA,0,NA,,,2026-06-05T16:20:00,STRUCTURE_FAILED,0
31e3cccc8ef119af,M5,L3,SHORT,DESIGN,2026-06-05T15:50:00,4416.95,4416.95,4440.73,2026-06-05T15:45:00@4449.09;2026-06-05T16:00:00@4399.94;2026-06-05T16:15:00@4421.02,1,,NA,NA,,NA,,NA,0,NA,,,2026-06-05T16:20:00,STRUCTURE_FAILED,0
314b4b8601cdb77b,M5,L1,SHORT,DESIGN,2026-06-08T05:30:00,4309.61,4308.72,4316.79,2026-06-08T05:00:00@4330.72;2026-06-08T05:35:00@4307.33;2026-06-08T05:45:00@4320.78,1,,NA,NA,,NA,,NA,0,NA,,,2026-06-08T05:50:00,STRUCTURE_FAILED,0
d31187757251342f,M5,L3,SHORT,DESIGN,2026-06-08T05:30:00,4309.61,4308.72,4316.79,2026-06-08T05:00:00@4330.72;2026-06-08T05:35:00@4307.33;2026-06-08T05:45:00@4320.78,1,,NA,NA,,NA,,NA,0,NA,,,2026-06-08T05:50:00,STRUCTURE_FAILED,0
c4c2f66b7539c465,M5,L2,SHORT,DESIGN,2026-06-08T08:30:00,4287.03,4286.71,4313.32,2026-06-08T08:20:00@4314.45;2026-06-08T08:35:00@4268.54;2026-06-08T08:40:00@4293.08,1,,NA,NA,,NA,,NA,0,NA,,,2026-06-08T08:45:00,STRUCTURE_FAILED,0
841429ef8b3686ba,M5,L3,SHORT,DESIGN,2026-06-08T08:30:00,4287.03,4286.71,4313.32,2026-06-08T08:20:00@4314.45;2026-06-08T08:35:00@4268.54;2026-06-08T08:40:00@4293.08,1,,NA,NA,,NA,,NA,0,NA,,,2026-06-08T08:45:00,STRUCTURE_FAILED,0
9cd09682a17a0fbe,M5,L3,LONG,DESIGN,2026-06-08T14:10:00,4318.52,4304.59,4318.57,2026-06-08T13:55:00@4296.85;2026-06-08T14:20:00@4331.09;2026-06-08T14:25:00@4321.94;2026-06-08T14:30:00@4333.29;2026-06-08T14:45:00@4321.39,2,,NA,NA,,NA,,NA,0,NA,,,2026-06-08T14:50:00,STRUCTURE_FAILED,0
81b5c141ee41064a,M5,L3,SHORT,DESIGN,2026-06-09T02:45:00,4313.84,4313.60,4320.05,2026-06-09T02:40:00@4322.29;2026-06-09T02:50:00@4312.97;2026-06-09T03:10:00@4323.71,1,,NA,NA,,NA,,NA,0,NA,,,2026-06-09T03:20:00,STRUCTURE_FAILED,0
d8cabb36750f54aa,M5,L4,SHORT,DESIGN,2026-06-09T07:15:00,4330.09,4329.40,4332.98,2026-06-09T07:10:00@4339.35;2026-06-09T07:30:00@4324.28;2026-06-09T08:05:00@4337.14,1,,NA,NA,,NA,,NA,0,NA,,,2026-06-09T08:10:00,STRUCTURE_FAILED,0
056b3b0f981b5a69,M5,L2,LONG,DESIGN,2026-06-09T08:30:00,4342.75,4331.53,4343.91,2026-06-09T08:15:00@4330.63;2026-06-09T08:40:00@4351.42;2026-06-09T08:55:00@4341.62,1,,NA,NA,,NA,,NA,0,NA,,,2026-06-09T09:00:00,STRUCTURE_FAILED,0
7806cb82a6fae856,M5,L3,LONG,DESIGN,2026-06-09T08:40:00,4348.14,4342.50,4351.42,2026-06-09T08:15:00@4330.63;2026-06-09T08:40:00@4351.42;2026-06-09T08:55:00@4341.62,1,,NA,NA,,NA,,NA,0,NA,,,2026-06-09T09:00:00,STRUCTURE_FAILED,0
bccb04e054e7dc8f,M5,L3,SHORT,DESIGN,2026-06-09T11:00:00,4323.19,4322.68,4327.20,2026-06-09T10:45:00@4330.28;2026-06-09T11:05:00@4321.18;2026-06-09T11:10:00@4336.47,1,,NA,NA,,NA,,NA,0,NA,,,2026-06-09T11:25:00,STRUCTURE_FAILED,0
f62b14c8858eeee2,M5,L4,SHORT,DESIGN,2026-06-09T16:15:00,4334.12,4334.12,4342.05,2026-06-09T16:00:00@4345.46;2026-06-09T16:30:00@4328.85;2026-06-09T16:35:00@4334.42,1,,NA,NA,,NA,,NA,0,NA,,,2026-06-09T16:40:00,STRUCTURE_FAILED,0
4bd76c944fd9e402,M5,L3,LONG,DESIGN,2026-06-09T16:45:00,4352.24,4329.17,4363.67,2026-06-09T16:40:00@4325.18;2026-06-09T16:45:00@4363.67;2026-06-09T17:15:00@4305.93,1,,NA,NA,,NA,,NA,0,NA,,,2026-06-09T17:20:00,STRUCTURE_FAILED,0
9533e7672f78faeb,M5,L2,SHORT,DESIGN,2026-06-09T17:15:00,4311.32,4305.93,4323.09,2026-06-09T16:45:00@4363.67;2026-06-09T17:15:00@4305.93;2026-06-09T17:25:00@4323.85,1,,NA,NA,,NA,,NA,0,NA,,,2026-06-09T17:30:00,STRUCTURE_FAILED,0
99dbb1442c0dbf9a,M5,L3,SHORT,DESIGN,2026-06-09T17:15:00,4311.32,4305.93,4323.09,2026-06-09T16:45:00@4363.67;2026-06-09T17:15:00@4305.93;2026-06-09T17:25:00@4323.85,1,,NA,NA,,NA,,NA,0,NA,,,2026-06-09T17:30:00,STRUCTURE_FAILED,0
edfee958c3c09822,M5,L3,SHORT,DESIGN,2026-06-09T18:35:00,4270.17,4263.16,4274.64,2026-06-09T18:00:00@4302.21;2026-06-09T18:35:00@4263.16;2026-06-09T18:45:00@4285.81,1,,NA,NA,,NA,,NA,0,NA,,,2026-06-09T18:55:00,STRUCTURE_FAILED,0
aea35a20e6b0a7f3,M5,L1,SHORT,DESIGN,2026-06-09T19:05:00,4263.70,4260.77,4274.45,2026-06-09T18:45:00@4285.81;2026-06-09T19:15:00@4253.17;2026-06-09T19:35:00@4267.65,1,,NA,NA,,NA,,NA,0,NA,,,2026-06-09T19:40:00,STRUCTURE_FAILED,0
103facbf82c3635a,M5,L3,SHORT,DESIGN,2026-06-09T19:05:00,4263.70,4260.77,4274.45,2026-06-09T18:45:00@4285.81;2026-06-09T19:15:00@4253.17;2026-06-09T19:35:00@4267.65,1,,NA,NA,,NA,,NA,0,NA,,,2026-06-09T19:40:00,STRUCTURE_FAILED,0
d8aa9fe72ecfc7d1,M5,L1,SHORT,DESIGN,2026-06-10T01:50:00,4235.05,4232.39,4240.96,2026-06-10T01:30:00@4257.45;2026-06-10T01:50:00@4232.39;2026-06-10T02:05:00@4247.16,1,,NA,NA,,NA,,NA,0,NA,,,2026-06-10T02:10:00,STRUCTURE_FAILED,0
28d3d3294ddc167d,M5,L3,SHORT,DESIGN,2026-06-10T01:50:00,4235.05,4232.39,4240.96,2026-06-10T01:30:00@4257.45;2026-06-10T01:50:00@4232.39;2026-06-10T02:05:00@4247.16,1,,NA,NA,,NA,,NA,0,NA,,,2026-06-10T02:10:00,STRUCTURE_FAILED,0
6814434b903ef0d9,M5,L2,SHORT,DESIGN,2026-06-10T11:00:00,4164.19,4161.43,4187.42,2026-06-10T10:10:00@4208.01;2026-06-10T11:00:00@4161.43;2026-06-10T11:15:00@4178.91,1,,NA,NA,,NA,,NA,0,NA,,,2026-06-10T11:20:00,STRUCTURE_FAILED,0
580eefc500df6528,M5,L3,SHORT,DESIGN,2026-06-10T11:00:00,4164.19,4161.43,4187.42,2026-06-10T10:10:00@4208.01;2026-06-10T11:00:00@4161.43;2026-06-10T11:15:00@4178.91,1,,NA,NA,,NA,,NA,0,NA,,,2026-06-10T11:20:00,STRUCTURE_FAILED,0
4656f987b36db1c6,M5,L4,SHORT,DESIGN,2026-06-10T13:05:00,4159.57,4155.56,4169.66,2026-06-10T13:00:00@4171.13;2026-06-10T13:05:00@4155.56;2026-06-10T13:20:00@4169.95,1,,NA,NA,,NA,,NA,0,NA,,,2026-06-10T13:25:00,STRUCTURE_FAILED,0
40de5539b91d1c34,M5,L1,SHORT,DESIGN,2026-06-11T01:00:00,4063.45,4058.61,4072.97,2026-06-10T23:25:00@4080.01;2026-06-11T01:25:00@4036.07;2026-06-11T01:40:00@4069.16,1,,NA,NA,,NA,,NA,0,NA,,,2026-06-11T01:45:00,STRUCTURE_FAILED,0
88f32021860ce662,M5,L3,SHORT,DESIGN,2026-06-11T15:10:00,4076.35,4072.77,4079.91,2026-06-11T15:05:00@4086.86;2026-06-11T15:10:00@4072.77;2026-06-11T15:15:00@4081.97,1,,NA,NA,,NA,,NA,0,NA,,,2026-06-11T15:20:00,STRUCTURE_FAILED,0
078acaccf1be48a5,M5,L2,LONG,DESIGN,2026-06-11T20:30:00,4149.27,4101.51,4149.53,2026-06-11T20:00:00@4071.91;2026-06-11T20:40:00@4170.09;2026-06-11T21:05:00@4131.29,1,,NA,NA,,NA,,NA,0,NA,,,2026-06-11T21:10:00,STRUCTURE_FAILED,0
b9a18ffc75fb2863,M5,L3,LONG,DESIGN,2026-06-11T20:30:00,4149.27,4101.51,4149.53,2026-06-11T20:00:00@4071.91;2026-06-11T20:40:00@4170.09;2026-06-11T21:05:00@4131.29,1,,NA,NA,,NA,,NA,0,NA,,,2026-06-11T21:10:00,STRUCTURE_FAILED,0
69b66a1f572993b6,M5,L3,LONG,DESIGN,2026-06-11T22:10:00,4188.32,4173.06,4189.32,2026-06-11T21:55:00@4160.37;2026-06-11T22:35:00@4220.10;2026-06-11T22:55:00@4207.32;2026-06-11T23:10:00@4218.63,1,,NA,NA,,NA,,NA,0,NA,,,2026-06-11T23:35:00,STRUCTURE_FAILED,0
88e95b101856a977,M5,L1,LONG,DESIGN,2026-06-12T01:40:00,4225.80,4214.82,4228.17,2026-06-12T01:00:00@4205.36;2026-06-12T01:45:00@4236.18;2026-06-12T01:50:00@4224.98,1,,NA,NA,,NA,,NA,0,NA,,,2026-06-12T01:55:00,STRUCTURE_FAILED,0
a41455a2e972d20b,M5,L3,LONG,DESIGN,2026-06-12T01:40:00,4225.80,4214.82,4228.17,2026-06-12T01:00:00@4205.36;2026-06-12T01:45:00@4236.18;2026-06-12T01:50:00@4224.98,1,,NA,NA,,NA,,NA,0,NA,,,2026-06-12T01:55:00,STRUCTURE_FAILED,0
e21b55b07c5c0eae,M5,L4,LONG,DESIGN,2026-06-12T01:40:00,4225.80,4214.82,4228.17,2026-06-12T01:00:00@4205.36;2026-06-12T01:45:00@4236.18;2026-06-12T01:50:00@4224.98,1,,NA,NA,,NA,,NA,0,NA,,,2026-06-12T01:55:00,STRUCTURE_FAILED,0
3c7053f145bd1c2b,M5,L3,LONG,DESIGN,2026-06-12T21:15:00,4229.36,4225.25,4229.74,2026-06-12T21:05:00@4218.17;2026-06-12T21:20:00@4235.41;2026-06-12T21:30:00@4224.31,1,,NA,NA,,NA,,NA,0,NA,,,2026-06-12T21:40:00,STRUCTURE_FAILED,0
15f29c347feff9d5,M5,L3,LONG,DESIGN,2026-06-15T04:30:00,4312.48,4301.27,4315.42,2026-06-15T04:25:00@4296.75;2026-06-15T05:35:00@4334.18;2026-06-15T05:40:00@4328.17;2026-06-15T05:50:00@4335.43;2026-06-15T06:05:00@4321.93,2,,NA,NA,,NA,,NA,0,NA,,,2026-06-15T06:15:00,STRUCTURE_FAILED,0
77e027a606f30216,M5,L2,LONG,DESIGN,2026-06-15T11:30:00,4343.48,4327.89,4343.65,2026-06-15T10:45:00@4312.62;2026-06-15T11:35:00@4345.45;2026-06-15T11:55:00@4334.17,1,,NA,NA,,NA,,NA,0,NA,,,2026-06-15T12:00:00,STRUCTURE_FAILED,0
83d00a789084cba1,M5,L3,LONG,DESIGN,2026-06-15T11:30:00,4343.48,4327.89,4343.65,2026-06-15T10:45:00@4312.62;2026-06-15T11:35:00@4345.45;2026-06-15T11:55:00@4334.17,1,,NA,NA,,NA,,NA,0,NA,,,2026-06-15T12:00:00,STRUCTURE_FAILED,0
e54899258ffaa7a2,M5,L3,LONG,DESIGN,2026-06-15T14:30:00,4345.97,4340.99,4346.83,2026-06-15T14:00:00@4336.23;2026-06-15T14:30:00@4346.83;2026-06-15T14:45:00@4331.83,1,,NA,NA,,NA,,NA,0,NA,,,2026-06-15T14:50:00,STRUCTURE_FAILED,0
b7840af2bb3b635f,M5,L4,LONG,DESIGN,2026-06-15T14:30:00,4345.97,4340.99,4346.83,2026-06-15T14:00:00@4336.23;2026-06-15T14:30:00@4346.83;2026-06-15T14:45:00@4331.83,1,,NA,NA,,NA,,NA,0,NA,,,2026-06-15T14:50:00,STRUCTURE_FAILED,0
d32fd0fb30eb90dd,M5,L3,LONG,DESIGN,2026-06-15T17:05:00,4365.99,4357.91,4369.51,2026-06-15T17:00:00@4354.01;2026-06-15T17:05:00@4369.51;2026-06-15T17:10:00@4354.47,1,,NA,NA,,NA,,NA,0,NA,,,2026-06-15T17:15:00,STRUCTURE_FAILED,0
0a880eb6a8072cd6,M5,L3,SHORT,DESIGN,2026-06-15T20:35:00,4324.34,4321.89,4327.73,2026-06-15T20:25:00@4333.91;2026-06-15T20:50:00@4320.53;2026-06-15T20:55:00@4325.02,1,,NA,NA,,NA,,NA,0,NA,,,2026-06-15T21:00:00,STRUCTURE_FAILED,0
d4a0a74716f5e64d,M5,L4,SHORT,DESIGN,2026-06-16T03:20:00,4308.95,4307.82,4312.10,2026-06-16T03:10:00@4317.36;2026-06-16T03:25:00@4306.86;2026-06-16T04:00:00@4325.87,1,,NA,NA,,NA,,NA,0,NA,,,2026-06-16T04:05:00,STRUCTURE_FAILED,0
71c75d9650a2b25f,M5,L2,LONG,DESIGN,2026-06-16T10:55:00,4335.17,4331.73,4335.63,2026-06-16T10:45:00@4326.62;2026-06-16T11:15:00@4341.94;2026-06-16T11:20:00@4337.86;2026-06-16T11:25:00@4343.63;2026-06-16T11:35:00@4339.25;2026-06-16T12:05:00@4348.32,3,2026-06-16T12:20:00,4340.05,2.102061,2026-06-16T13:35:00,4342.20,2026-06-16T14:15:00,4338.61,3,-0.44875000,2026-06-16T14:40:00,2026-06-16T15:10:00,2026-06-16T15:15:00,LINE_PASSED,0
8328039a8fd7d9c2,M5,L3,LONG,DESIGN,2026-06-16T10:55:00,4335.17,4331.73,4335.63,2026-06-16T10:45:00@4326.62;2026-06-16T11:15:00@4341.94;2026-06-16T11:20:00@4337.86;2026-06-16T11:25:00@4343.63;2026-06-16T11:35:00@4339.25;2026-06-16T12:05:00@4348.32,3,2026-06-16T12:20:00,4340.05,2.102061,2026-06-16T13:35:00,4342.20,2026-06-16T14:15:00,4338.61,3,-0.44875000,2026-06-16T14:40:00,2026-06-16T15:10:00,2026-06-16T15:15:00,LINE_PASSED,0
90b6915db675eda8,M5,L4,SHORT,DESIGN,2026-06-16T22:50:00,4333.92,4333.48,4339.18,2026-06-16T22:45:00@4339.69;2026-06-16T22:55:00@4330.63;2026-06-16T23:00:00@4334.12,1,,NA,NA,,NA,,NA,0,NA,,,2026-06-16T23:10:00,STRUCTURE_FAILED,0
2aa7c6a3644f287b,M5,L3,LONG,DESIGN,2026-06-17T04:05:00,4347.68,4340.79,4349.61,2026-06-17T03:45:00@4332.23;2026-06-17T04:05:00@4349.61;2026-06-17T04:20:00@4339.22,1,,NA,NA,,NA,,NA,0,NA,,,2026-06-17T04:25:00,STRUCTURE_FAILED,0
05b6c1553adeee75,M5,L3,SHORT,DESIGN,2026-06-17T07:25:00,4324.55,4324.14,4329.48,2026-06-17T07:15:00@4334.12;2026-06-17T07:30:00@4317.60;2026-06-17T08:00:00@4327.80,1,,NA,NA,,NA,,NA,0,NA,,,2026-06-17T08:05:00,STRUCTURE_FAILED,0
a6a9927a29265784,M5,L3,LONG,DESIGN,2026-06-17T16:20:00,4336.35,4331.23,4338.48,2026-06-17T16:05:00@4324.14;2026-06-17T16:20:00@4338.48;2026-06-17T16:30:00@4332.63,1,,NA,NA,,NA,,NA,0,NA,,,2026-06-17T16:35:00,STRUCTURE_FAILED,0
c1ae6b1db0069e2c,M5,L1,LONG,DESIGN,2026-06-17T17:20:00,4358.32,4341.10,4362.25,2026-06-17T17:10:00@4340.08;2026-06-17T17:20:00@4362.25;2026-06-17T17:25:00@4355.37,1,,NA,NA,,NA,,NA,0,NA,,,2026-06-17T17:30:00,STRUCTURE_FAILED,0
6247a9591d3ff5bb,M5,L2,LONG,DESIGN,2026-06-17T17:20:00,4358.32,4341.10,4362.25,2026-06-17T17:10:00@4340.08;2026-06-17T17:20:00@4362.25;2026-06-17T17:25:00@4355.37,1,,NA,NA,,NA,,NA,0,NA,,,2026-06-17T17:30:00,STRUCTURE_FAILED,0
22dc9240e93841f7,M5,L3,LONG,DESIGN,2026-06-17T17:20:00,4358.32,4341.10,4362.25,2026-06-17T17:10:00@4340.08;2026-06-17T17:20:00@4362.25;2026-06-17T17:25:00@4355.37,1,,NA,NA,,NA,,NA,0,NA,,,2026-06-17T17:30:00,STRUCTURE_FAILED,0
3efa6b87ac5b4072,M5,L3,LONG,DESIGN,2026-06-17T20:30:00,4377.83,4360.84,4382.43,2026-06-17T20:00:00@4355.37;2026-06-17T20:30:00@4382.43;2026-06-17T20:35:00@4370.53,1,,NA,NA,,NA,,NA,0,NA,,,2026-06-17T20:40:00,STRUCTURE_FAILED,0
74bf84b44d1f5275,M5,L2,SHORT,DESIGN,2026-06-17T21:00:00,4316.65,4316.42,4380.04,2026-06-17T20:50:00@4382.49;2026-06-17T21:10:00@4276.99;2026-06-17T21:15:00@4308.37;2026-06-17T21:30:00@4269.82;2026-06-17T21:45:00@4332.33,2,,NA,NA,,NA,,NA,0,NA,,,2026-06-17T21:50:00,STRUCTURE_FAILED,0
937c43608564e510,M5,L3,SHORT,DESIGN,2026-06-17T21:00:00,4316.65,4316.42,4380.04,2026-06-17T20:50:00@4382.49;2026-06-17T21:10:00@4276.99;2026-06-17T21:15:00@4308.37;2026-06-17T21:30:00@4269.82;2026-06-17T21:45:00@4332.33,2,,NA,NA,,NA,,NA,0,NA,,,2026-06-17T21:50:00,STRUCTURE_FAILED,0
3b2595f6de3f3187,M5,L1,SHORT,DESIGN,2026-06-17T21:05:00,4294.88,4285.83,4319.04,2026-06-17T20:50:00@4382.49;2026-06-17T21:10:00@4276.99;2026-06-17T21:15:00@4308.37,1,,NA,NA,,NA,,NA,0,NA,,,2026-06-17T21:20:00,STRUCTURE_FAILED,0
26eae0edacac017d,M5,L3,SHORT,DESIGN,2026-06-17T21:05:00,4294.88,4285.83,4319.04,2026-06-17T20:50:00@4382.49;2026-06-17T21:10:00@4276.99;2026-06-17T21:15:00@4308.37,1,,NA,NA,,NA,,NA,0,NA,,,2026-06-17T21:20:00,STRUCTURE_FAILED,0
731c625e3c602aef,M5,L4,LONG,DESIGN,2026-06-18T02:05:00,4273.90,4264.45,4274.17,2026-06-18T01:45:00@4260.40;2026-06-18T02:25:00@4283.80;2026-06-18T02:40:00@4268.04,1,,NA,NA,,NA,,NA,0,NA,,,2026-06-18T02:45:00,STRUCTURE_FAILED,0
4337994ddc777668,M5,L2,SHORT,DESIGN,2026-06-18T11:55:00,4266.70,4265.60,4277.41,2026-06-18T11:15:00@4290.02;2026-06-18T12:00:00@4261.39;2026-06-18T12:05:00@4269.14,1,,NA,NA,,NA,,NA,0,NA,,,2026-06-18T12:10:00,STRUCTURE_FAILED,0
6b76fcb5bf7cba4e,M5,L3,SHORT,DESIGN,2026-06-18T18:25:00,4235.72,4234.42,4242.32,2026-06-18T18:05:00@4254.83;2026-06-18T18:35:00@4224.00;2026-06-18T18:40:00@4235.62,1,,NA,NA,,NA,,NA,0,NA,,,2026-06-18T18:45:00,STRUCTURE_FAILED,0
cca294dee52a4cea,M5,L1,SHORT,DESIGN,2026-06-18T19:45:00,4217.77,4217.46,4222.24,2026-06-18T19:40:00@4225.83;2026-06-18T19:55:00@4214.01;2026-06-18T20:20:00@4231.57,1,,NA,NA,,NA,,NA,0,NA,,,2026-06-18T20:25:00,STRUCTURE_FAILED,0
46a203efd4916467,M5,L3,SHORT,DESIGN,2026-06-18T19:45:00,4217.77,4217.46,4222.24,2026-06-18T19:40:00@4225.83;2026-06-18T19:55:00@4214.01;2026-06-18T20:20:00@4231.57,1,,NA,NA,,NA,,NA,0,NA,,,2026-06-18T20:25:00,STRUCTURE_FAILED,0
38afa65ba474faa4,M5,L3,SHORT,DESIGN,2026-06-18T22:00:00,4212.52,4211.78,4218.99,2026-06-18T21:45:00@4225.22;2026-06-18T22:15:00@4201.98;2026-06-18T22:25:00@4207.94;2026-06-18T22:30:00@4201.52;2026-06-18T23:25:00@4219.59,2,,NA,NA,,NA,,NA,0,NA,,,2026-06-18T23:30:00,STRUCTURE_FAILED,0
ad095a19fc09705b,M5,L1,SHORT,DESIGN,2026-06-19T02:00:00,4200.51,4199.10,4208.23,2026-06-19T01:50:00@4210.55;2026-06-19T02:25:00@4193.79;2026-06-19T02:30:00@4199.14,1,,NA,NA,,NA,,NA,0,NA,,,2026-06-19T02:35:00,STRUCTURE_FAILED,0
9859fe1bee255afd,M5,L3,SHORT,DESIGN,2026-06-19T02:00:00,4200.51,4199.10,4208.23,2026-06-19T01:50:00@4210.55;2026-06-19T02:25:00@4193.79;2026-06-19T02:30:00@4199.14,1,,NA,NA,,NA,,NA,0,NA,,,2026-06-19T02:35:00,STRUCTURE_FAILED,0
a208b8b7bee45880,M5,L3,SHORT,DESIGN,2026-06-19T05:15:00,4175.80,4175.08,4180.17,2026-06-19T04:25:00@4191.53;2026-06-19T05:15:00@4175.08;2026-06-19T05:40:00@4183.59,1,,NA,NA,,NA,,NA,0,NA,,,2026-06-19T05:45:00,STRUCTURE_FAILED,0
0f4a58a03721c012,M5,L3,SHORT,DESIGN,2026-06-19T06:00:00,4169.59,4169.36,4177.23,2026-06-19T06:00:00@4177.23;2026-06-19T06:15:00@4165.15;2026-06-19T06:20:00@4170.75,1,,NA,NA,,NA,,NA,0,NA,,,2026-06-19T06:25:00,STRUCTURE_FAILED,0
c7982ae0f6608ef1,M5,L2,SHORT,DESIGN,2026-06-19T08:00:00,4124.66,4122.81,4127.19,2026-06-19T07:20:00@4149.79;2026-06-19T08:05:00@4121.77;2026-06-19T08:10:00@4131.48,1,,NA,NA,,NA,,NA,0,NA,,,2026-06-19T08:15:00,STRUCTURE_FAILED,0
cd50f94f292a4fc4,M5,L3,LONG,DESIGN,2026-06-19T15:55:00,4179.08,4169.58,4180.09,2026-06-19T15:45:00@4147.32;2026-06-19T16:10:00@4182.88;2026-06-19T17:20:00@4143.71,1,,NA,NA,,NA,,NA,0,NA,,,2026-06-19T17:25:00,STRUCTURE_FAILED,0
ccbb7005df286db2,M5,L3,LONG,DESIGN,2026-06-22T03:45:00,4183.59,4175.56,4184.21,2026-06-22T03:20:00@4161.80;2026-06-22T04:00:00@4220.87;2026-06-22T04:05:00@4204.28;2026-06-22T04:15:00@4214.96,1,,NA,NA,,NA,,NA,0,NA,,,2026-06-22T04:20:00,STRUCTURE_FAILED,0
59c409d9980e72c9,M5,L1,LONG,DESIGN,2026-06-22T04:05:00,4213.85,4204.28,4216.04,2026-06-22T04:05:00@4204.28;2026-06-22T04:15:00@4214.96;2026-06-22T04:35:00@4194.92,1,,NA,NA,,NA,,NA,0,NA,,,2026-06-22T04:40:00,STRUCTURE_FAILED,0
84ba321d5bad2494,M5,L3,LONG,DESIGN,2026-06-22T12:05:00,4208.47,4201.48,4209.46,2026-06-22T11:30:00@4189.10;2026-06-22T12:05:00@4209.46;2026-06-22T12:10:00@4203.21,1,,NA,NA,,NA,,NA,0,NA,,,2026-06-22T12:15:00,STRUCTURE_FAILED,0
4ac82ccba45bf560,M5,L3,SHORT,DESIGN,2026-06-22T16:25:00,4186.92,4185.42,4191.47,2026-06-22T16:15:00@4196.87;2026-06-22T16:30:00@4182.97;2026-06-22T16:55:00@4205.72,1,,NA,NA,,NA,,NA,0,NA,,,2026-06-22T17:00:00,STRUCTURE_FAILED,0
bf0e7dfc30152748,M5,L3,SHORT,DESIGN,2026-06-22T18:45:00,4170.15,4170.15,4181.06,2026-06-22T17:45:00@4206.15;2026-06-22T18:50:00@4169.80;2026-06-22T18:55:00@4185.07,1,,NA,NA,,NA,,NA,0,NA,,,2026-06-22T19:00:00,STRUCTURE_FAILED,0
a53ee326fcc0d354,M5,L3,SHORT,DESIGN,2026-06-23T04:30:00,4169.28,4168.34,4178.66,2026-06-23T04:25:00@4180.93;2026-06-23T04:50:00@4150.12;2026-06-23T05:00:00@4163.13;2026-06-23T05:10:00@4149.02;2026-06-23T05:25:00@4163.49,2,,NA,NA,,NA,,NA,0,NA,,,2026-06-23T05:30:00,STRUCTURE_FAILED,0
372d5a8a7fbb57c2,M5,L1,SHORT,DESIGN,2026-06-23T06:15:00,4133.27,4132.20,4144.06,2026-06-23T05:25:00@4163.49;2026-06-23T06:20:00@4130.77;2026-06-23T06:30:00@4141.06,1,,NA,NA,,NA,,NA,0,NA,,,2026-06-23T06:35:00,STRUCTURE_FAILED,0
286034cbb3953650,M5,L3,SHORT,DESIGN,2026-06-23T06:15:00,4133.27,4132.20,4144.06,2026-06-23T05:25:00@4163.49;2026-06-23T06:20:00@4130.77;2026-06-23T06:30:00@4141.06,1,,NA,NA,,NA,,NA,0,NA,,,2026-06-23T06:35:00,STRUCTURE_FAILED,0
80865bd976c0a885,M5,L3,SHORT,DESIGN,2026-06-23T07:55:00,4118.15,4115.06,4134.65,2026-06-23T07:40:00@4140.33;2026-06-23T07:55:00@4115.06;2026-06-23T08:05:00@4137.46,1,,NA,NA,,NA,,NA,0,NA,,,2026-06-23T08:10:00,STRUCTURE_FAILED,0
762cb7e2376f6923,M5,L2,SHORT,DESIGN,2026-06-23T09:05:00,4113.55,4113.31,4123.42,2026-06-23T09:00:00@4126.96;2026-06-23T09:10:00@4111.24;2026-06-23T09:15:00@4126.78,1,,NA,NA,,NA,,NA,0,NA,,,2026-06-23T09:20:00,STRUCTURE_FAILED,0
076cc7838a63f9c4,M5,L3,LONG,DESIGN,2026-06-23T16:50:00,4137.35,4130.82,4140.43,2026-06-23T16:20:00@4105.44;2026-06-23T16:50:00@4140.43;2026-06-23T16:55:00@4131.81,1,,NA,NA,,NA,,NA,0,NA,,,2026-06-23T17:00:00,STRUCTURE_FAILED,0
c43cedf3344b8edb,M5,L3,SHORT,DESIGN,2026-06-24T01:30:00,4098.83,4097.11,4108.37,2026-06-24T01:15:00@4115.14;2026-06-24T01:30:00@4097.11;2026-06-24T01:50:00@4109.08,1,,NA,NA,,NA,,NA,0,NA,,,2026-06-24T01:55:00,STRUCTURE_FAILED,0
bad427914b810b98,M5,L1,SHORT,DESIGN,2026-06-24T02:35:00,4083.93,4080.88,4095.30,2026-06-24T02:10:00@4101.48;2026-06-24T02:40:00@4080.85;2026-06-24T03:05:00@4112.01,1,,NA,NA,,NA,,NA,0,NA,,,2026-06-24T03:10:00,STRUCTURE_FAILED,0
c675ab675d3cf7d4,M5,L3,SHORT,DESIGN,2026-06-24T02:35:00,4083.93,4080.88,4095.30,2026-06-24T02:10:00@4101.48;2026-06-24T02:40:00@4080.85;2026-06-24T03:05:00@4112.01,1,,NA,NA,,NA,,NA,0,NA,,,2026-06-24T03:10:00,STRUCTURE_FAILED,0
57b0f3d143db02e8,M5,L2,SHORT,DESIGN,2026-06-24T14:05:00,4049.19,4048.00,4053.53,2026-06-24T13:40:00@4066.89;2026-06-24T14:15:00@4037.59;2026-06-24T14:40:00@4051.42,1,,NA,NA,,NA,,NA,0,NA,,,2026-06-24T14:45:00,STRUCTURE_FAILED,0
4775047b8fc8d0d6,M5,L3,SHORT,DESIGN,2026-06-24T14:05:00,4049.19,4048.00,4053.53,2026-06-24T13:40:00@4066.89;2026-06-24T14:15:00@4037.59;2026-06-24T14:40:00@4051.42,1,,NA,NA,,NA,,NA,0,NA,,,2026-06-24T14:45:00,STRUCTURE_FAILED,0
015663e224214a7f,M5,L4,SHORT,DESIGN,2026-06-25T08:40:00,3983.23,3981.82,3986.53,2026-06-25T08:25:00@3998.99;2026-06-25T08:45:00@3980.52;2026-06-25T08:55:00@3991.82,1,,NA,NA,,NA,,NA,0,NA,,,2026-06-25T09:00:00,STRUCTURE_FAILED,0
c17514028ec09b0d,M5,L3,LONG,DESIGN,2026-06-25T15:40:00,4005.38,3991.94,4006.84,2026-06-25T15:35:00@3989.32;2026-06-25T15:50:00@4019.32;2026-06-25T15:55:00@4008.64;2026-06-25T16:00:00@4034.00;2026-06-25T16:05:00@4024.23;2026-06-25T16:10:00@4033.64,2,,NA,NA,,NA,,NA,0,NA,,,2026-06-25T16:15:00,STRUCTURE_FAILED,0
d2df8852d557e7dd,M5,L2,LONG,DESIGN,2026-06-25T16:00:00,4029.12,4011.98,4034.00,2026-06-25T15:55:00@4008.64;2026-06-25T16:00:00@4034.00;2026-06-25T16:05:00@4024.23,1,,NA,NA,,NA,,NA,0,NA,,,2026-06-25T16:10:00,STRUCTURE_FAILED,0
a77f5f4c14e83fa0,M5,L3,LONG,DESIGN,2026-06-25T16:00:00,4029.12,4011.98,4034.00,2026-06-25T15:55:00@4008.64;2026-06-25T16:00:00@4034.00;2026-06-25T16:05:00@4024.23,1,,NA,NA,,NA,,NA,0,NA,,,2026-06-25T16:10:00,STRUCTURE_FAILED,0
c552b596569fa3ac,M5,L4,LONG,DESIGN,2026-06-25T21:15:00,4037.96,4032.12,4040.47,2026-06-25T21:05:00@4025.97;2026-06-25T21:25:00@4044.19;2026-06-25T21:45:00@4029.86,1,,NA,NA,,NA,,NA,0,NA,,,2026-06-25T21:50:00,STRUCTURE_FAILED,0
448a70376087fa37,M5,L2,LONG,DESIGN,2026-06-26T09:55:00,4032.12,4023.15,4033.16,2026-06-26T09:50:00@4022.00;2026-06-26T10:00:00@4033.90;2026-06-26T10:15:00@4026.96,1,,NA,NA,,NA,,NA,0,NA,,,2026-06-26T10:25:00,STRUCTURE_FAILED,0
388d59380f0dd673,M5,L1,LONG,DESIGN,2026-06-26T12:15:00,4046.42,4034.50,4046.94,2026-06-26T12:00:00@4029.59;2026-06-26T12:25:00@4050.93;2026-06-26T12:30:00@4045.31,1,,NA,NA,,NA,,NA,0,NA,,,2026-06-26T12:35:00,STRUCTURE_FAILED,0
ea5a900f79d37662,M5,L3,LONG,DESIGN,2026-06-26T12:15:00,4046.42,4034.50,4046.94,2026-06-26T12:00:00@4029.59;2026-06-26T12:25:00@4050.93;2026-06-26T12:30:00@4045.31,1,,NA,NA,,NA,,NA,0,NA,,,2026-06-26T12:35:00,STRUCTURE_FAILED,0
7363dd7fb6e47db3,M5,L2,SHORT,DESIGN,2026-06-29T08:30:00,4045.44,4040.43,4050.28,2026-06-29T08:15:00@4057.39;2026-06-29T08:35:00@4039.41;2026-06-29T09:05:00@4064.16,1,,NA,NA,,NA,,NA,0,NA,,,2026-06-29T09:10:00,STRUCTURE_FAILED,0
869632774f5e78df,M5,L3,SHORT,DESIGN,2026-06-29T08:30:00,4045.44,4040.43,4050.28,2026-06-29T08:15:00@4057.39;2026-06-29T08:35:00@4039.41;2026-06-29T09:05:00@4064.16,1,,NA,NA,,NA,,NA,0,NA,,,2026-06-29T09:10:00,STRUCTURE_FAILED,0
a13737ceeada8c44,M5,L3,SHORT,DESIGN,2026-06-29T12:50:00,4034.40,4032.77,4040.26,2026-06-29T12:15:00@4053.42;2026-06-29T12:55:00@4024.48;2026-06-29T13:10:00@4039.58,1,,NA,NA,,NA,,NA,0,NA,,,2026-06-29T13:15:00,STRUCTURE_FAILED,0
43816ac0f68788b0,M5,L4,LONG,DESIGN,2026-06-29T14:55:00,4039.21,4037.07,4042.30,2026-06-29T14:35:00@4031.97;2026-06-29T15:10:00@4052.50;2026-06-29T15:30:00@4037.66,1,,NA,NA,,NA,,NA,0,NA,,,2026-06-29T15:35:00,STRUCTURE_FAILED,0
7e2305656d8fb8fc,M5,L3,SHORT,DESIGN,2026-06-29T17:05:00,4015.53,4015.14,4028.14,2026-06-29T16:40:00@4041.99;2026-06-29T17:15:00@4000.00;2026-06-29T17:25:00@4028.39,1,,NA,NA,,NA,,NA,0,NA,,,2026-06-29T17:40:00,STRUCTURE_FAILED,0
91103ea0b603eb89,M5,L3,SHORT,DESIGN,2026-06-30T03:05:00,4004.45,4003.25,4008.49,2026-06-30T02:50:00@4018.03;2026-06-30T03:05:00@4003.25;2026-06-30T03:10:00@4013.80,1,,NA,NA,,NA,,NA,0,NA,,,2026-06-30T03:15:00,STRUCTURE_FAILED,0
5973fdc771645d1d,M5,L1,SHORT,DESIGN,2026-06-30T03:35:00,3995.79,3995.45,4002.46,2026-06-30T03:20:00@4009.18;2026-06-30T04:05:00@3943.38;2026-06-30T04:25:00@3980.73;2026-06-30T04:45:00@3961.38,1,,NA,NA,,NA,,NA,0,NA,,,2026-06-30T04:55:00,STRUCTURE_FAILED,0
66ce5ecf4801da91,M5,L3,SHORT,DESIGN,2026-06-30T03:35:00,3995.79,3995.45,4002.46,2026-06-30T03:20:00@4009.18;2026-06-30T04:05:00@3943.38;2026-06-30T04:25:00@3980.73;2026-06-30T04:45:00@3961.38,1,,NA,NA,,NA,,NA,0,NA,,,2026-06-30T04:55:00,STRUCTURE_FAILED,0
ee7153c20be8b6bb,M5,L3,SHORT,DESIGN,2026-06-30T04:00:00,3980.02,3976.02,3987.21,2026-06-30T03:20:00@4009.18;2026-06-30T04:05:00@3943.38;2026-06-30T04:25:00@3980.73,1,,NA,NA,,NA,,NA,0,NA,,,2026-06-30T04:35:00,STRUCTURE_FAILED,0
784681e1c0a2d2e1,M5,L3,SHORT,DESIGN,2026-06-30T04:05:00,3963.56,3943.38,3980.07,2026-06-30T03:20:00@4009.18;2026-06-30T04:05:00@3943.38;2026-06-30T04:25:00@3980.73,1,,NA,NA,,NA,,NA,0,NA,,,2026-06-30T04:35:00,STRUCTURE_FAILED,0
21f6b9b6c8d769a0,M5,L3,SHORT,DESIGN,2026-06-30T04:10:00,3957.96,3954.62,3969.28,,0,,NA,NA,,NA,,NA,0,NA,,,2026-06-30T04:35:00,NO_LEG1,0
799a5ff17c44353b,M5,L2,LONG,DESIGN,2026-06-30T09:30:00,4030.29,4011.01,4031.26,2026-06-30T08:50:00@3976.34;2026-06-30T09:35:00@4034.01;2026-06-30T09:40:00@4021.76,1,,NA,NA,,NA,,NA,0,NA,,,2026-06-30T09:45:00,STRUCTURE_FAILED,0
9770ab735d13a016,M5,L3,LONG,DESIGN,2026-06-30T09:30:00,4030.29,4011.01,4031.26,2026-06-30T08:50:00@3976.34;2026-06-30T09:35:00@4034.01;2026-06-30T09:40:00@4021.76,1,,NA,NA,,NA,,NA,0,NA,,,2026-06-30T09:45:00,STRUCTURE_FAILED,0
6a2aff61b89e0181,M5,L3,LONG,DESIGN,2026-06-30T09:45:00,4032.22,4023.77,4033.35,2026-06-30T09:40:00@4021.76;2026-06-30T09:45:00@4033.35;2026-06-30T10:10:00@4023.87,1,,NA,NA,,NA,,NA,0,NA,,,2026-06-30T10:20:00,STRUCTURE_FAILED,0
84d77225a869b781,M5,L3,SHORT,DESIGN,2026-06-30T15:55:00,4009.92,4008.72,4014.69,2026-06-30T15:40:00@4019.74;2026-06-30T15:55:00@4008.72;2026-06-30T16:20:00@4033.34,1,,NA,NA,,NA,,NA,0,NA,,,2026-06-30T16:25:00,STRUCTURE_FAILED,0
d4da82292a50e212,M5,L3,LONG,DESIGN,2026-06-30T17:05:00,4043.26,4025.47,4045.07,2026-06-30T17:00:00@4025.43;2026-06-30T17:20:00@4063.39;2026-06-30T17:35:00@4044.86,1,,NA,NA,,NA,,NA,0,NA,,,2026-06-30T17:40:00,STRUCTURE_FAILED,0
1722ca925344c622,M5,L3,LONG,DESIGN,2026-06-30T17:20:00,4062.65,4047.83,4063.39,2026-06-30T17:00:00@4025.43;2026-06-30T17:20:00@4063.39;2026-06-30T17:35:00@4044.86,1,,NA,NA,,NA,,NA,0,NA,,,2026-06-30T17:40:00,STRUCTURE_FAILED,0
022386976b3a66bd,M5,L4,SHORT,DESIGN,2026-06-30T20:05:00,4022.40,4021.19,4026.77,2026-06-30T19:45:00@4033.92;2026-06-30T20:10:00@4020.72;2026-06-30T20:15:00@4028.06,1,,NA,NA,,NA,,NA,0,NA,,,2026-06-30T20:20:00,STRUCTURE_FAILED,0
dbcf21e6c3c6fe76,M5,L3,SHORT,DESIGN,2026-06-30T23:55:00,4007.59,4006.15,4010.57,2026-06-30T23:15:00@4021.15;2026-06-30T23:55:00@4006.15;2026-07-01T01:00:00@4019.35,1,,NA,NA,,NA,,NA,0,NA,,,2026-07-01T01:05:00,STRUCTURE_FAILED,0
b14439e17da20a8b,M5,L2,SHORT,HOLDOUT,2026-07-01T09:05:00,3966.86,3964.57,3975.86,2026-07-01T08:55:00@3978.83;2026-07-01T09:15:00@3963.15;2026-07-01T09:20:00@3969.76,1,,NA,NA,,NA,,NA,0,NA,,,2026-07-01T09:30:00,STRUCTURE_FAILED,0
2560edb6aa6f29aa,M5,L3,SHORT,HOLDOUT,2026-07-01T09:05:00,3966.86,3964.57,3975.86,2026-07-01T08:55:00@3978.83;2026-07-01T09:15:00@3963.15;2026-07-01T09:20:00@3969.76,1,,NA,NA,,NA,,NA,0,NA,,,2026-07-01T09:30:00,STRUCTURE_FAILED,0
b4b7c544b161c1d6,M5,L2,LONG,HOLDOUT,2026-07-01T14:05:00,4010.52,4006.68,4010.80,2026-07-01T13:40:00@3986.57;2026-07-01T14:50:00@4035.50;2026-07-01T15:10:00@4019.74;2026-07-01T15:30:00@4033.14,1,,NA,NA,,NA,,NA,0,NA,,,2026-07-01T15:35:00,STRUCTURE_FAILED,0
62fa3aee8155fe31,M5,L1,LONG,HOLDOUT,2026-07-01T16:35:00,4070.72,4046.62,4071.91,2026-07-01T16:05:00@4012.82;2026-07-01T16:45:00@4108.07;2026-07-01T17:00:00@4082.91;2026-07-01T17:35:00@4115.75;2026-07-01T18:10:00@4082.02,2,,NA,NA,,NA,,NA,0,NA,,,2026-07-01T18:15:00,STRUCTURE_FAILED,0
127451c8ca5485a4,M5,L3,LONG,HOLDOUT,2026-07-01T16:35:00,4070.72,4046.62,4071.91,2026-07-01T16:05:00@4012.82;2026-07-01T16:45:00@4108.07;2026-07-01T17:00:00@4082.91;2026-07-01T17:35:00@4115.75;2026-07-01T18:10:00@4082.02,2,,NA,NA,,NA,,NA,0,NA,,,2026-07-01T18:15:00,STRUCTURE_FAILED,0
60c41a01dbcf3e88,M5,L3,LONG,HOLDOUT,2026-07-01T16:40:00,4098.16,4069.60,4100.16,2026-07-01T16:05:00@4012.82;2026-07-01T16:45:00@4108.07;2026-07-01T17:00:00@4082.91,1,,NA,NA,,NA,,NA,0,NA,,,2026-07-01T17:05:00,STRUCTURE_FAILED,0
38f19e5fedb89aa5,M5,L2,LONG,HOLDOUT,2026-07-02T09:15:00,4074.59,4067.20,4074.91,2026-07-02T09:15:00@4067.20;2026-07-02T09:20:00@4079.73;2026-07-02T09:40:00@4066.02,1,,NA,NA,,NA,,NA,0,NA,,,2026-07-02T09:45:00,STRUCTURE_FAILED,0
5427571fa02097b9,M5,L3,LONG,HOLDOUT,2026-07-02T09:15:00,4074.59,4067.20,4074.91,2026-07-02T09:15:00@4067.20;2026-07-02T09:20:00@4079.73;2026-07-02T09:40:00@4066.02,1,,NA,NA,,NA,,NA,0,NA,,,2026-07-02T09:45:00,STRUCTURE_FAILED,0
709b64038a9948da,M5,L1,LONG,HOLDOUT,2026-07-02T15:30:00,4127.34,4098.96,4127.56,2026-07-02T15:10:00@4061.39;2026-07-02T15:40:00@4140.51;2026-07-02T15:55:00@4112.22,1,,NA,NA,,NA,,NA,0,NA,,,2026-07-02T16:00:00,STRUCTURE_FAILED,0
9f39bdb7073da962,M5,L3,LONG,HOLDOUT,2026-07-02T15:30:00,4127.34,4098.96,4127.56,2026-07-02T15:10:00@4061.39;2026-07-02T15:40:00@4140.51;2026-07-02T15:55:00@4112.22,1,,NA,NA,,NA,,NA,0,NA,,,2026-07-02T16:00:00,STRUCTURE_FAILED,0
e0f518a95bdbfaef,M5,L1,LONG,HOLDOUT,2026-07-03T03:50:00,4147.48,4139.96,4148.59,2026-07-03T03:40:00@4134.12;2026-07-03T04:20:00@4194.27;2026-07-03T04:30:00@4182.53;2026-07-03T04:35:00@4195.45;2026-07-03T04:50:00@4175.31,2,,NA,NA,,NA,,NA,0,NA,,,2026-07-03T04:55:00,STRUCTURE_FAILED,0
9e7e657b1f8c2b5c,M5,L3,LONG,HOLDOUT,2026-07-03T03:50:00,4147.48,4139.96,4148.59,2026-07-03T03:40:00@4134.12;2026-07-03T04:20:00@4194.27;2026-07-03T04:30:00@4182.53;2026-07-03T04:35:00@4195.45;2026-07-03T04:50:00@4175.31,2,,NA,NA,,NA,,NA,0,NA,,,2026-07-03T04:55:00,STRUCTURE_FAILED,0
eb8ee9f1e05965b9,M5,L4,SHORT,HOLDOUT,2026-07-03T06:55:00,4176.01,4175.27,4176.91,2026-07-03T05:55:00@4186.79;2026-07-03T07:00:00@4173.12;2026-07-03T07:20:00@4182.79,1,,NA,NA,,NA,,NA,0,NA,,,2026-07-03T07:25:00,STRUCTURE_FAILED,0
c30b8dc328a7e934,M5,L3,SHORT,HOLDOUT,2026-07-03T16:05:00,4166.81,4166.42,4174.37,2026-07-03T16:00:00@4179.30;2026-07-03T16:10:00@4164.54;2026-07-03T16:25:00@4172.18,1,,NA,NA,,NA,,NA,0,NA,,,2026-07-03T16:30:00,STRUCTURE_FAILED,0
419c883bfc908b8e,M5,L3,SHORT,HOLDOUT,2026-07-03T17:05:00,4158.92,4155.43,4166.89,2026-07-03T16:55:00@4168.82;2026-07-03T17:05:00@4155.43;2026-07-03T18:15:00@4174.39,1,,NA,NA,,NA,,NA,0,NA,,,2026-07-03T18:20:00,STRUCTURE_FAILED,0
58d3062f0c1e835f,M5,L1,LONG,HOLDOUT,2026-07-06T02:25:00,4200.27,4189.29,4201.75,2026-07-06T02:15:00@4186.65;2026-07-06T02:25:00@4201.75;2026-07-06T02:35:00@4193.50,1,,NA,NA,,NA,,NA,0,NA,,,2026-07-06T02:40:00,STRUCTURE_FAILED,0
55f45513ef9c7c93,M5,L3,LONG,HOLDOUT,2026-07-06T02:25:00,4200.27,4189.29,4201.75,2026-07-06T02:15:00@4186.65;2026-07-06T02:25:00@4201.75;2026-07-06T02:35:00@4193.50,1,,NA,NA,,NA,,NA,0,NA,,,2026-07-06T02:40:00,STRUCTURE_FAILED,0
a9c0cc6ee13f412e,M5,L2,SHORT,HOLDOUT,2026-07-06T08:00:00,4154.14,4154.09,4160.98,2026-07-06T06:55:00@4166.71;2026-07-06T08:20:00@4150.57;2026-07-06T08:35:00@4160.34,1,,NA,NA,,NA,,NA,0,NA,,,2026-07-06T08:40:00,STRUCTURE_FAILED,0
9825e6668b5863dc,M5,L3,SHORT,HOLDOUT,2026-07-06T08:00:00,4154.14,4154.09,4160.98,2026-07-06T06:55:00@4166.71;2026-07-06T08:20:00@4150.57;2026-07-06T08:35:00@4160.34,1,,NA,NA,,NA,,NA,0,NA,,,2026-07-06T08:40:00,STRUCTURE_FAILED,0
6ba74698ece40573,M5,L3,SHORT,HOLDOUT,2026-07-06T12:25:00,4143.65,4141.57,4147.39,2026-07-06T11:50:00@4152.89;2026-07-06T12:30:00@4136.64;2026-07-06T13:50:00@4155.80,1,,NA,NA,,NA,,NA,0,NA,,,2026-07-06T13:55:00,STRUCTURE_FAILED,0
242654806a26f914,M5,L3,SHORT,HOLDOUT,2026-07-06T15:40:00,4133.37,4131.50,4140.13,2026-07-06T15:20:00@4157.61;2026-07-06T15:40:00@4131.50;2026-07-06T15:45:00@4140.72,1,,NA,NA,,NA,,NA,0,NA,,,2026-07-06T15:50:00,STRUCTURE_FAILED,0
0f39ae41d9b091b6,M5,L3,LONG,HOLDOUT,2026-07-06T20:45:00,4159.57,4156.24,4159.97,2026-07-06T20:30:00@4154.82;2026-07-06T21:00:00@4161.97;2026-07-06T21:10:00@4155.38,1,,NA,NA,,NA,,NA,0,NA,,,2026-07-06T21:15:00,STRUCTURE_FAILED,0
7ae3b3400d8388dc,M5,L3,LONG,HOLDOUT,2026-07-07T01:30:00,4168.37,4166.07,4168.37,2026-07-07T01:25:00@4164.99;2026-07-07T01:35:00@4168.48;2026-07-07T02:05:00@4163.03,1,,NA,NA,,NA,,NA,0,NA,,,2026-07-07T02:10:00,STRUCTURE_FAILED,0
384f79e2ca340e8d,M5,L1,SHORT,HOLDOUT,2026-07-07T06:45:00,4126.24,4124.36,4129.60,2026-07-07T06:35:00@4134.84;2026-07-07T06:45:00@4124.36;2026-07-07T07:10:00@4141.24,1,,NA,NA,,NA,,NA,0,NA,,,2026-07-07T07:15:00,STRUCTURE_FAILED,0
3eaf4c945c536f81,M5,L3,SHORT,HOLDOUT,2026-07-07T06:45:00,4126.24,4124.36,4129.60,2026-07-07T06:35:00@4134.84;2026-07-07T06:45:00@4124.36;2026-07-07T07:10:00@4141.24,1,,NA,NA,,NA,,NA,0,NA,,,2026-07-07T07:15:00,STRUCTURE_FAILED,0
fa777d328cd4aba4,M5,L2,SHORT,HOLDOUT,2026-07-07T08:10:00,4122.34,4122.04,4127.37,2026-07-07T08:05:00@4131.23;2026-07-07T08:20:00@4120.93;2026-07-07T08:30:00@4128.61,1,,NA,NA,,NA,,NA,0,NA,,,2026-07-07T08:35:00,STRUCTURE_FAILED,0
232ff8221650aab7,M5,L4,LONG,HOLDOUT,2026-07-07T11:10:00,4137.03,4129.97,4139.38,2026-07-07T11:00:00@4124.40;2026-07-07T11:10:00@4139.38;2026-07-07T11:20:00@4134.07,1,,NA,NA,,NA,,NA,0,NA,,,2026-07-07T11:25:00,STRUCTURE_FAILED,0
a8f79111cfd52e81,M5,L3,LONG,HOLDOUT,2026-07-07T14:15:00,4141.00,4133.05,4142.65,2026-07-07T14:05:00@4131.84;2026-07-07T14:25:00@4145.26;2026-07-07T14:30:00@4139.63,1,,NA,NA,,NA,,NA,0,NA,,,2026-07-07T14:35:00,STRUCTURE_FAILED,0
028769cef459d667,M5,L2,LONG,HOLDOUT,2026-07-07T15:05:00,4169.56,4158.15,4171.20,2026-07-07T14:30:00@4139.63;2026-07-07T15:15:00@4175.01;2026-07-07T15:40:00@4161.81,1,,NA,NA,,NA,,NA,0,NA,,,2026-07-07T15:45:00,STRUCTURE_FAILED,0
1678ac4644c45475,M5,L3,LONG,HOLDOUT,2026-07-07T15:05:00,4169.56,4158.15,4171.20,2026-07-07T14:30:00@4139.63;2026-07-07T15:15:00@4175.01;2026-07-07T15:40:00@4161.81,1,,NA,NA,,NA,,NA,0,NA,,,2026-07-07T15:45:00,STRUCTURE_FAILED,0
df799802dbdc4ffe,M5,L3,SHORT,HOLDOUT,2026-07-07T21:45:00,4134.74,4131.97,4142.59,2026-07-07T21:45:00@4142.59;2026-07-07T21:50:00@4125.13;2026-07-07T21:55:00@4130.71;2026-07-07T22:15:00@4092.28;2026-07-07T22:35:00@4115.04;2026-07-07T22:45:00@4108.12,2,,NA,NA,,NA,,NA,0,NA,,,2026-07-07T22:50:00,STRUCTURE_FAILED,0
a89de8ce7e13d164,M5,L3,SHORT,HOLDOUT,2026-07-07T22:05:00,4111.06,4108.11,4121.88,2026-07-07T21:55:00@4130.71;2026-07-07T22:15:00@4092.28;2026-07-07T22:35:00@4115.04,1,,NA,NA,,NA,,NA,0,NA,,,2026-07-07T22:40:00,STRUCTURE_FAILED,0
48b7e3bda264423b,M5,L3,SHORT,HOLDOUT,2026-07-07T22:15:00,4098.90,4092.28,4105.80,2026-07-07T21:55:00@4130.71;2026-07-07T22:15:00@4092.28;2026-07-07T22:35:00@4115.04,1,,NA,NA,,NA,,NA,0,NA,,,2026-07-07T22:40:00,STRUCTURE_FAILED,0
8b4fd685976b475c,M5,L3,LONG,HOLDOUT,2026-07-08T06:05:00,4127.15,4122.34,4129.85,2026-07-08T05:55:00@4113.42;2026-07-08T06:10:00@4130.77;2026-07-08T06:15:00@4124.66,1,,NA,NA,,NA,,NA,0,NA,,,2026-07-08T06:25:00,STRUCTURE_FAILED,0
c21ef072851fa7fa,M5,L2,LONG,HOLDOUT,2026-07-08T09:10:00,4131.48,4124.61,4131.70,2026-07-08T09:05:00@4122.13;2026-07-08T09:20:00@4133.63;2026-07-08T10:20:00@4114.83,1,,NA,NA,,NA,,NA,0,NA,,,2026-07-08T10:25:00,STRUCTURE_FAILED,0
5c1d758131b37c27,M5,L1,SHORT,HOLDOUT,2026-07-08T11:15:00,4088.45,4080.81,4120.97,2026-07-08T11:10:00@4121.34;2026-07-08T11:15:00@4080.81;2026-07-08T11:20:00@4097.67,1,,NA,NA,,NA,,NA,0,NA,,,2026-07-08T11:25:00,STRUCTURE_FAILED,0
6903635a01f58b55,M5,L2,SHORT,HOLDOUT,2026-07-08T11:15:00,4088.45,4080.81,4120.97,2026-07-08T11:10:00@4121.34;2026-07-08T11:15:00@4080.81;2026-07-08T11:20:00@4097.67,1,,NA,NA,,NA,,NA,0,NA,,,2026-07-08T11:25:00,STRUCTURE_FAILED,0
81efb52e86aad355,M5,L3,SHORT,HOLDOUT,2026-07-08T11:15:00,4088.45,4080.81,4120.97,2026-07-08T11:10:00@4121.34;2026-07-08T11:15:00@4080.81;2026-07-08T11:20:00@4097.67,1,,NA,NA,,NA,,NA,0,NA,,,2026-07-08T11:25:00,STRUCTURE_FAILED,0
85e5d9692865caa4,M5,L3,SHORT,HOLDOUT,2026-07-08T11:55:00,4056.69,4052.26,4065.10,2026-07-08T11:45:00@4076.02;2026-07-08T12:05:00@4050.25;2026-07-08T12:15:00@4060.98,1,,NA,NA,,NA,,NA,0,NA,,,2026-07-08T12:30:00,STRUCTURE_FAILED,0
255bd84b2ea261e6,M5,L3,SHORT,HOLDOUT,2026-07-08T12:05:00,4051.83,4050.25,4056.35,2026-07-08T11:45:00@4076.02;2026-07-08T12:05:00@4050.25;2026-07-08T12:15:00@4060.98,1,,NA,NA,,NA,,NA,0,NA,,,2026-07-08T12:30:00,STRUCTURE_FAILED,0
8fa98454ba3a029d,M5,L3,SHORT,HOLDOUT,2026-07-08T17:40:00,4036.33,4035.22,4049.12,2026-07-08T17:25:00@4065.36;2026-07-08T17:45:00@4033.77;2026-07-08T17:50:00@4046.30,1,,NA,NA,,NA,,NA,0,NA,,,2026-07-08T18:00:00,STRUCTURE_FAILED,0
354228f767833641,M5,L3,SHORT,HOLDOUT,2026-07-08T18:20:00,4026.42,4026.42,4035.96,2026-07-08T17:50:00@4046.30;2026-07-08T18:30:00@4021.79;2026-07-08T18:50:00@4038.40,1,,NA,NA,,NA,,NA,0,NA,,,2026-07-08T18:55:00,STRUCTURE_FAILED,0
0aa30bdd99aa5b8e,M5,L3,LONG,HOLDOUT,2026-07-08T21:45:00,4090.79,4078.77,4091.49,2026-07-08T21:30:00@4067.11;2026-07-08T21:45:00@4091.49;2026-07-08T21:55:00@4082.45,1,,NA,NA,,NA,,NA,0,NA,,,2026-07-08T22:00:00,STRUCTURE_FAILED,0
1dc4dfbbcbb097de,M5,L4,SHORT,HOLDOUT,2026-07-09T02:45:00,4072.68,4071.93,4076.36,2026-07-09T02:25:00@4077.75;2026-07-09T02:45:00@4071.93;2026-07-09T03:15:00@4089.73,1,,NA,NA,,NA,,NA,0,NA,,,2026-07-09T03:20:00,STRUCTURE_FAILED,0
80ecd1850b57c9f6,M5,L2,LONG,HOLDOUT,2026-07-09T09:00:00,4092.86,4081.51,4099.69,2026-07-09T08:20:00@4066.80;2026-07-09T09:00:00@4099.69;2026-07-09T09:05:00@4088.17,1,,NA,NA,,NA,,NA,0,NA,,,2026-07-09T09:15:00,STRUCTURE_FAILED,0
1b29d7bc03fc9f80,M5,L3,LONG,HOLDOUT,2026-07-09T09:00:00,4092.86,4081.51,4099.69,2026-07-09T08:20:00@4066.80;2026-07-09T09:00:00@4099.69;2026-07-09T09:05:00@4088.17,1,,NA,NA,,NA,,NA,0,NA,,,2026-07-09T09:15:00,STRUCTURE_FAILED,0
2b7506f84302b252,M5,L3,LONG,HOLDOUT,2026-07-09T15:35:00,4120.83,4114.82,4121.68,2026-07-09T15:25:00@4105.12;2026-07-09T15:40:00@4122.58;2026-07-09T16:00:00@4106.81,1,,NA,NA,,NA,,NA,0,NA,,,2026-07-09T16:05:00,STRUCTURE_FAILED,0
e60f4226fc03c6df,M5,L1,LONG,HOLDOUT,2026-07-09T19:30:00,4134.52,4132.13,4138.01,2026-07-09T19:25:00@4128.92;2026-07-09T19:30:00@4138.01;2026-07-09T20:15:00@4125.04,1,,NA,NA,,NA,,NA,0,NA,,,2026-07-09T20:20:00,STRUCTURE_FAILED,0
bc45c852ae03368b,M5,L3,LONG,HOLDOUT,2026-07-09T19:30:00,4134.52,4132.13,4138.01,2026-07-09T19:25:00@4128.92;2026-07-09T19:30:00@4138.01;2026-07-09T20:15:00@4125.04,1,,NA,NA,,NA,,NA,0,NA,,,2026-07-09T20:20:00,STRUCTURE_FAILED,0
ab4a1219d7f7bc6d,M5,L3,SHORT,HOLDOUT,2026-07-10T03:30:00,4115.76,4114.38,4119.56,2026-07-10T03:05:00@4125.01;2026-07-10T03:30:00@4114.38;2026-07-10T04:00:00@4130.96,1,,NA,NA,,NA,,NA,0,NA,,,2026-07-10T04:05:00,STRUCTURE_FAILED,0
0b09526b9b1bf62d,M5,L2,SHORT,HOLDOUT,2026-07-10T10:40:00,4106.77,4105.39,4111.70,2026-07-10T10:20:00@4115.32;2026-07-10T10:45:00@4104.25;2026-07-10T10:55:00@4109.94,1,,NA,NA,,NA,,NA,0,NA,,,2026-07-10T11:00:00,STRUCTURE_FAILED,0
906e1844cd7d4490,M5,L3,SHORT,HOLDOUT,2026-07-10T10:40:00,4106.77,4105.39,4111.70,2026-07-10T10:20:00@4115.32;2026-07-10T10:45:00@4104.25;2026-07-10T10:55:00@4109.94,1,,NA,NA,,NA,,NA,0,NA,,,2026-07-10T11:00:00,STRUCTURE_FAILED,0
117a4ac50ca7f2f4,M5,L3,SHORT,HOLDOUT,2026-07-10T16:25:00,4087.35,4085.64,4098.03,2026-07-10T16:15:00@4106.67;2026-07-10T16:25:00@4085.64;2026-07-10T16:50:00@4105.56,1,,NA,NA,,NA,,NA,0,NA,,,2026-07-10T16:55:00,STRUCTURE_FAILED,0
b5c06d61c2a18bfd,M5,L4,SHORT,HOLDOUT,2026-07-10T21:35:00,4099.78,4099.48,4103.44,2026-07-10T21:25:00@4105.49;2026-07-10T21:45:00@4098.08;2026-07-10T21:55:00@4101.60,1,,NA,NA,,NA,,NA,0,NA,,,2026-07-10T22:00:00,STRUCTURE_FAILED,0
f70d44344514df02,M5,L3,LONG,HOLDOUT,2026-07-10T23:50:00,4118.78,4112.69,4119.56,2026-07-10T23:30:00@4110.36;2026-07-10T23:55:00@4120.60;2026-07-13T01:10:00@4080.62,1,,NA,NA,,NA,,NA,0,NA,,,2026-07-13T01:15:00,STRUCTURE_FAILED,0
4452b4d50f6aa997,M5,L1,SHORT,HOLDOUT,2026-07-13T02:00:00,4070.38,4068.48,4076.66,2026-07-13T01:50:00@4080.86;2026-07-13T02:00:00@4068.48;2026-07-13T03:10:00@4091.08,1,,NA,NA,,NA,,NA,0,NA,,,2026-07-13T03:15:00,STRUCTURE_FAILED,0
8fae6c95dbf24454,M5,L3,SHORT,HOLDOUT,2026-07-13T02:00:00,4070.38,4068.48,4076.66,2026-07-13T01:50:00@4080.86;2026-07-13T02:00:00@4068.48;2026-07-13T03:10:00@4091.08,1,,NA,NA,,NA,,NA,0,NA,,,2026-07-13T03:15:00,STRUCTURE_FAILED,0
932a709ca13ecc43,M5,L3,SHORT,HOLDOUT,2026-07-13T06:10:00,4058.08,4053.02,4061.91,2026-07-13T05:35:00@4077.46;2026-07-13T06:10:00@4053.02;2026-07-13T06:25:00@4062.45,1,,NA,NA,,NA,,NA,0,NA,,,2026-07-13T06:35:00,STRUCTURE_FAILED,0
187b395d0c2c93af,M5,L3,SHORT,HOLDOUT,2026-07-13T07:40:00,4054.06,4053.16,4056.84,2026-07-13T07:30:00@4057.64;2026-07-13T07:50:00@4052.64;2026-07-13T08:10:00@4073.05,1,,NA,NA,,NA,,NA,0,NA,,,2026-07-13T08:15:00,STRUCTURE_FAILED,0
15a41ab6290415d1,M5,L3,LONG,HOLDOUT,2026-07-13T11:10:00,4073.96,4069.76,4074.94,2026-07-13T10:50:00@4056.09;2026-07-13T11:20:00@4080.74;2026-07-13T11:35:00@4071.85,1,,NA,NA,,NA,,NA,0,NA,,,2026-07-13T11:50:00,STRUCTURE_FAILED,0
e17fb835f135ce40,M5,L2,SHORT,HOLDOUT,2026-07-13T16:55:00,4043.07,4041.96,4052.93,2026-07-13T16:25:00@4065.91;2026-07-13T17:05:00@4029.69;2026-07-13T17:10:00@4039.52;2026-07-13T17:20:00@4002.57;2026-07-13T17:25:00@4028.78;2026-07-13T17:40:00@4000.29;2026-07-13T18:20:00@4020.29;2026-07-13T18:50:00@4010.34,3,,NA,NA,,NA,,NA,0,NA,,,2026-07-13T19:00:00,NO_SPIKE,0
9eae90b6573209b0,M5,L3,SHORT,HOLDOUT,2026-07-13T16:55:00,4043.07,4041.96,4052.93,2026-07-13T16:25:00@4065.91;2026-07-13T17:05:00@4029.69;2026-07-13T17:10:00@4039.52;2026-07-13T17:20:00@4002.57;2026-07-13T17:25:00@4028.78;2026-07-13T17:40:00@4000.29;2026-07-13T18:20:00@4020.29;2026-07-13T18:50:00@4010.34,3,,NA,NA,,NA,,NA,0,NA,,,2026-07-13T19:00:00,NO_SPIKE,0
aa83a24e9b7030d1,M5,L3,SHORT,HOLDOUT,2026-07-13T17:15:00,4021.64,4007.33,4037.23,2026-07-13T17:10:00@4039.52;2026-07-13T17:20:00@4002.57;2026-07-13T17:25:00@4028.78,1,,NA,NA,,NA,,NA,0,NA,,,2026-07-13T17:30:00,STRUCTURE_FAILED,0
e5bc6ff479cfad3c,M5,L3,LONG,HOLDOUT,2026-07-14T05:10:00,4016.67,4011.25,4017.73,2026-07-14T04:35:00@3992.78;2026-07-14T05:15:00@4018.98;2026-07-14T05:50:00@4009.08,1,,NA,NA,,NA,,NA,0,NA,,,2026-07-14T06:00:00,STRUCTURE_FAILED,0
2fdf0dcf066feb3a,M5,L2,LONG,HOLDOUT,2026-07-14T08:30:00,4028.66,4022.51,4030.08,2026-07-14T08:25:00@4020.41;2026-07-14T08:40:00@4034.06;2026-07-14T09:05:00@4028.64,1,,NA,NA,,NA,,NA,0,NA,,,2026-07-14T09:10:00,STRUCTURE_FAILED,0
434d23a97b7786ff,M5,L4,LONG,HOLDOUT,2026-07-14T14:20:00,4027.88,4022.64,4028.15,2026-07-14T14:05:00@4015.50;2026-07-14T14:45:00@4030.59;2026-07-14T14:50:00@4026.68,1,,NA,NA,,NA,,NA,0,NA,,,2026-07-14T14:55:00,STRUCTURE_FAILED,0
6b611a457903fbcc,M5,L4,SHORT,HOLDOUT,2026-07-15T02:10:00,4047.52,4046.93,4049.43,2026-07-15T01:30:00@4052.67;2026-07-15T02:15:00@4046.72;2026-07-15T02:35:00@4055.99,1,,NA,NA,,NA,,NA,0,NA,,,2026-07-15T02:40:00,STRUCTURE_FAILED,0
f3c3f982316c8df3,M5,L3,SHORT,HOLDOUT,2026-07-15T04:40:00,4038.73,4036.53,4046.39,2026-07-15T04:25:00@4056.70;2026-07-15T04:40:00@4036.53;2026-07-15T04:45:00@4042.46,1,,NA,NA,,NA,,NA,0,NA,,,2026-07-15T04:50:00,STRUCTURE_FAILED,0
f5e8be630e31d7ea,M5,L2,SHORT,HOLDOUT,2026-07-15T08:10:00,4026.07,4025.14,4031.50,2026-07-15T08:00:00@4035.97;2026-07-15T08:10:00@4025.14;2026-07-15T08:20:00@4028.60,1,,NA,NA,,NA,,NA,0,NA,,,2026-07-15T08:25:00,STRUCTURE_FAILED,0
a7d44a8e2a8cec36,M5,L4,SHORT,HOLDOUT,2026-07-15T08:10:00,4026.07,4025.14,4031.50,2026-07-15T08:00:00@4035.97;2026-07-15T08:10:00@4025.14;2026-07-15T08:20:00@4028.60,1,,NA,NA,,NA,,NA,0,NA,,,2026-07-15T08:25:00,STRUCTURE_FAILED,0
6ffe289ddec19a9f,M5,L2,LONG,HOLDOUT,2026-07-15T15:35:00,4063.61,4053.78,4066.13,2026-07-15T15:10:00@4035.91;2026-07-15T15:35:00@4066.13;2026-07-15T15:40:00@4057.36,1,,NA,NA,,NA,,NA,0,NA,,,2026-07-15T15:45:00,STRUCTURE_FAILED,0
d85e59203dd773b9,M5,L3,LONG,HOLDOUT,2026-07-15T15:35:00,4063.61,4053.78,4066.13,2026-07-15T15:10:00@4035.91;2026-07-15T15:35:00@4066.13;2026-07-15T15:40:00@4057.36,1,,NA,NA,,NA,,NA,0,NA,,,2026-07-15T15:45:00,STRUCTURE_FAILED,0
464326f703dd23e1,M5,L4,SHORT,HOLDOUT,2026-07-15T18:10:00,4044.14,4043.26,4054.86,2026-07-15T18:00:00@4063.02;2026-07-15T18:20:00@4039.60;2026-07-15T18:45:00@4050.88,1,,NA,NA,,NA,,NA,0,NA,,,2026-07-15T19:00:00,STRUCTURE_FAILED,0
af9352fa5f03bc3b,M5,L3,LONG,HOLDOUT,2026-07-15T21:25:00,4074.23,4069.48,4075.43,2026-07-15T20:55:00@4060.29;2026-07-15T21:30:00@4081.43;2026-07-15T22:00:00@4057.25,1,,NA,NA,,NA,,NA,0,NA,,,2026-07-15T22:10:00,STRUCTURE_FAILED,0
fb7aaf59f6ad0251,M5,L4,SHORT,HOLDOUT,2026-07-16T03:50:00,4053.41,4053.32,4061.00,2026-07-16T03:50:00@4061.00;2026-07-16T04:00:00@4040.91;2026-07-16T04:10:00@4049.05;2026-07-16T04:25:00@4033.74;2026-07-16T04:40:00@4045.96;2026-07-16T05:15:00@4028.87;2026-07-16T05:30:00@4035.74;2026-07-16T05:40:00@4024.02;2026-07-16T05:45:00@4030.17;2026-07-16T05:50:00@4024.71,4,,NA,NA,,NA,,NA,0,NA,,,2026-07-16T05:55:00,NO_SPIKE,0
ac6a7cd9cae785a2,M5,L3,SHORT,HOLDOUT,2026-07-16T08:50:00,4026.90,4025.54,4030.71,2026-07-16T08:40:00@4033.04;2026-07-16T08:50:00@4025.54;2026-07-16T09:05:00@4036.49,1,,NA,NA,,NA,,NA,0,NA,,,2026-07-16T09:10:00,STRUCTURE_FAILED,0
b96ac3a4c08182f5,M5,L2,SHORT,HOLDOUT,2026-07-16T15:20:00,4021.04,4020.41,4029.14,2026-07-16T15:20:00@4029.14;2026-07-16T15:25:00@4016.76;2026-07-16T15:30:00@4029.66,1,,NA,NA,,NA,,NA,0,NA,,,2026-07-16T15:35:00,STRUCTURE_FAILED,0
d4a2bb5c86c3591f,M5,L3,SHORT,HOLDOUT,2026-07-16T15:20:00,4021.04,4020.41,4029.14,2026-07-16T15:20:00@4029.14;2026-07-16T15:25:00@4016.76;2026-07-16T15:30:00@4029.66,1,,NA,NA,,NA,,NA,0,NA,,,2026-07-16T15:35:00,STRUCTURE_FAILED,0
7ba8131120b80ebd,M5,L1,SHORT,HOLDOUT,2026-07-16T15:35:00,4015.07,4014.86,4022.83,2026-07-16T15:30:00@4029.66;2026-07-16T16:05:00@3973.62;2026-07-16T16:30:00@4008.34;2026-07-16T16:35:00@3981.70,1,,NA,NA,,NA,,NA,0,NA,,,2026-07-16T16:45:00,STRUCTURE_FAILED,0
618b2367b1abef75,M5,L3,SHORT,HOLDOUT,2026-07-16T15:35:00,4015.07,4014.86,4022.83,2026-07-16T15:30:00@4029.66;2026-07-16T16:05:00@3973.62;2026-07-16T16:30:00@4008.34;2026-07-16T16:35:00@3981.70,1,,NA,NA,,NA,,NA,0,NA,,,2026-07-16T16:45:00,STRUCTURE_FAILED,0
ad6424ce6819fd64,M5,L3,SHORT,HOLDOUT,2026-07-16T15:40:00,4002.75,4000.44,4015.29,2026-07-16T15:30:00@4029.66;2026-07-16T16:05:00@3973.62;2026-07-16T16:30:00@4008.34,1,,NA,NA,,NA,,NA,0,NA,,,2026-07-16T16:35:00,STRUCTURE_FAILED,0
8a2bad969df3b935,M5,L3,SHORT,HOLDOUT,2026-07-16T16:00:00,3978.19,3975.33,3996.86,2026-07-16T15:30:00@4029.66;2026-07-16T16:05:00@3973.62;2026-07-16T16:30:00@4008.34,1,,NA,NA,,NA,,NA,0,NA,,,2026-07-16T16:35:00,STRUCTURE_FAILED,0
d0f88b1d14b9b569,M5,L3,SHORT,HOLDOUT,2026-07-16T23:15:00,3972.66,3972.38,3975.20,2026-07-16T22:50:00@3982.50;2026-07-16T23:20:00@3971.76;2026-07-17T01:00:00@3980.29,1,,NA,NA,,NA,,NA,0,NA,,,2026-07-17T01:05:00,STRUCTURE_FAILED,0
1456c2bb0e1ac9d4,M5,L2,SHORT,HOLDOUT,2026-07-17T15:40:00,3969.61,3965.47,3978.41,2026-07-17T15:10:00@3993.85;2026-07-17T15:50:00@3964.04;2026-07-17T16:00:00@3975.90,1,,NA,NA,,NA,,NA,0,NA,,,2026-07-17T16:05:00,STRUCTURE_FAILED,0
0041c7992b25c37e,M5,L3,SHORT,HOLDOUT,2026-07-17T15:40:00,3969.61,3965.47,3978.41,2026-07-17T15:10:00@3993.85;2026-07-17T15:50:00@3964.04;2026-07-17T16:00:00@3975.90,1,,NA,NA,,NA,,NA,0,NA,,,2026-07-17T16:05:00,STRUCTURE_FAILED,0
659df27e8559ad4c,M5,L1,SHORT,HOLDOUT,2026-07-17T15:45:00,3967.15,3965.41,3973.17,2026-07-17T15:10:00@3993.85;2026-07-17T15:50:00@3964.04;2026-07-17T16:00:00@3975.90,1,,NA,NA,,NA,,NA,0,NA,,,2026-07-17T16:05:00,STRUCTURE_FAILED,0
7212307944d1d587,M5,L3,SHORT,HOLDOUT,2026-07-17T15:45:00,3967.15,3965.41,3973.17,2026-07-17T15:10:00@3993.85;2026-07-17T15:50:00@3964.04;2026-07-17T16:00:00@3975.90,1,,NA,NA,,NA,,NA,0,NA,,,2026-07-17T16:05:00,STRUCTURE_FAILED,0
cd94a8dfbcbeab77,M5,L2,LONG,HOLDOUT,2026-07-17T18:00:00,4012.44,3997.71,4013.72,2026-07-17T17:30:00@3992.12;2026-07-17T18:05:00@4014.06;2026-07-17T18:10:00@4003.12,1,,NA,NA,,NA,,NA,0,NA,,,2026-07-17T18:20:00,STRUCTURE_FAILED,0
90d2798d80ed65cb,M5,L3,LONG,HOLDOUT,2026-07-17T18:00:00,4012.44,3997.71,4013.72,2026-07-17T17:30:00@3992.12;2026-07-17T18:05:00@4014.06;2026-07-17T18:10:00@4003.12,1,,NA,NA,,NA,,NA,0,NA,,,2026-07-17T18:20:00,STRUCTURE_FAILED,0
4746e6a9c649f2c2,M5,L3,LONG,HOLDOUT,2026-07-17T18:50:00,4020.26,4016.46,4021.09,2026-07-17T18:10:00@4003.12;2026-07-17T18:55:00@4021.27;2026-07-17T19:00:00@4010.92,1,,NA,NA,,NA,,NA,0,NA,,,2026-07-17T19:05:00,STRUCTURE_FAILED,0
bfe772845b8840ff,M5,L1,LONG,HOLDOUT,2026-07-20T05:45:00,4025.06,4013.97,4028.71,2026-07-20T05:15:00@4004.08;2026-07-20T05:45:00@4028.71;2026-07-20T06:05:00@4018.64,1,,NA,NA,,NA,,NA,0,NA,,,2026-07-20T06:10:00,STRUCTURE_FAILED,0
92ac83b78892695d,M5,L3,LONG,HOLDOUT,2026-07-20T05:45:00,4025.06,4013.97,4028.71,2026-07-20T05:15:00@4004.08;2026-07-20T05:45:00@4028.71;2026-07-20T06:05:00@4018.64,1,,NA,NA,,NA,,NA,0,NA,,,2026-07-20T06:10:00,STRUCTURE_FAILED,0
db7d5c0f09d52ce8,M5,L2,LONG,HOLDOUT,2026-07-20T11:20:00,4029.32,4023.16,4030.68,2026-07-20T11:05:00@4018.68;2026-07-20T11:20:00@4030.68;2026-07-20T11:30:00@4018.94,1,,NA,NA,,NA,,NA,0,NA,,,2026-07-20T11:35:00,STRUCTURE_FAILED,0
aa7ba241fbddffdb,M5,L3,LONG,HOLDOUT,2026-07-20T11:20:00,4029.32,4023.16,4030.68,2026-07-20T11:05:00@4018.68;2026-07-20T11:20:00@4030.68;2026-07-20T11:30:00@4018.94,1,,NA,NA,,NA,,NA,0,NA,,,2026-07-20T11:35:00,STRUCTURE_FAILED,0
80274ed5c7caa54d,M5,L3,LONG,HOLDOUT,2026-07-20T14:30:00,4036.86,4021.52,4040.88,2026-07-20T14:25:00@4019.97;2026-07-20T14:30:00@4040.88;2026-07-20T15:00:00@4012.23,1,,NA,NA,,NA,,NA,0,NA,,,2026-07-20T15:05:00,STRUCTURE_FAILED,0
ce10e3e6af11b880,M5,L4,SHORT,HOLDOUT,2026-07-20T16:55:00,4005.78,4005.73,4012.03,2026-07-20T16:40:00@4017.38;2026-07-20T17:20:00@3998.31;2026-07-20T17:45:00@4013.66,1,,NA,NA,,NA,,NA,0,NA,,,2026-07-20T17:50:00,STRUCTURE_FAILED,0
3646a779bd19b73a,M5,L3,SHORT,HOLDOUT,2026-07-20T17:05:00,4000.89,4000.69,4005.74,2026-07-20T16:40:00@4017.38;2026-07-20T17:20:00@3998.31;2026-07-20T17:45:00@4013.66,1,,NA,NA,,NA,,NA,0,NA,,,2026-07-20T17:50:00,STRUCTURE_FAILED,0
8abdab0c48d3bcd2,M5,L4,SHORT,HOLDOUT,2026-07-21T01:40:00,4004.20,4002.84,4008.08,2026-07-21T01:25:00@4010.73;2026-07-21T01:55:00@3999.73;2026-07-21T02:05:00@4009.77,1,,NA,NA,,NA,,NA,0,NA,,,2026-07-21T02:10:00,STRUCTURE_FAILED,0
792d3b9820b8740d,M5,L3,LONG,HOLDOUT,2026-07-21T03:35:00,4019.08,4016.61,4022.11,2026-07-21T03:30:00@4014.24;2026-07-21T03:50:00@4027.12;2026-07-21T04:00:00@4018.43,1,,NA,NA,,NA,,NA,0,NA,,,2026-07-21T04:05:00,STRUCTURE_FAILED,0
209347accb754be5,M5,L3,LONG,HOLDOUT,2026-07-21T03:40:00,4022.48,4018.36,4023.90,2026-07-21T03:30:00@4014.24;2026-07-21T03:50:00@4027.12;2026-07-21T04:00:00@4018.43,1,,NA,NA,,NA,,NA,0,NA,,,2026-07-21T04:05:00,STRUCTURE_FAILED,0
9ab7ffc77b3afa8a,M5,L1,LONG,HOLDOUT,2026-07-21T06:20:00,4041.81,4037.11,4041.98,2026-07-21T06:15:00@4036.85;2026-07-21T06:25:00@4051.52;2026-07-21T06:45:00@4041.87,1,,NA,NA,,NA,,NA,0,NA,,,2026-07-21T06:50:00,STRUCTURE_FAILED,0
fc927dcdbd1ce3e0,M5,L3,LONG,HOLDOUT,2026-07-21T06:20:00,4041.81,4037.11,4041.98,2026-07-21T06:15:00@4036.85;2026-07-21T06:25:00@4051.52;2026-07-21T06:45:00@4041.87,1,,NA,NA,,NA,,NA,0,NA,,,2026-07-21T06:50:00,STRUCTURE_FAILED,0
9125ae0234d1afea,M5,L3,LONG,HOLDOUT,2026-07-21T06:25:00,4047.47,4041.41,4051.52,2026-07-21T06:15:00@4036.85;2026-07-21T06:25:00@4051.52;2026-07-21T06:45:00@4041.87,1,,NA,NA,,NA,,NA,0,NA,,,2026-07-21T06:50:00,STRUCTURE_FAILED,0
eb33decb8f14c82b,M5,L2,LONG,HOLDOUT,2026-07-21T08:25:00,4054.46,4051.03,4056.47,2026-07-21T08:20:00@4048.07;2026-07-21T08:45:00@4067.94;2026-07-21T08:55:00@4061.30;2026-07-21T09:45:00@4084.10;2026-07-21T10:30:00@4067.74;2026-07-21T10:35:00@4075.38,2,,NA,NA,,NA,,NA,0,NA,,,2026-07-21T10:40:00,STRUCTURE_FAILED,0
6d3954bf61a7479e,M5,L3,LONG,HOLDOUT,2026-07-21T09:10:00,4071.36,4066.80,4072.47,2026-07-21T08:55:00@4061.30;2026-07-21T09:45:00@4084.10;2026-07-21T10:30:00@4067.74,1,,NA,NA,,NA,,NA,0,NA,,,2026-07-21T10:35:00,STRUCTURE_FAILED,0
d39336902f73d69a,M5,L3,LONG,HOLDOUT,2026-07-21T09:45:00,4083.00,4077.19,4084.10,2026-07-21T08:55:00@4061.30;2026-07-21T09:45:00@4084.10;2026-07-21T10:30:00@4067.74,1,,NA,NA,,NA,,NA,0,NA,,,2026-07-21T10:35:00,STRUCTURE_FAILED,0
f5ca75162657c097,M5,L3,SHORT,HOLDOUT,2026-07-21T14:00:00,4056.87,4056.38,4063.72,2026-07-21T13:35:00@4070.20;2026-07-21T14:05:00@4055.52;2026-07-21T14:35:00@4061.27,1,,NA,NA,,NA,,NA,0,NA,,,2026-07-21T14:40:00,STRUCTURE_FAILED,0
e02a725638378f3c,M5,L3,LONG,HOLDOUT,2026-07-21T21:25:00,4083.83,4081.17,4087.34,2026-07-21T20:45:00@4066.85;2026-07-21T21:25:00@4087.34;2026-07-21T21:30:00@4081.29,1,,NA,NA,,NA,,NA,0,NA,,,2026-07-21T21:35:00,STRUCTURE_FAILED,0
112c4040d25413cb,M5,L3,LONG,HOLDOUT,2026-07-21T21:30:00,4084.52,4081.29,4085.61,2026-07-21T21:30:00@4081.29;2026-07-21T21:35:00@4085.30;2026-07-21T21:50:00@4079.30,1,,NA,NA,,NA,,NA,0,NA,,,2026-07-21T21:55:00,STRUCTURE_FAILED,0
851535ff48b709e2,M5,L1,LONG,HOLDOUT,2026-07-22T03:05:00,4088.11,4081.41,4090.19,2026-07-22T03:00:00@4076.78;2026-07-22T03:15:00@4098.10;2026-07-22T03:20:00@4092.88;2026-07-22T03:30:00@4102.31;2026-07-22T03:35:00@4089.59,2,,NA,NA,,NA,,NA,0,NA,,,2026-07-22T03:40:00,STRUCTURE_FAILED,0
e27d19b2f59f3a03,M5,L3,LONG,HOLDOUT,2026-07-22T03:05:00,4088.11,4081.41,4090.19,2026-07-22T03:00:00@4076.78;2026-07-22T03:15:00@4098.10;2026-07-22T03:20:00@4092.88;2026-07-22T03:30:00@4102.31;2026-07-22T03:35:00@4089.59,2,,NA,NA,,NA,,NA,0,NA,,,2026-07-22T03:40:00,STRUCTURE_FAILED,0
ac35c4ca68c37c0e,M5,L2,LONG,HOLDOUT,2026-07-22T16:30:00,4142.28,4131.88,4146.93,2026-07-22T15:55:00@4107.17;2026-07-22T16:30:00@4146.93;2026-07-22T16:35:00@4138.66,1,,NA,NA,,NA,,NA,0,NA,,,2026-07-22T16:40:00,STRUCTURE_FAILED,0
e4faca059ef02ca6,M5,L3,LONG,HOLDOUT,2026-07-22T16:30:00,4142.28,4131.88,4146.93,2026-07-22T15:55:00@4107.17;2026-07-22T16:30:00@4146.93;2026-07-22T16:35:00@4138.66,1,,NA,NA,,NA,,NA,0,NA,,,2026-07-22T16:40:00,STRUCTURE_FAILED,0
370a7345c3b1b04f,M5,L3,SHORT,HOLDOUT,2026-07-23T05:00:00,4113.78,4113.00,4118.87,2026-07-23T04:25:00@4141.04;2026-07-23T05:05:00@4112.10;2026-07-23T06:00:00@4129.08,1,,NA,NA,,NA,,NA,0,NA,,,2026-07-23T06:10:00,STRUCTURE_FAILED,0
19476dc4d42cc12a,M5,L2,SHORT,HOLDOUT,2026-07-23T10:05:00,4110.44,4109.62,4116.30,2026-07-23T09:45:00@4122.30;2026-07-23T10:10:00@4102.04;2026-07-23T10:15:00@4111.90,1,,NA,NA,,NA,,NA,0,NA,,,2026-07-23T10:20:00,STRUCTURE_FAILED,0
5d5654817a57f869,M5,L3,SHORT,HOLDOUT,2026-07-23T10:05:00,4110.44,4109.62,4116.30,2026-07-23T09:45:00@4122.30;2026-07-23T10:10:00@4102.04;2026-07-23T10:15:00@4111.90,1,,NA,NA,,NA,,NA,0,NA,,,2026-07-23T10:20:00,STRUCTURE_FAILED,0
01096e47091051e1,M5,L3,SHORT,HOLDOUT,2026-07-23T10:10:00,4106.67,4102.04,4110.50,2026-07-23T09:45:00@4122.30;2026-07-23T10:10:00@4102.04;2026-07-23T10:15:00@4111.90,1,,NA,NA,,NA,,NA,0,NA,,,2026-07-23T10:20:00,STRUCTURE_FAILED,0
0fb2ec356ba5e0d6,M5,L4,SHORT,HOLDOUT,2026-07-23T14:15:00,4085.65,4084.31,4089.24,2026-07-23T13:55:00@4095.26;2026-07-23T14:20:00@4081.02;2026-07-23T14:25:00@4085.02,1,,NA,NA,,NA,,NA,0,NA,,,2026-07-23T14:30:00,STRUCTURE_FAILED,0
0a7b245bed4d2d36,M5,L1,SHORT,HOLDOUT,2026-07-23T15:20:00,4071.70,4070.38,4078.32,2026-07-23T14:50:00@4089.08;2026-07-23T15:20:00@4070.38;2026-07-23T15:25:00@4077.28,1,,NA,NA,,NA,,NA,0,NA,,,2026-07-23T15:30:00,STRUCTURE_FAILED,0
d62b36d129c071ec,M5,L3,SHORT,HOLDOUT,2026-07-23T15:20:00,4071.70,4070.38,4078.32,2026-07-23T14:50:00@4089.08;2026-07-23T15:20:00@4070.38;2026-07-23T15:25:00@4077.28,1,,NA,NA,,NA,,NA,0,NA,,,2026-07-23T15:30:00,STRUCTURE_FAILED,0
c02e838a2784f7df,M5,L3,SHORT,HOLDOUT,2026-07-23T16:10:00,4040.93,4040.48,4047.31,2026-07-23T15:40:00@4073.19;2026-07-23T16:10:00@4040.48;2026-07-23T16:30:00@4067.46,1,,NA,NA,,NA,,NA,0,NA,,,2026-07-23T16:35:00,STRUCTURE_FAILED,0
3abee60bd44fce35,M5,L4,SHORT,HOLDOUT,2026-07-23T20:35:00,4044.75,4044.23,4047.45,2026-07-23T20:20:00@4050.50;2026-07-23T21:00:00@4040.66;2026-07-23T21:15:00@4044.65,1,,NA,NA,,NA,,NA,0,NA,,,2026-07-23T21:20:00,STRUCTURE_FAILED,0
dc275a955ecda5ae,M5,L4,SHORT,HOLDOUT,2026-07-24T03:05:00,4045.60,4044.88,4047.49,2026-07-24T03:00:00@4050.11;2026-07-24T03:10:00@4041.12;2026-07-24T03:20:00@4048.04,1,,NA,NA,,NA,,NA,0,NA,,,2026-07-24T03:25:00,STRUCTURE_FAILED,0
c583fbc7de89ff15,M5,L1,SHORT,HOLDOUT,2026-07-24T05:45:00,4026.43,4026.42,4041.81,2026-07-24T05:25:00@4048.41;2026-07-24T05:55:00@4023.09;2026-07-24T06:15:00@4033.74,1,,NA,NA,,NA,,NA,0,NA,,,2026-07-24T06:20:00,STRUCTURE_FAILED,0
fea9d22e2502440d,M5,L3,SHORT,HOLDOUT,2026-07-24T05:45:00,4026.43,4026.42,4041.81,2026-07-24T05:25:00@4048.41;2026-07-24T05:55:00@4023.09;2026-07-24T06:15:00@4033.74,1,,NA,NA,,NA,,NA,0,NA,,,2026-07-24T06:20:00,STRUCTURE_FAILED,0
d09fa1a6755bc2cf,M5,L2,SHORT,HOLDOUT,2026-07-24T08:55:00,4023.05,4022.02,4023.96,2026-07-24T08:50:00@4029.29;2026-07-24T08:55:00@4022.02;2026-07-24T09:25:00@4039.04,1,,NA,NA,,NA,,NA,0,NA,,,2026-07-24T09:30:00,STRUCTURE_FAILED,0
ce2afd59bae1d7ac,M5,L3,SHORT,HOLDOUT,2026-07-24T08:55:00,4023.05,4022.02,4023.96,2026-07-24T08:50:00@4029.29;2026-07-24T08:55:00@4022.02;2026-07-24T09:25:00@4039.04,1,,NA,NA,,NA,,NA,0,NA,,,2026-07-24T09:30:00,STRUCTURE_FAILED,0
1f57d0937bc4c941,M5,L2,LONG,HOLDOUT,2026-07-24T10:30:00,4053.63,4047.91,4053.63,2026-07-24T09:50:00@4031.68;2026-07-24T10:35:00@4053.79;2026-07-24T10:40:00@4045.81,1,,NA,NA,,NA,,NA,0,NA,,,2026-07-24T10:55:00,STRUCTURE_FAILED,0
5e99feb8209bc25a,M5,L3,LONG,HOLDOUT,2026-07-24T10:30:00,4053.63,4047.91,4053.63,2026-07-24T09:50:00@4031.68;2026-07-24T10:35:00@4053.79;2026-07-24T10:40:00@4045.81,1,,NA,NA,,NA,,NA,0,NA,,,2026-07-24T10:55:00,STRUCTURE_FAILED,0
90370c397f9b1c91,M5,L3,LONG,HOLDOUT,2026-07-24T16:55:00,4067.57,4056.95,4068.69,2026-07-24T16:45:00@4048.53;2026-07-24T17:00:00@4070.07;2026-07-24T17:05:00@4057.30,1,,NA,NA,,NA,,NA,0,NA,,,2026-07-24T17:10:00,STRUCTURE_FAILED,0
8af57427a8f60aa4,M5,L2,SHORT,HOLDOUT,2026-07-27T15:15:00,4084.42,4082.31,4088.99,2026-07-27T15:00:00@4097.63;2026-07-27T15:20:00@4081.70;2026-07-27T15:25:00@4088.75,1,,NA,NA,,NA,,NA,0,NA,,,2026-07-27T15:30:00,STRUCTURE_FAILED,0
5e08237a6089ce52,M5,L3,SHORT,HOLDOUT,2026-07-27T15:20:00,4083.11,4081.70,4085.15,2026-07-27T15:00:00@4097.63;2026-07-27T15:20:00@4081.70;2026-07-27T15:25:00@4088.75,1,,NA,NA,,NA,,NA,0,NA,,,2026-07-27T15:30:00,STRUCTURE_FAILED,0
e002a379460ad3dc,M5,L3,SHORT,HOLDOUT,2026-07-28T02:45:00,4070.13,4069.87,4072.59,2026-07-28T02:10:00@4074.97;2026-07-28T02:45:00@4069.87;2026-07-28T03:00:00@4074.10,1,,NA,NA,,NA,,NA,0,NA,,,2026-07-28T03:05:00,STRUCTURE_FAILED,0
8e2b1df7c2fd030a,M5,L1,SHORT,HOLDOUT,2026-07-28T03:20:00,4060.85,4060.16,4066.36,2026-07-28T03:10:00@4067.64;2026-07-28T03:25:00@4059.12;2026-07-28T03:40:00@4066.20,1,,NA,NA,,NA,,NA,0,NA,,,2026-07-28T03:45:00,STRUCTURE_FAILED,0
87106078c83a3284,M5,L3,SHORT,HOLDOUT,2026-07-28T03:20:00,4060.85,4060.16,4066.36,2026-07-28T03:10:00@4067.64;2026-07-28T03:25:00@4059.12;2026-07-28T03:40:00@4066.20,1,,NA,NA,,NA,,NA,0,NA,,,2026-07-28T03:45:00,STRUCTURE_FAILED,0
0639fed4d89d0056,M5,L3,SHORT,HOLDOUT,2026-07-28T04:25:00,4047.30,4046.35,4050.16,2026-07-28T04:05:00@4059.47;2026-07-28T04:30:00@4043.54;2026-07-28T04:35:00@4050.53,1,,NA,NA,,NA,,NA,0,NA,,,2026-07-28T04:45:00,STRUCTURE_FAILED,0
3c5770672ee08606,M5,L3,SHORT,HOLDOUT,2026-07-28T05:00:00,4043.82,4042.52,4045.94,2026-07-28T04:35:00@4050.53;2026-07-28T05:05:00@4042.45;2026-07-28T05:20:00@4049.09,1,,NA,NA,,NA,,NA,0,NA,,,2026-07-28T05:25:00,STRUCTURE_FAILED,0
5b1424adb245680b,M5,L2,SHORT,HOLDOUT,2026-07-28T08:30:00,4037.58,4037.21,4045.67,2026-07-28T08:10:00@4043.98;2026-07-28T08:35:00@4034.92;2026-07-28T09:00:00@4047.80,1,,NA,NA,,NA,,NA,0,NA,,,2026-07-28T09:05:00,STRUCTURE_FAILED,0
ed29078817fd094f,M5,L3,SHORT,HOLDOUT,2026-07-28T12:35:00,4032.20,4029.61,4038.24,2026-07-28T12:20:00@4044.11;2026-07-28T12:35:00@4029.61;2026-07-28T12:45:00@4034.40,1,,NA,NA,,NA,,NA,0,NA,,,2026-07-28T12:50:00,STRUCTURE_FAILED,0
f2553807fe3b9277,M5,L3,SHORT,HOLDOUT,2026-07-28T13:05:00,4021.96,4021.82,4027.00,2026-07-28T13:05:00@4027.00;2026-07-28T13:10:00@4020.55;2026-07-28T13:15:00@4025.83,1,,NA,NA,,NA,,NA,0,NA,,,2026-07-28T13:20:00,STRUCTURE_FAILED,0
3711c7f4a9fd8b95,M5,L3,LONG,HOLDOUT,2026-07-28T18:40:00,4041.46,4036.80,4042.10,2026-07-28T18:30:00@4032.36;2026-07-28T18:55:00@4047.06;2026-07-28T19:55:00@4036.66,1,,NA,NA,,NA,,NA,0,NA,,,2026-07-28T20:05:00,STRUCTURE_FAILED,0
9388d5b7d2f93476,M5,L3,SHORT,HOLDOUT,2026-07-29T01:20:00,4017.93,4017.24,4023.48,2026-07-29T01:00:00@4031.18;2026-07-29T01:20:00@4017.24;2026-07-29T01:30:00@4021.16,1,,NA,NA,,NA,,NA,0,NA,,,2026-07-29T01:35:00,STRUCTURE_FAILED,0
bb762946c27822ea,M5,L3,SHORT,HOLDOUT,2026-07-29T01:35:00,4015.04,4014.17,4017.44,2026-07-29T01:30:00@4021.16;2026-07-29T01:35:00@4014.17;2026-07-29T01:40:00@4018.80,1,,NA,NA,,NA,,NA,0,NA,,,2026-07-29T01:45:00,STRUCTURE_FAILED,0
6a8d697d85b750ad,M5,L3,SHORT,HOLDOUT,2026-07-29T04:00:00,4011.96,4010.32,4021.83,2026-07-29T03:35:00@4027.78;2026-07-29T04:00:00@4010.32;2026-07-29T04:10:00@4017.73,1,,NA,NA,,NA,,NA,0,NA,,,2026-07-29T04:15:00,STRUCTURE_FAILED,0
ed22319e4677a376,M5,L3,LONG,HOLDOUT,2026-07-29T05:20:00,4033.25,4026.76,4035.43,2026-07-29T05:05:00@4023.04;2026-07-29T05:30:00@4036.69;2026-07-29T05:35:00@4031.12,1,,NA,NA,,NA,,NA,0,NA,,,2026-07-29T05:40:00,STRUCTURE_FAILED,0
b39bc939790b99b4,M5,L2,LONG,HOLDOUT,2026-07-29T08:40:00,4039.13,4031.18,4039.57,2026-07-29T08:35:00@4029.72;2026-07-29T08:45:00@4040.05;2026-07-29T08:55:00@4031.53,1,,NA,NA,,NA,,NA,0,NA,,,2026-07-29T09:00:00,STRUCTURE_FAILED,0
19adcfc0c2c12eb8,M5,L3,LONG,HOLDOUT,2026-07-29T08:40:00,4039.13,4031.18,4039.57,2026-07-29T08:35:00@4029.72;2026-07-29T08:45:00@4040.05;2026-07-29T08:55:00@4031.53,1,,NA,NA,,NA,,NA,0,NA,,,2026-07-29T09:00:00,STRUCTURE_FAILED,0
598fa487a236e5a9,M5,L3,SHORT,HOLDOUT,2026-07-29T15:15:00,4018.95,4018.91,4027.58,2026-07-29T14:45:00@4036.14;2026-07-29T15:30:00@4009.19;2026-07-29T15:35:00@4022.54,1,,NA,NA,,NA,,NA,0,NA,,,2026-07-29T15:40:00,STRUCTURE_FAILED,0
e0a7b3c2b39a72a7,M5,L1,SHORT,HOLDOUT,2026-07-29T16:50:00,4009.19,4006.58,4015.14,2026-07-29T16:35:00@4017.90;2026-07-29T17:10:00@3995.97;2026-07-29T17:20:00@4010.18,1,,NA,NA,,NA,,NA,0,NA,,,2026-07-29T17:25:00,STRUCTURE_FAILED,0
2c1e20bb228707d3,M5,L2,SHORT,HOLDOUT,2026-07-29T16:50:00,4009.19,4006.58,4015.14,2026-07-29T16:35:00@4017.90;2026-07-29T17:10:00@3995.97;2026-07-29T17:20:00@4010.18,1,,NA,NA,,NA,,NA,0,NA,,,2026-07-29T17:25:00,STRUCTURE_FAILED,0
1071bce8472deebd,M5,L3,SHORT,HOLDOUT,2026-07-29T16:50:00,4009.19,4006.58,4015.14,2026-07-29T16:35:00@4017.90;2026-07-29T17:10:00@3995.97;2026-07-29T17:20:00@4010.18,1,,NA,NA,,NA,,NA,0,NA,,,2026-07-29T17:25:00,STRUCTURE_FAILED,0
fc873ba954314502,M5,L3,LONG,HOLDOUT,2026-07-29T20:20:00,4047.36,4044.69,4050.59,2026-07-29T20:15:00@4040.73;2026-07-29T20:20:00@4050.59;2026-07-29T20:35:00@4036.24,1,,NA,NA,,NA,,NA,0,NA,,,2026-07-29T20:40:00,STRUCTURE_FAILED,0
af41abdf2231121b,M5,L3,LONG,HOLDOUT,2026-07-29T21:00:00,4066.88,4040.35,4085.71,2026-07-29T21:00:00@4040.35;2026-07-29T21:10:00@4086.11;2026-07-29T21:30:00@4052.13,1,,NA,NA,,NA,,NA,0,NA,,,2026-07-29T21:35:00,STRUCTURE_FAILED,0
ec1fbd2d52fab239,M5,L1,LONG,HOLDOUT,2026-07-29T21:40:00,4083.40,4069.99,4086.92,2026-07-29T21:30:00@4052.13;2026-07-29T22:00:00@4116.53;2026-07-29T22:10:00@4090.03;2026-07-29T22:15:00@4104.68,1,,NA,NA,,NA,,NA,0,NA,,,2026-07-29T22:20:00,STRUCTURE_FAILED,0
cf6b5d59055f37ed,M5,L3,LONG,HOLDOUT,2026-07-29T21:45:00,4099.62,4082.10,4100.97,2026-07-29T21:30:00@4052.13;2026-07-29T22:00:00@4116.53;2026-07-29T22:10:00@4090.03,1,,NA,NA,,NA,,NA,0,NA,,,2026-07-29T22:15:00,STRUCTURE_FAILED,0
106258f76586acf8,M5,L3,LONG,HOLDOUT,2026-07-29T21:50:00,4104.95,4092.73,4109.86,2026-07-29T21:30:00@4052.13;2026-07-29T22:00:00@4116.53;2026-07-29T22:10:00@4090.03,1,,NA,NA,,NA,,NA,0,NA,,,2026-07-29T22:15:00,STRUCTURE_FAILED,0
47d6518672dc9c2d,M5,L3,LONG,HOLDOUT,2026-07-29T21:55:00,4106.80,4101.14,4109.35,2026-07-29T21:30:00@4052.13;2026-07-29T22:00:00@4116.53;2026-07-29T22:10:00@4090.03,1,,NA,NA,,NA,,NA,0,NA,,,2026-07-29T22:15:00,STRUCTURE_FAILED,0
334c1352e1bf29d8,M5,L2,SHORT,HOLDOUT,2026-07-30T08:15:00,4041.98,4037.49,4046.33,2026-07-30T08:15:00@4046.33;2026-07-30T08:20:00@4041.30;2026-07-30T08:30:00@4051.37,1,,NA,NA,,NA,,NA,0,NA,,,2026-07-30T08:35:00,STRUCTURE_FAILED,0
0448d82812aa6e17,M5,L2,LONG,HOLDOUT,2026-07-30T16:45:00,4094.96,4085.63,4101.58,2026-07-30T16:40:00@4085.19;2026-07-30T17:00:00@4120.44;2026-07-30T17:25:00@4087.03,1,,NA,NA,,NA,,NA,0,NA,,,2026-07-30T17:30:00,STRUCTURE_FAILED,0
e118be47709bcbaf,M5,L3,LONG,HOLDOUT,2026-07-30T16:50:00,4102.54,4093.39,4103.05,2026-07-30T16:40:00@4085.19;2026-07-30T17:00:00@4120.44;2026-07-30T17:25:00@4087.03,1,,NA,NA,,NA,,NA,0,NA,,,2026-07-30T17:30:00,STRUCTURE_FAILED,0
1d769a0f0cea0dca,M5,L1,LONG,HOLDOUT,2026-07-30T19:20:00,4118.87,4113.62,4119.18,2026-07-30T18:10:00@4083.12;2026-07-30T19:20:00@4119.18;2026-07-30T20:25:00@4098.42,1,,NA,NA,,NA,,NA,0,NA,,,2026-07-30T20:35:00,STRUCTURE_FAILED,0
2a5756d7d87bf301,M5,L3,LONG,HOLDOUT,2026-07-30T19:20:00,4118.87,4113.62,4119.18,2026-07-30T18:10:00@4083.12;2026-07-30T19:20:00@4119.18;2026-07-30T20:25:00@4098.42,1,,NA,NA,,NA,,NA,0,NA,,,2026-07-30T20:35:00,STRUCTURE_FAILED,0
22d915eb04d7aa48,M5,L4,LONG,HOLDOUT,2026-07-31T07:25:00,4079.97,4077.58,4080.05,2026-07-31T07:10:00@4073.30;2026-07-31T07:40:00@4081.52;2026-07-31T07:50:00@4074.75,1,,NA,NA,,NA,,NA,0,NA,,,2026-07-31T07:55:00,STRUCTURE_FAILED,0
2168815a5e33e57b,M5,L2,SHORT,HOLDOUT,2026-07-31T10:30:00,4069.65,4069.16,4072.93,2026-07-31T10:15:00@4079.22;2026-07-31T10:35:00@4068.18;2026-07-31T10:45:00@4074.38,1,,NA,NA,,NA,,NA,0,NA,,,2026-07-31T10:50:00,STRUCTURE_FAILED,0
5056973c5186257c,M5,L3,SHORT,HOLDOUT,2026-07-31T10:30:00,4069.65,4069.16,4072.93,2026-07-31T10:15:00@4079.22;2026-07-31T10:35:00@4068.18;2026-07-31T10:45:00@4074.38,1,,NA,NA,,NA,,NA,0,NA,,,2026-07-31T10:50:00,STRUCTURE_FAILED,0
523c3bcb8be45d03,M5,L3,SHORT,HOLDOUT,2026-07-31T11:00:00,4063.39,4062.76,4067.73,2026-07-31T10:45:00@4074.38;2026-07-31T11:30:00@4054.20;2026-07-31T11:45:00@4062.95,1,,NA,NA,,NA,,NA,0,NA,,,2026-07-31T11:50:00,STRUCTURE_FAILED,0
ffacfcb4bdda363d,M5,L3,SHORT,HOLDOUT,2026-07-31T15:25:00,4047.19,4047.03,4052.20,2026-07-31T15:10:00@4059.35;2026-07-31T16:10:00@4034.65;2026-07-31T16:20:00@4046.92;2026-07-31T16:45:00@4022.00;2026-07-31T17:00:00@4032.45;2026-07-31T17:05:00@4020.85,3,2026-07-31T17:15:00,4035.11,2.298859,,NA,,NA,0,NA,,,2026-07-31T18:10:00,STRUCTURE_FAILED,0
80c7fb0a8474312f,M5,L1,SHORT,HOLDOUT,2026-07-31T16:35:00,4027.72,4027.01,4037.17,2026-07-31T16:20:00@4046.92;2026-07-31T16:45:00@4022.00;2026-07-31T17:00:00@4032.45,1,,NA,NA,,NA,,NA,0,NA,,,2026-07-31T17:05:00,STRUCTURE_FAILED,0
ee7db9d948a445f6,M5,L3,SHORT,HOLDOUT,2026-07-31T16:35:00,4027.72,4027.01,4037.17,2026-07-31T16:20:00@4046.92;2026-07-31T16:45:00@4022.00;2026-07-31T17:00:00@4032.45,1,,NA,NA,,NA,,NA,0,NA,,,2026-07-31T17:05:00,STRUCTURE_FAILED,0
357e55522df7fe38,M5,L2,SHORT,HOLDOUT,2026-08-03T12:30:00,4047.04,4046.67,4053.44,2026-08-03T12:10:00@4062.15;2026-08-03T12:30:00@4046.67;2026-08-03T12:50:00@4058.12,1,,NA,NA,,NA,,NA,0,NA,,,2026-08-03T13:00:00,STRUCTURE_FAILED,0
8684df9963838eb7,M5,L3,SHORT,HOLDOUT,2026-08-03T12:30:00,4047.04,4046.67,4053.44,2026-08-03T12:10:00@4062.15;2026-08-03T12:30:00@4046.67;2026-08-03T12:50:00@4058.12,1,,NA,NA,,NA,,NA,0,NA,,,2026-08-03T13:00:00,STRUCTURE_FAILED,0
5535bb462d3f3e27,M5,L3,SHORT,HOLDOUT,2026-08-03T16:10:00,4038.80,4038.77,4044.55,2026-08-03T16:00:00@4053.76;2026-08-03T16:35:00@4019.11;2026-08-03T16:45:00@4035.36;2026-08-03T16:50:00@4028.24,1,,NA,NA,,NA,,NA,0,NA,,,2026-08-03T16:55:00,STRUCTURE_FAILED,0
29cbc6397a275c04,M5,L4,SHORT,HOLDOUT,2026-08-03T20:50:00,4030.64,4030.46,4034.36,2026-08-03T20:35:00@4036.94;2026-08-03T21:00:00@4029.68;2026-08-03T22:05:00@4049.51,1,,NA,NA,,NA,,NA,0,NA,,,2026-08-03T22:10:00,STRUCTURE_FAILED,0
5f6ef8007d783de4,M5,L3,LONG,HOLDOUT,2026-08-04T03:00:00,4059.64,4052.98,4063.49,2026-08-04T02:50:00@4051.43;2026-08-04T03:10:00@4069.40;2026-08-04T04:05:00@4042.55,1,,NA,NA,,NA,,NA,0,NA,,,2026-08-04T04:10:00,STRUCTURE_FAILED,0
e9dd920b5dad8e68,M5,L4,LONG,HOLDOUT,2026-08-04T03:00:00,4059.64,4052.98,4063.49,2026-08-04T02:50:00@4051.43;2026-08-04T03:10:00@4069.40;2026-08-04T04:05:00@4042.55,1,,NA,NA,,NA,,NA,0,NA,,,2026-08-04T04:10:00,STRUCTURE_FAILED,0
9e6f3b0fa8a608ec,M5,L3,LONG,HOLDOUT,2026-08-04T03:05:00,4067.25,4059.29,4067.52,2026-08-04T02:50:00@4051.43;2026-08-04T03:10:00@4069.40;2026-08-04T04:05:00@4042.55,1,,NA,NA,,NA,,NA,0,NA,,,2026-08-04T04:10:00,STRUCTURE_FAILED,0
8c205c06c234c48e,M5,L2,LONG,HOLDOUT,2026-08-04T11:00:00,4069.98,4064.55,4072.85,2026-08-04T10:35:00@4061.45;2026-08-04T11:00:00@4072.85;2026-08-04T11:25:00@4060.33,1,,NA,NA,,NA,,NA,0,NA,,,2026-08-04T11:30:00,STRUCTURE_FAILED,0
7ab68dd7853e6e3e,M5,L3,LONG,HOLDOUT,2026-08-04T11:00:00,4069.98,4064.55,4072.85,2026-08-04T10:35:00@4061.45;2026-08-04T11:00:00@4072.85;2026-08-04T11:25:00@4060.33,1,,NA,NA,,NA,,NA,0,NA,,,2026-08-04T11:30:00,STRUCTURE_FAILED,0
c0ade691648ebe2b,M5,L3,LONG,HOLDOUT,2026-08-04T14:45:00,4076.35,4067.12,4079.90,2026-08-04T14:40:00@4059.93;2026-08-04T14:50:00@4084.27;2026-08-04T15:10:00@4060.98,1,,NA,NA,,NA,,NA,0,NA,,,2026-08-04T15:20:00,STRUCTURE_FAILED,0
72e9153d739a10ee,M5,L1,LONG,HOLDOUT,2026-08-04T16:35:00,4088.26,4082.95,4088.99,2026-08-04T16:30:00@4076.02;2026-08-04T16:50:00@4094.08;2026-08-04T17:00:00@4083.10,1,,NA,NA,,NA,,NA,0,NA,,,2026-08-04T17:05:00,STRUCTURE_FAILED,0
03bb885a2434fe75,M5,L3,LONG,HOLDOUT,2026-08-04T16:35:00,4088.26,4082.95,4088.99,2026-08-04T16:30:00@4076.02;2026-08-04T16:50:00@4094.08;2026-08-04T17:00:00@4083.10,1,,NA,NA,,NA,,NA,0,NA,,,2026-08-04T17:05:00,STRUCTURE_FAILED,0
01271c4dd0cb65ae,M5,L3,LONG,HOLDOUT,2026-08-04T20:00:00,4102.22,4092.43,4102.52,2026-08-04T19:35:00@4084.94;2026-08-04T20:05:00@4106.40;2026-08-04T20:30:00@4091.74,1,,NA,NA,,NA,,NA,0,NA,,,2026-08-04T20:40:00,STRUCTURE_FAILED,0
47ec303d9ea9fc6a,M5,L3,LONG,HOLDOUT,2026-08-05T04:10:00,4085.85,4081.76,4086.93,2026-08-05T04:05:00@4079.76;2026-08-05T04:15:00@4088.60;2026-08-05T04:30:00@4079.98,1,,NA,NA,,NA,,NA,0,NA,,,2026-08-05T04:35:00,STRUCTURE_FAILED,0
3737f1a1cf8156d8,M5,L1,LONG,HOLDOUT,2026-08-05T05:30:00,4107.78,4101.47,4108.38,2026-08-05T05:30:00@4101.47;2026-08-05T05:55:00@4135.25;2026-08-05T06:00:00@4126.87;2026-08-05T06:15:00@4136.47;2026-08-05T06:50:00@4127.51;2026-08-05T07:10:00@4141.47;2026-08-05T07:45:00@4132.31;2026-08-05T08:20:00@4142.10;2026-08-05T08:25:00@4138.25;2026-08-05T08:50:00@4172.95,5,2026-08-05T08:55:00,4161.40,2.088965,2026-08-05T12:30:00,4154.33,2026-08-05T13:15:00,4150.19,6,-0.46000000,2026-08-05T20:30:00,2026-08-05T21:25:00,2026-08-05T21:30:00,LINE_PASSED,0
94f91ad7e7af4d65,M5,L3,LONG,HOLDOUT,2026-08-05T05:30:00,4107.78,4101.47,4108.38,2026-08-05T05:30:00@4101.47;2026-08-05T05:55:00@4135.25;2026-08-05T06:00:00@4126.87;2026-08-05T06:15:00@4136.47;2026-08-05T06:50:00@4127.51;2026-08-05T07:10:00@4141.47;2026-08-05T07:45:00@4132.31;2026-08-05T08:20:00@4142.10;2026-08-05T08:25:00@4138.25;2026-08-05T08:50:00@4172.95,5,2026-08-05T08:55:00,4161.40,2.088965,2026-08-05T12:30:00,4154.33,2026-08-05T13:15:00,4150.19,6,-0.46000000,2026-08-05T20:30:00,2026-08-05T21:25:00,2026-08-05T21:30:00,LINE_PASSED,0
4d009f1d308e29aa,M5,L3,LONG,HOLDOUT,2026-08-05T05:35:00,4120.33,4107.70,4122.00,2026-08-05T05:30:00@4101.47;2026-08-05T05:55:00@4135.25;2026-08-05T06:00:00@4126.87;2026-08-05T06:15:00@4136.47;2026-08-05T06:50:00@4127.51;2026-08-05T07:10:00@4141.47;2026-08-05T07:45:00@4132.31;2026-08-05T08:20:00@4142.10;2026-08-05T08:25:00@4138.25;2026-08-05T08:50:00@4172.95,5,2026-08-05T08:55:00,4161.40,2.088965,2026-08-05T12:30:00,4154.33,2026-08-05T13:15:00,4150.19,6,-0.46000000,2026-08-05T17:55:00,2026-08-05T19:20:00,2026-08-05T19:25:00,LINE_PASSED,0
dcbf9bab8a1cbed3,M5,L3,LONG,HOLDOUT,2026-08-05T05:40:00,4128.19,4119.95,4128.74,2026-08-05T05:30:00@4101.47;2026-08-05T05:55:00@4135.25;2026-08-05T06:00:00@4126.87,1,,NA,NA,,NA,,NA,0,NA,,,2026-08-05T06:05:00,STRUCTURE_FAILED,0
120a66cf0bf866b5,M5,L2,LONG,HOLDOUT,2026-08-05T08:30:00,4143.51,4139.61,4146.44,2026-08-05T08:25:00@4138.25;2026-08-05T08:50:00@4172.95;2026-08-05T09:00:00@4160.09;2026-08-05T09:10:00@4174.25;2026-08-05T09:20:00@4161.13;2026-08-05T09:35:00@4178.33;2026-08-05T09:45:00@4172.22;2026-08-05T10:00:00@4179.53,4,2026-08-05T10:10:00,4166.27,2.302748,2026-08-05T12:30:00,4154.33,2026-08-05T13:15:00,4150.19,5,-0.46000000,2026-08-05T14:10:00,2026-08-05T14:50:00,2026-08-05T14:55:00,LINE_PASSED,0
55450829db1a1cee,M5,L3,LONG,HOLDOUT,2026-08-05T14:30:00,4180.69,4174.12,4181.72,2026-08-05T14:25:00@4169.39;2026-08-05T14:40:00@4188.56;2026-08-05T14:45:00@4182.85;2026-08-05T15:20:00@4213.49;2026-08-05T15:30:00@4197.69;2026-08-05T15:35:00@4204.21,2,,NA,NA,,NA,,NA,0,NA,,,2026-08-05T15:40:00,STRUCTURE_FAILED,0
c5a3e1adf060a47b,M5,L1,LONG,HOLDOUT,2026-08-06T02:35:00,4277.91,4265.02,4279.79,2026-08-06T01:05:00@4245.62;2026-08-06T02:40:00@4281.88;2026-08-06T02:45:00@4272.07,1,,NA,NA,,NA,,NA,0,NA,,,2026-08-06T02:50:00,STRUCTURE_FAILED,0
a778304d9b231e67,M5,L3,LONG,HOLDOUT,2026-08-06T02:35:00,4277.91,4265.02,4279.79,2026-08-06T01:05:00@4245.62;2026-08-06T02:40:00@4281.88;2026-08-06T02:45:00@4272.07,1,,NA,NA,,NA,,NA,0,NA,,,2026-08-06T02:50:00,STRUCTURE_FAILED,0
e28679b64892c17b,M5,L2,SHORT,HOLDOUT,2026-08-06T09:50:00,4252.33,4251.04,4255.91,2026-08-06T09:45:00@4258.27;2026-08-06T09:50:00@4251.04;2026-08-06T10:15:00@4265.37,1,,NA,NA,,NA,,NA,0,NA,,,2026-08-06T10:20:00,STRUCTURE_FAILED,0
a809b033d78167d6,M5,L3,SHORT,HOLDOUT,2026-08-06T16:05:00,4231.70,4230.74,4252.76,2026-08-06T16:00:00@4255.74;2026-08-06T16:10:00@4230.49;2026-08-06T16:20:00@4248.20,1,,NA,NA,,NA,,NA,0,NA,,,2026-08-06T16:25:00,STRUCTURE_FAILED,0
637a7ae523c2f883,M5,L3,LONG,HOLDOUT,2026-08-07T02:50:00,4251.80,4248.55,4252.22,2026-08-07T02:40:00@4244.75;2026-08-07T02:55:00@4253.23;2026-08-07T03:00:00@4247.54,1,,NA,NA,,NA,,NA,0,NA,,,2026-08-07T03:05:00,STRUCTURE_FAILED,0
863b2a646a0bbdd0,M5,L3,SHORT,HOLDOUT,2026-08-07T03:45:00,4231.32,4231.32,4236.91,2026-08-07T03:45:00@4236.91;2026-08-07T03:55:00@4229.67;2026-08-07T04:05:00@4246.72,1,,NA,NA,,NA,,NA,0,NA,,,2026-08-07T04:10:00,STRUCTURE_FAILED,0
9d777ddf467144ea,M5,L2,LONG,HOLDOUT,2026-08-07T08:10:00,4269.37,4266.09,4271.27,2026-08-07T08:05:00@4261.93;2026-08-07T08:10:00@4271.27;2026-08-07T08:25:00@4264.69,1,,NA,NA,,NA,,NA,0,NA,,,2026-08-07T08:30:00,STRUCTURE_FAILED,0
b4ae935bae9f15b2,M5,L3,LONG,HOLDOUT,2026-08-07T08:45:00,4276.37,4271.47,4276.98,2026-08-07T08:40:00@4270.54;2026-08-07T09:10:00@4291.33;2026-08-07T09:15:00@4284.03;2026-08-07T09:20:00@4291.36;2026-08-07T09:30:00@4280.10,2,,NA,NA,,NA,,NA,0,NA,,,2026-08-07T09:35:00,STRUCTURE_FAILED,0
356c7c08148d74a1,M5,L3,LONG,HOLDOUT,2026-08-07T09:10:00,4286.69,4281.69,4291.33,2026-08-07T08:40:00@4270.54;2026-08-07T09:10:00@4291.33;2026-08-07T09:15:00@4284.03,1,,NA,NA,,NA,,NA,0,NA,,,2026-08-07T09:20:00,STRUCTURE_FAILED,0
782d1c32f0c8a047,M5,L1,LONG,HOLDOUT,2026-08-07T11:30:00,4314.05,4294.09,4314.84,2026-08-07T11:25:00@4293.27;2026-08-07T11:35:00@4316.63;2026-08-07T11:40:00@4304.44,1,,NA,NA,,NA,,NA,0,NA,,,2026-08-07T11:45:00,STRUCTURE_FAILED,0
2fc90d83744577cd,M5,L3,LONG,HOLDOUT,2026-08-07T11:30:00,4314.05,4294.09,4314.84,2026-08-07T11:25:00@4293.27;2026-08-07T11:35:00@4316.63;2026-08-07T11:40:00@4304.44,1,,NA,NA,,NA,,NA,0,NA,,,2026-08-07T11:45:00,STRUCTURE_FAILED,0
78ba84489db1beb2,M5,L3,SHORT,HOLDOUT,2026-08-10T04:00:00,4327.33,4327.04,4340.82,2026-08-10T03:40:00@4338.23;2026-08-10T04:30:00@4314.00;2026-08-10T04:35:00@4320.28;2026-08-10T04:40:00@4313.44;2026-08-10T05:30:00@4332.44,2,,NA,NA,,NA,,NA,0,NA,,,2026-08-10T05:35:00,STRUCTURE_FAILED,0
8f24a7101b9fe615,M5,L2,LONG,HOLDOUT,2026-08-10T08:50:00,4348.46,4345.26,4352.17,2026-08-10T08:15:00@4332.71;2026-08-10T08:50:00@4352.17;2026-08-10T09:00:00@4341.85,1,,NA,NA,,NA,,NA,0,NA,,,2026-08-10T09:05:00,STRUCTURE_FAILED,0
574bd8c49c045c8a,M5,L3,LONG,HOLDOUT,2026-08-10T09:40:00,4355.18,4347.00,4355.85,2026-08-10T09:20:00@4342.61;2026-08-10T09:55:00@4359.71;2026-08-10T10:10:00@4350.11,1,,NA,NA,,NA,,NA,0,NA,,,2026-08-10T10:15:00,STRUCTURE_FAILED,0
0308d14b71bb91c3,M5,L3,LONG,HOLDOUT,2026-08-10T19:05:00,4363.29,4356.78,4363.41,2026-08-10T19:05:00@4356.78;2026-08-10T19:10:00@4364.70;2026-08-10T19:30:00@4349.30,1,,NA,NA,,NA,,NA,0,NA,,,2026-08-10T19:35:00,STRUCTURE_FAILED,0
be84bd3d73c26eae,M5,L1,LONG,HOLDOUT,2026-08-10T21:30:00,4379.58,4365.14,4380.78,2026-08-10T21:15:00@4361.41;2026-08-10T21:40:00@4382.98;2026-08-10T21:45:00@4373.37,1,,NA,NA,,NA,,NA,0,NA,,,2026-08-10T21:50:00,STRUCTURE_FAILED,0
6a0be632377fb8a3,M5,L3,LONG,HOLDOUT,2026-08-10T21:30:00,4379.58,4365.14,4380.78,2026-08-10T21:15:00@4361.41;2026-08-10T21:40:00@4382.98;2026-08-10T21:45:00@4373.37,1,,NA,NA,,NA,,NA,0,NA,,,2026-08-10T21:50:00,STRUCTURE_FAILED,0
3cde1c4521a7f431,M5,L1,LONG,HOLDOUT,2026-08-11T01:40:00,4395.20,4393.35,4396.04,2026-08-11T01:00:00@4385.11;2026-08-11T02:05:00@4401.89;2026-08-11T02:25:00@4394.61,1,,NA,NA,,NA,,NA,0,NA,,,2026-08-11T02:35:00,STRUCTURE_FAILED,0
ca5438d32e7d48c1,M5,L2,SHORT,HOLDOUT,2026-08-11T08:25:00,4392.40,4390.75,4398.16,2026-08-11T08:00:00@4409.03;2026-08-11T08:30:00@4372.65;2026-08-11T08:35:00@4385.76;2026-08-11T08:55:00@4367.52;2026-08-11T09:05:00@4382.66;2026-08-11T09:30:00@4359.88;2026-08-11T09:40:00@4369.32;2026-08-11T09:55:00@4359.78;2026-08-11T10:00:00@4367.70;2026-08-11T10:20:00@4357.66;2026-08-11T10:25:00@4365.96;2026-08-11T10:55:00@4356.77;2026-08-11T11:05:00@4366.72,6,,NA,NA,,NA,,NA,0,NA,,,2026-08-11T11:15:00,NO_SPIKE,0
e3c1ec7a8bf7973a,M5,L3,SHORT,HOLDOUT,2026-08-11T08:25:00,4392.40,4390.75,4398.16,2026-08-11T08:00:00@4409.03;2026-08-11T08:30:00@4372.65;2026-08-11T08:35:00@4385.76;2026-08-11T08:55:00@4367.52;2026-08-11T09:05:00@4382.66;2026-08-11T09:30:00@4359.88;2026-08-11T09:40:00@4369.32;2026-08-11T09:55:00@4359.78;2026-08-11T10:00:00@4367.70;2026-08-11T10:20:00@4357.66;2026-08-11T10:25:00@4365.96;2026-08-11T10:55:00@4356.77;2026-08-11T11:05:00@4366.72,6,,NA,NA,,NA,,NA,0,NA,,,2026-08-11T11:15:00,NO_SPIKE,0
4fb64ba94278389e,M5,L4,LONG,HOLDOUT,2026-08-11T11:30:00,4371.18,4368.69,4372.43,2026-08-11T11:20:00@4359.09;2026-08-11T11:50:00@4376.65;2026-08-11T12:00:00@4367.55,1,,NA,NA,,NA,,NA,0,NA,,,2026-08-11T12:05:00,STRUCTURE_FAILED,0
a938ef26fc3bdbbc,M5,L4,LONG,HOLDOUT,2026-08-11T13:20:00,4377.73,4372.41,4378.02,2026-08-11T12:30:00@4370.19;2026-08-11T13:25:00@4381.89;2026-08-11T13:40:00@4376.93,1,,NA,NA,,NA,,NA,0,NA,,,2026-08-11T13:45:00,STRUCTURE_FAILED,0
9cba5d7c35094a81,M5,L3,LONG,HOLDOUT,2026-08-12T05:40:00,4405.55,4399.31,4408.24,2026-08-12T05:35:00@4397.63;2026-08-12T05:50:00@4414.52;2026-08-12T06:05:00@4408.61;2026-08-12T06:10:00@4414.57;2026-08-12T07:15:00@4395.38,2,,NA,NA,,NA,,NA,0,NA,,,2026-08-12T07:25:00,STRUCTURE_FAILED,0
4128084fa3ced394,M5,L2,LONG,HOLDOUT,2026-08-12T12:20:00,4423.68,4413.37,4424.44,2026-08-12T11:55:00@4401.70;2026-08-12T12:20:00@4424.44;2026-08-12T12:30:00@4411.92,1,,NA,NA,,NA,,NA,0,NA,,,2026-08-12T12:35:00,STRUCTURE_FAILED,0
edfaa3c649bd7388,M5,L3,LONG,HOLDOUT,2026-08-12T12:20:00,4423.68,4413.37,4424.44,2026-08-12T11:55:00@4401.70;2026-08-12T12:20:00@4424.44;2026-08-12T12:30:00@4411.92,1,,NA,NA,,NA,,NA,0,NA,,,2026-08-12T12:35:00,STRUCTURE_FAILED,0
bedacb9187bff5c6,M5,L3,LONG,HOLDOUT,2026-08-12T15:25:00,4425.24,4404.72,4425.24,,0,,NA,NA,,NA,,NA,0,NA,,,2026-08-12T15:35:00,NO_LEG1,0
2b35654b4af5dfb3,M5,L1,LONG,HOLDOUT,2026-08-12T15:55:00,4437.51,4426.60,4438.30,2026-08-12T15:45:00@4416.58;2026-08-12T16:00:00@4441.41;2026-08-12T16:40:00@4408.48,1,,NA,NA,,NA,,NA,0,NA,,,2026-08-12T16:45:00,STRUCTURE_FAILED,0
d0fc5600c9c13d04,M5,L3,LONG,HOLDOUT,2026-08-12T15:55:00,4437.51,4426.60,4438.30,2026-08-12T15:45:00@4416.58;2026-08-12T16:00:00@4441.41;2026-08-12T16:40:00@4408.48,1,,NA,NA,,NA,,NA,0,NA,,,2026-08-12T16:45:00,STRUCTURE_FAILED,0
1c546dfaf152b77a,M5,L3,LONG,HOLDOUT,2026-08-13T03:05:00,4420.99,4415.24,4422.29,2026-08-13T02:40:00@4407.26;2026-08-13T03:05:00@4422.29;2026-08-13T03:10:00@4418.61,1,,NA,NA,,NA,,NA,0,NA,,,2026-08-13T03:15:00,STRUCTURE_FAILED,0
0a1c3811d969e3f9,M5,L1,LONG,HOLDOUT,2026-08-13T03:30:00,4444.39,4424.35,4449.75,2026-08-13T03:30:00@4424.35;2026-08-13T03:35:00@4445.37;2026-08-13T04:00:00@4422.70,1,,NA,NA,,NA,,NA,0,NA,,,2026-08-13T04:05:00,STRUCTURE_FAILED,0
a5c44532bd435b06,M5,L3,LONG,HOLDOUT,2026-08-13T03:30:00,4444.39,4424.35,4449.75,2026-08-13T03:30:00@4424.35;2026-08-13T03:35:00@4445.37;2026-08-13T04:00:00@4422.70,1,,NA,NA,,NA,,NA,0,NA,,,2026-08-13T04:05:00,STRUCTURE_FAILED,0
ef0f792c9850d3e6,M5,L3,SHORT,HOLDOUT,2026-08-13T07:00:00,4396.08,4394.70,4400.41,2026-08-13T06:30:00@4410.47;2026-08-13T07:10:00@4391.63;2026-08-13T07:30:00@4399.51,1,,NA,NA,,NA,,NA,0,NA,,,2026-08-13T07:40:00,STRUCTURE_FAILED,0
ff10a4b1e117bb3b,M5,L2,SHORT,HOLDOUT,2026-08-13T08:40:00,4387.66,4386.39,4400.86,2026-08-13T08:40:00@4400.86;2026-08-13T08:45:00@4383.13;2026-08-13T08:50:00@4389.29,1,,NA,NA,,NA,,NA,0,NA,,,2026-08-13T08:55:00,STRUCTURE_FAILED,0
381022496b1b4f3d,M5,L3,SHORT,HOLDOUT,2026-08-13T08:55:00,4382.98,4380.54,4386.14,2026-08-13T08:50:00@4389.29;2026-08-13T09:35:00@4368.85;2026-08-13T10:00:00@4381.67,1,,NA,NA,,NA,,NA,0,NA,,,2026-08-13T10:10:00,STRUCTURE_FAILED,0
a81d6d011c883e65,M5,L3,SHORT,HOLDOUT,2026-08-13T09:00:00,4378.15,4376.32,4385.54,2026-08-13T08:50:00@4389.29;2026-08-13T09:35:00@4368.85;2026-08-13T10:00:00@4381.67,1,,NA,NA,,NA,,NA,0,NA,,,2026-08-13T10:10:00,STRUCTURE_FAILED,0
ca2c295d475a6e8a,M5,L1,SHORT,HOLDOUT,2026-08-13T18:30:00,4360.52,4357.57,4365.31,2026-08-13T18:25:00@4373.97;2026-08-13T18:30:00@4357.57;2026-08-13T18:40:00@4371.55,1,,NA,NA,,NA,,NA,0,NA,,,2026-08-13T18:55:00,STRUCTURE_FAILED,0
ad601606fc5a6674,M5,L3,SHORT,HOLDOUT,2026-08-13T18:30:00,4360.52,4357.57,4365.31,2026-08-13T18:25:00@4373.97;2026-08-13T18:30:00@4357.57;2026-08-13T18:40:00@4371.55,1,,NA,NA,,NA,,NA,0,NA,,,2026-08-13T18:55:00,STRUCTURE_FAILED,0
6a24e0b958cdd466,M5,L3,SHORT,HOLDOUT,2026-08-13T19:05:00,4358.73,4358.52,4363.54,2026-08-13T18:40:00@4371.55;2026-08-13T19:20:00@4351.25;2026-08-13T20:10:00@4373.34,1,,NA,NA,,NA,,NA,0,NA,,,2026-08-13T20:15:00,STRUCTURE_FAILED,0
d77ae90ec946b6d5,M5,L3,SHORT,HOLDOUT,2026-08-13T19:10:00,4355.16,4354.01,4360.16,2026-08-13T18:40:00@4371.55;2026-08-13T19:20:00@4351.25;2026-08-13T20:10:00@4373.34,1,,NA,NA,,NA,,NA,0,NA,,,2026-08-13T20:15:00,STRUCTURE_FAILED,0
cfc5637b89a4d01f,M5,L3,SHORT,HOLDOUT,2026-08-13T22:10:00,4346.81,4346.19,4353.72,2026-08-13T22:00:00@4358.90;2026-08-13T22:15:00@4343.56;2026-08-13T22:35:00@4354.17,1,,NA,NA,,NA,,NA,0,NA,,,2026-08-13T22:45:00,STRUCTURE_FAILED,0
e83e5479bebf2abf,M5,L1,SHORT,HOLDOUT,2026-08-14T03:25:00,4339.43,4339.43,4347.35,2026-08-14T02:45:00@4364.12;2026-08-14T03:45:00@4329.44;2026-08-14T03:55:00@4342.12,1,,NA,NA,,NA,,NA,0,NA,,,2026-08-14T04:00:00,STRUCTURE_FAILED,0
fcb58e659a2dbdbc,M5,L3,SHORT,HOLDOUT,2026-08-14T03:25:00,4339.43,4339.43,4347.35,2026-08-14T02:45:00@4364.12;2026-08-14T03:45:00@4329.44;2026-08-14T03:55:00@4342.12,1,,NA,NA,,NA,,NA,0,NA,,,2026-08-14T04:00:00,STRUCTURE_FAILED,0
f9855157923af23c,M5,L3,SHORT,HOLDOUT,2026-08-14T04:30:00,4313.56,4313.36,4319.70,2026-08-14T03:55:00@4342.12;2026-08-14T04:35:00@4312.99;2026-08-14T04:45:00@4323.29,1,,NA,NA,,NA,,NA,0,NA,,,2026-08-14T04:50:00,STRUCTURE_FAILED,0
6e9fc1b31201f0f9,M5,L3,SHORT,HOLDOUT,2026-08-14T05:10:00,4312.43,4310.87,4317.55,2026-08-14T05:00:00@4322.76;2026-08-14T05:10:00@4310.87;2026-08-14T05:35:00@4322.70,1,,NA,NA,,NA,,NA,0,NA,,,2026-08-14T05:45:00,STRUCTURE_FAILED,0
29d74b612ee880fe,M5,L4,LONG,HOLDOUT,2026-08-14T06:20:00,4325.18,4322.41,4326.07,2026-08-14T05:55:00@4312.72;2026-08-14T06:35:00@4328.16;2026-08-14T07:00:00@4322.74,1,,NA,NA,,NA,,NA,0,NA,,,2026-08-14T07:10:00,STRUCTURE_FAILED,0
d243ef2a437a6bc3,M5,L4,SHORT,HOLDOUT,2026-08-14T08:05:00,4320.04,4320.04,4325.60,2026-08-14T08:00:00@4327.05;2026-08-14T08:30:00@4311.04;2026-08-14T08:35:00@4324.92,1,,NA,NA,,NA,,NA,0,NA,,,2026-08-14T08:40:00,STRUCTURE_FAILED,0
d3fe07a907542142,M5,L2,LONG,HOLDOUT,2026-08-14T14:40:00,4362.43,4361.48,4363.49,2026-08-14T13:55:00@4348.00;2026-08-14T15:05:00@4376.88;2026-08-14T15:10:00@4365.73;2026-08-14T15:30:00@4386.93;2026-08-14T15:45:00@4370.95;2026-08-14T15:50:00@4377.87,2,,NA,NA,,NA,,NA,0,NA,,,2026-08-14T15:55:00,STRUCTURE_FAILED,0
4b8e95564679a24f,M5,L3,LONG,HOLDOUT,2026-08-14T14:50:00,4367.08,4361.76,4368.20,2026-08-14T13:55:00@4348.00;2026-08-14T15:05:00@4376.88;2026-08-14T15:10:00@4365.73,1,,NA,NA,,NA,,NA,0,NA,,,2026-08-14T15:15:00,STRUCTURE_FAILED,0
dc0398b32dd12aab,M5,L4,SHORT,HOLDOUT,2026-08-14T21:45:00,4374.09,4370.82,4376.85,2026-08-14T21:40:00@4382.71;2026-08-14T21:45:00@4370.82;2026-08-14T22:35:00@4378.17,1,,NA,NA,,NA,,NA,0,NA,,,2026-08-14T22:45:00,STRUCTURE_FAILED,0
520cf2bc13f3186c,M5,L3,SHORT,HOLDOUT,2026-08-17T02:35:00,4370.40,4367.12,4371.77,2026-08-17T01:55:00@4386.86;2026-08-17T02:35:00@4367.12;2026-08-17T02:45:00@4373.81,1,,NA,NA,,NA,,NA,0,NA,,,2026-08-17T02:55:00,STRUCTURE_FAILED,0
08a67b608a3700d5,M5,L1,LONG,HOLDOUT,2026-08-17T03:50:00,4397.96,4394.40,4398.57,2026-08-17T03:40:00@4387.58;2026-08-17T04:10:00@4411.76;2026-08-17T04:15:00@4406.26;2026-08-17T04:20:00@4416.46;2026-08-17T04:50:00@4392.07,2,,NA,NA,,NA,,NA,0,NA,,,2026-08-17T05:00:00,STRUCTURE_FAILED,0
b831677e639f8da8,M5,L3,LONG,HOLDOUT,2026-08-17T03:50:00,4397.96,4394.40,4398.57,2026-08-17T03:40:00@4387.58;2026-08-17T04:10:00@4411.76;2026-08-17T04:15:00@4406.26;2026-08-17T04:20:00@4416.46;2026-08-17T04:50:00@4392.07,2,,NA,NA,,NA,,NA,0,NA,,,2026-08-17T05:00:00,STRUCTURE_FAILED,0
37091d5b5589f518,M5,L3,LONG,HOLDOUT,2026-08-17T04:00:00,4407.68,4399.09,4409.13,2026-08-17T03:40:00@4387.58;2026-08-17T04:10:00@4411.76;2026-08-17T04:15:00@4406.26,1,,NA,NA,,NA,,NA,0,NA,,,2026-08-17T04:20:00,STRUCTURE_FAILED,0
d1abf13c234da3b6,M5,L3,SHORT,HOLDOUT,2026-08-17T15:25:00,4385.83,4382.26,4393.67,2026-08-17T15:20:00@4398.77;2026-08-17T15:25:00@4382.26;2026-08-17T15:30:00@4390.29,1,,NA,NA,,NA,,NA,0,NA,,,2026-08-17T15:35:00,STRUCTURE_FAILED,0
12e7ceac970c9a05,M5,L3,LONG,HOLDOUT,2026-08-17T16:55:00,4408.80,4401.53,4416.23,2026-08-17T16:45:00@4384.60;2026-08-17T16:55:00@4416.23;2026-08-17T17:10:00@4403.84,1,,NA,NA,,NA,,NA,0,NA,,,2026-08-17T17:15:00,STRUCTURE_FAILED,0
4d10be736b641aba,M5,L3,LONG,HOLDOUT,2026-08-17T17:10:00,4412.42,4403.84,4412.87,2026-08-17T17:10:00@4403.84;2026-08-17T17:20:00@4427.64;2026-08-17T17:25:00@4415.82;2026-08-17T17:30:00@4424.72,1,,NA,NA,,NA,,NA,0,NA,,,2026-08-17T17:35:00,STRUCTURE_FAILED,0
9e310c185599590a,M5,L2,LONG,HOLDOUT,2026-08-17T17:15:00,4418.42,4411.89,4420.88,2026-08-17T17:10:00@4403.84;2026-08-17T17:20:00@4427.64;2026-08-17T17:25:00@4415.82,1,,NA,NA,,NA,,NA,0,NA,,,2026-08-17T17:30:00,STRUCTURE_FAILED,0
98be3012b173acb6,M5,L3,LONG,HOLDOUT,2026-08-17T17:15:00,4418.42,4411.89,4420.88,2026-08-17T17:10:00@4403.84;2026-08-17T17:20:00@4427.64;2026-08-17T17:25:00@4415.82,1,,NA,NA,,NA,,NA,0,NA,,,2026-08-17T17:30:00,STRUCTURE_FAILED,0
1e8fe39fd8e7afd3,M5,L1,LONG,HOLDOUT,2026-08-18T03:25:00,4431.39,4425.21,4431.56,2026-08-18T03:10:00@4419.00;2026-08-18T03:35:00@4433.50;2026-08-18T03:45:00@4428.53,1,,NA,NA,,NA,,NA,0,NA,,,2026-08-18T03:55:00,STRUCTURE_FAILED,0
d97c0b5efc9b523f,M5,L3,LONG,HOLDOUT,2026-08-18T03:25:00,4431.39,4425.21,4431.56,2026-08-18T03:10:00@4419.00;2026-08-18T03:35:00@4433.50;2026-08-18T03:45:00@4428.53,1,,NA,NA,,NA,,NA,0,NA,,,2026-08-18T03:55:00,STRUCTURE_FAILED,0
1ee9662b5707980f,M5,L3,SHORT,HOLDOUT,2026-08-18T05:30:00,4396.30,4395.92,4402.80,2026-08-18T05:15:00@4405.51;2026-08-18T05:40:00@4394.18;2026-08-18T06:00:00@4404.17,1,,NA,NA,,NA,,NA,0,NA,,,2026-08-18T06:05:00,STRUCTURE_FAILED,0
bc08bd048f74d54b,M5,L2,SHORT,HOLDOUT,2026-08-18T08:30:00,4386.90,4386.02,4391.61,2026-08-18T08:25:00@4396.06;2026-08-18T08:30:00@4386.02;2026-08-18T08:50:00@4397.61,1,,NA,NA,,NA,,NA,0,NA,,,2026-08-18T08:55:00,STRUCTURE_FAILED,0
919ba0b23d84ad45,M5,L4,SHORT,HOLDOUT,2026-08-18T08:30:00,4386.90,4386.02,4391.61,2026-08-18T08:25:00@4396.06;2026-08-18T08:30:00@4386.02;2026-08-18T08:50:00@4397.61,1,,NA,NA,,NA,,NA,0,NA,,,2026-08-18T08:55:00,STRUCTURE_FAILED,0
bb58ea30206b24ba,M5,L3,LONG,HOLDOUT,2026-08-18T17:00:00,4404.22,4393.36,4406.48,2026-08-18T16:50:00@4389.47;2026-08-18T17:00:00@4406.48;2026-08-18T17:10:00@4391.17,1,,NA,NA,,NA,,NA,0,NA,,,2026-08-18T17:15:00,STRUCTURE_FAILED,0
1746e285dc99896a,M5,L3,SHORT,HOLDOUT,2026-08-18T17:35:00,4382.84,4382.05,4390.13,2026-08-18T17:15:00@4405.09;2026-08-18T17:40:00@4377.72;2026-08-18T17:50:00@4388.95,1,,NA,NA,,NA,,NA,0,NA,,,2026-08-18T17:55:00,STRUCTURE_FAILED,0
9f35febef3d0fa9f,M5,L1,SHORT,HOLDOUT,2026-08-18T17:55:00,4366.53,4363.65,4383.04,2026-08-18T17:50:00@4388.95;2026-08-18T17:55:00@4363.65;2026-08-18T18:05:00@4377.88,1,,NA,NA,,NA,,NA,0,NA,,,2026-08-18T18:10:00,STRUCTURE_FAILED,0
0d4b6821a7c0b8be,M5,L3,SHORT,HOLDOUT,2026-08-18T17:55:00,4366.53,4363.65,4383.04,2026-08-18T17:50:00@4388.95;2026-08-18T17:55:00@4363.65;2026-08-18T18:05:00@4377.88,1,,NA,NA,,NA,,NA,0,NA,,,2026-08-18T18:10:00,STRUCTURE_FAILED,0
df4d02a828e8afd9,M5,L4,SHORT,HOLDOUT,2026-08-18T20:40:00,4358.67,4358.65,4365.10,2026-08-18T19:55:00@4368.65;2026-08-18T21:00:00@4352.69;2026-08-18T21:25:00@4360.93,1,,NA,NA,,NA,,NA,0,NA,,,2026-08-18T21:40:00,STRUCTURE_FAILED,0
33ca295ef70e0504,M5,L3,SHORT,HOLDOUT,2026-08-18T22:40:00,4349.78,4349.61,4357.63,2026-08-18T22:40:00@4357.63;2026-08-18T22:55:00@4338.20;2026-08-18T23:00:00@4346.50;2026-08-18T23:20:00@4333.45;2026-08-18T23:30:00@4339.53;2026-08-18T23:45:00@4329.07,3,2026-08-19T01:00:00,4341.88,3.014309,2026-08-19T02:20:00,4337.32,2026-08-19T03:15:00,4346.38,2,0.82363636,2026-08-19T03:30:00,2026-08-19T03:45:00,2026-08-19T03:50:00,LINE_PASSED,0
9be183e6ea0a82b9,M5,L4,SHORT,HOLDOUT,2026-08-18T22:40:00,4349.78,4349.61,4357.63,2026-08-18T22:40:00@4357.63;2026-08-18T22:55:00@4338.20;2026-08-18T23:00:00@4346.50;2026-08-18T23:20:00@4333.45;2026-08-18T23:30:00@4339.53;2026-08-18T23:45:00@4329.07,3,2026-08-19T01:00:00,4341.88,3.014309,2026-08-19T02:20:00,4337.32,2026-08-19T03:15:00,4346.38,2,0.82363636,2026-08-19T03:30:00,2026-08-19T03:45:00,2026-08-19T03:50:00,LINE_PASSED,0
e8bb61b3d2495d06,M5,L1,SHORT,HOLDOUT,2026-08-19T02:35:00,4328.87,4327.17,4331.79,,0,,NA,NA,,NA,,NA,0,NA,,,2026-08-19T03:20:00,NO_LEG1,0
35cdaf6efac0e786,M5,L2,LONG,HOLDOUT,2026-08-19T11:40:00,4362.61,4359.44,4363.08,2026-08-19T11:35:00@4356.52;2026-08-19T11:45:00@4363.19;2026-08-19T11:55:00@4354.84,1,,NA,NA,,NA,,NA,0,NA,,,2026-08-19T12:00:00,STRUCTURE_FAILED,0
beff13ff70a8c442,M5,L3,LONG,HOLDOUT,2026-08-19T11:40:00,4362.61,4359.44,4363.08,2026-08-19T11:35:00@4356.52;2026-08-19T11:45:00@4363.19;2026-08-19T11:55:00@4354.84,1,,NA,NA,,NA,,NA,0,NA,,,2026-08-19T12:00:00,STRUCTURE_FAILED,0
0acec40f0b087eb5,M5,L3,LONG,HOLDOUT,2026-08-19T13:10:00,4363.74,4360.87,4364.25,2026-08-19T13:05:00@4359.58;2026-08-19T13:45:00@4369.50;2026-08-19T13:55:00@4366.26;2026-08-19T14:15:00@4374.11;2026-08-19T14:20:00@4368.84;2026-08-19T14:25:00@4373.37,2,,NA,NA,,NA,,NA,0,NA,,,2026-08-19T14:30:00,STRUCTURE_FAILED,0
24a88c7f177bfdfb,M5,L3,LONG,HOLDOUT,2026-08-19T15:35:00,4412.65,4382.86,4416.74,2026-08-19T15:25:00@4367.78;2026-08-19T15:55:00@4442.34;2026-08-19T16:05:00@4424.31;2026-08-19T16:30:00@4466.25;2026-08-19T16:35:00@4442.30;2026-08-19T16:40:00@4464.55,2,,NA,NA,,NA,,NA,0,NA,,,2026-08-19T16:45:00,STRUCTURE_FAILED,0
93172f725b45178c,M5,L1,LONG,HOLDOUT,2026-08-19T15:55:00,4438.83,4426.41,4442.34,2026-08-19T15:25:00@4367.78;2026-08-19T15:55:00@4442.34;2026-08-19T16:05:00@4424.31,1,,NA,NA,,NA,,NA,0,NA,,,2026-08-19T16:10:00,STRUCTURE_FAILED,0
9f56cefd3e26e9b9,M5,L3,LONG,HOLDOUT,2026-08-19T15:55:00,4438.83,4426.41,4442.34,2026-08-19T15:25:00@4367.78;2026-08-19T15:55:00@4442.34;2026-08-19T16:05:00@4424.31,1,,NA,NA,,NA,,NA,0,NA,,,2026-08-19T16:10:00,STRUCTURE_FAILED,0
2d003ab969cb1406,M5,L3,LONG,HOLDOUT,2026-08-19T16:10:00,4456.27,4441.34,4460.91,2026-08-19T16:05:00@4424.31;2026-08-19T16:30:00@4466.25;2026-08-19T16:35:00@4442.30,1,,NA,NA,,NA,,NA,0,NA,,,2026-08-19T16:40:00,STRUCTURE_FAILED,0
e2ec9d085f9ea52f,M5,L3,LONG,HOLDOUT,2026-08-19T22:05:00,4505.12,4495.28,4505.84,2026-08-19T21:30:00@4472.10;2026-08-19T22:30:00@4510.67;2026-08-19T22:40:00@4502.07,1,,NA,NA,,NA,,NA,0,NA,,,2026-08-19T22:45:00,STRUCTURE_FAILED,0
303a10d76525741b,M5,L2,SHORT,HOLDOUT,2026-08-20T08:25:00,4483.18,4482.92,4486.37,2026-08-20T08:05:00@4494.01;2026-08-20T08:35:00@4477.92;2026-08-20T08:40:00@4482.33;2026-08-20T08:55:00@4477.88;2026-08-20T09:15:00@4495.93,2,,NA,NA,,NA,,NA,0,NA,,,2026-08-20T09:40:00,STRUCTURE_FAILED,0
87e133b02c30826d,M5,L3,SHORT,HOLDOUT,2026-08-20T08:25:00,4483.18,4482.92,4486.37,2026-08-20T08:05:00@4494.01;2026-08-20T08:35:00@4477.92;2026-08-20T08:40:00@4482.33;2026-08-20T08:55:00@4477.88;2026-08-20T09:15:00@4495.93,2,,NA,NA,,NA,,NA,0,NA,,,2026-08-20T09:40:00,STRUCTURE_FAILED,0
1de7a96e25a5c3a8,M5,L3,SHORT,HOLDOUT,2026-08-20T14:40:00,4474.73,4474.27,4482.55,2026-08-20T14:25:00@4489.81;2026-08-20T14:45:00@4465.74;2026-08-20T14:50:00@4472.94;2026-08-20T15:05:00@4450.66;2026-08-20T15:20:00@4467.85;2026-08-20T15:30:00@4451.12,2,,NA,NA,,NA,,NA,0,NA,,,2026-08-20T15:35:00,STRUCTURE_FAILED,0
19a385859c29fa68,M5,L3,SHORT,HOLDOUT,2026-08-20T14:45:00,4471.17,4465.74,4475.73,2026-08-20T14:25:00@4489.81;2026-08-20T14:45:00@4465.74;2026-08-20T14:50:00@4472.94,1,,NA,NA,,NA,,NA,0,NA,,,2026-08-20T14:55:00,STRUCTURE_FAILED,0
74a0b30610c7656b,M5,L3,LONG,HOLDOUT,2026-08-20T17:40:00,4499.26,4493.72,4501.22,2026-08-20T17:05:00@4480.84;2026-08-20T18:00:00@4536.70;2026-08-20T18:10:00@4521.53;2026-08-20T18:20:00@4540.90;2026-08-20T18:40:00@4509.56,2,,NA,NA,,NA,,NA,0,NA,,,2026-08-20T18:45:00,STRUCTURE_FAILED,0
d4f76568c359c26a,M5,L1,LONG,HOLDOUT,2026-08-20T18:00:00,4535.75,4515.06,4536.70,2026-08-20T17:05:00@4480.84;2026-08-20T18:00:00@4536.70;2026-08-20T18:10:00@4521.53,1,,NA,NA,,NA,,NA,0,NA,,,2026-08-20T18:15:00,STRUCTURE_FAILED,0
126a56a449b88c98,M5,L2,LONG,HOLDOUT,2026-08-20T18:00:00,4535.75,4515.06,4536.70,2026-08-20T17:05:00@4480.84;2026-08-20T18:00:00@4536.70;2026-08-20T18:10:00@4521.53,1,,NA,NA,,NA,,NA,0,NA,,,2026-08-20T18:15:00,STRUCTURE_FAILED,0
4eda35a257dd3835,M5,L3,LONG,HOLDOUT,2026-08-20T18:00:00,4535.75,4515.06,4536.70,2026-08-20T17:05:00@4480.84;2026-08-20T18:00:00@4536.70;2026-08-20T18:10:00@4521.53,1,,NA,NA,,NA,,NA,0,NA,,,2026-08-20T18:15:00,STRUCTURE_FAILED,0
4aa5bee18109fc52,M5,L3,LONG,HOLDOUT,2026-08-21T04:30:00,4537.27,4528.45,4538.89,2026-08-21T04:00:00@4508.69;2026-08-21T04:35:00@4543.84;2026-08-21T04:40:00@4523.71,1,,NA,NA,,NA,,NA,0,NA,,,2026-08-21T04:45:00,STRUCTURE_FAILED,0
fd3b5294305f50a5,M5,L1,LONG,HOLDOUT,2026-08-21T07:15:00,4541.29,4537.45,4541.29,2026-08-21T06:40:00@4526.74;2026-08-21T07:30:00@4547.91;2026-08-21T08:30:00@4529.17,1,,NA,NA,,NA,,NA,0,NA,,,2026-08-21T08:35:00,STRUCTURE_FAILED,0
a587031352b0cf1f,M5,L3,LONG,HOLDOUT,2026-08-21T07:15:00,4541.29,4537.45,4541.29,2026-08-21T06:40:00@4526.74;2026-08-21T07:30:00@4547.91;2026-08-21T08:30:00@4529.17,1,,NA,NA,,NA,,NA,0,NA,,,2026-08-21T08:35:00,STRUCTURE_FAILED,0
44bdce724fb71b47,M5,L3,LONG,HOLDOUT,2026-08-21T07:25:00,4546.79,4542.63,4547.26,2026-08-21T06:40:00@4526.74;2026-08-21T07:30:00@4547.91;2026-08-21T08:30:00@4529.17,1,,NA,NA,,NA,,NA,0,NA,,,2026-08-21T08:35:00,STRUCTURE_FAILED,0
851bfe4cb0c960ee,M5,L2,LONG,HOLDOUT,2026-08-21T08:50:00,4547.92,4543.24,4549.14,2026-08-21T08:30:00@4529.17;2026-08-21T08:55:00@4556.28;2026-08-21T09:10:00@4545.52,1,,NA,NA,,NA,,NA,0,NA,,,2026-08-21T09:15:00,STRUCTURE_FAILED,0
69ed56d365beef48,M5,L4,LONG,HOLDOUT,2026-08-21T11:15:00,4572.66,4563.94,4573.43,2026-08-21T11:05:00@4559.18;2026-08-21T12:15:00@4602.03;2026-08-21T12:35:00@4580.79;2026-08-21T12:40:00@4586.79,1,,NA,NA,,NA,,NA,0,NA,,,2026-08-21T12:45:00,STRUCTURE_FAILED,0
72883a0414e0e647,M5,L3,LONG,HOLDOUT,2026-08-21T18:30:00,4606.07,4599.62,4606.13,2026-08-21T18:30:00@4599.62;2026-08-21T19:00:00@4617.73;2026-08-21T19:05:00@4609.14;2026-08-21T19:20:00@4620.91;2026-08-21T19:25:00@4610.56;2026-08-21T20:05:00@4632.21,3,2026-08-21T20:20:00,4615.25,3.067656,2026-08-21T23:00:00,4614.90,2026-08-24T01:40:00,4606.90,4,-0.40000000,,,2026-08-24T02:20:00,LINE_PASSED,0
7d6c8523af739129,M5,L1,LONG,HOLDOUT,2026-08-24T03:05:00,4635.02,4626.98,4639.12,2026-08-24T02:40:00@4607.58;2026-08-24T03:10:00@4640.92;2026-08-24T03:25:00@4594.47,1,,NA,NA,,NA,,NA,0,NA,,,2026-08-24T03:30:00,STRUCTURE_FAILED,0
c0c88388ef33c4e8,M5,L3,LONG,HOLDOUT,2026-08-24T03:05:00,4635.02,4626.98,4639.12,2026-08-24T02:40:00@4607.58;2026-08-24T03:10:00@4640.92;2026-08-24T03:25:00@4594.47,1,,NA,NA,,NA,,NA,0,NA,,,2026-08-24T03:30:00,STRUCTURE_FAILED,0
7fc4f7b66d518361,M5,L3,SHORT,HOLDOUT,2026-08-24T03:35:00,4601.34,4601.19,4608.77,2026-08-24T03:30:00@4608.78;2026-08-24T03:35:00@4601.19;2026-08-24T04:00:00@4635.19,1,,NA,NA,,NA,,NA,0,NA,,,2026-08-24T04:05:00,STRUCTURE_FAILED,0
33282de2e7c3c980,M5,L3,SHORT,HOLDOUT,2026-08-24T11:25:00,4629.42,4629.42,4639.82,2026-08-24T11:25:00@4639.82;2026-08-24T11:30:00@4628.81;2026-08-24T11:40:00@4646.14,1,,NA,NA,,NA,,NA,0,NA,,,2026-08-24T11:55:00,STRUCTURE_FAILED,0
fde9ca1625a7e2f3,M5,L4,LONG,HOLDOUT,2026-08-24T14:30:00,4652.10,4643.50,4652.27,2026-08-24T14:10:00@4639.09;2026-08-24T14:35:00@4670.13;2026-08-24T14:45:00@4648.25,1,,NA,NA,,NA,,NA,0,NA,,,2026-08-24T14:50:00,STRUCTURE_FAILED,0
984df1b58e49ae06,M5,L2,LONG,HOLDOUT,2026-08-24T14:35:00,4660.56,4650.76,4670.13,2026-08-24T14:10:00@4639.09;2026-08-24T14:35:00@4670.13;2026-08-24T14:45:00@4648.25,1,,NA,NA,,NA,,NA,0,NA,,,2026-08-24T14:50:00,STRUCTURE_FAILED,0
23eae26b3164cf4d,M5,L3,LONG,HOLDOUT,2026-08-24T14:35:00,4660.56,4650.76,4670.13,2026-08-24T14:10:00@4639.09;2026-08-24T14:35:00@4670.13;2026-08-24T14:45:00@4648.25,1,,NA,NA,,NA,,NA,0,NA,,,2026-08-24T14:50:00,STRUCTURE_FAILED,0
1bfc04db255355c9,M5,L3,SHORT,HOLDOUT,2026-08-24T21:15:00,4628.29,4627.58,4634.32,,0,,NA,NA,,NA,,NA,0,NA,,,2026-08-24T21:30:00,NO_LEG1,0
2969679285b2eacf,M5,L1,LONG,HOLDOUT,2026-08-25T03:05:00,4681.68,4675.44,4687.46,2026-08-25T03:05:00@4675.44;2026-08-25T03:10:00@4691.71;2026-08-25T03:25:00@4676.66,1,,NA,NA,,NA,,NA,0,NA,,,2026-08-25T03:30:00,STRUCTURE_FAILED,0
0b9ac635b3fbd6df,M5,L3,LONG,HOLDOUT,2026-08-25T03:05:00,4681.68,4675.44,4687.46,2026-08-25T03:05:00@4675.44;2026-08-25T03:10:00@4691.71;2026-08-25T03:25:00@4676.66,1,,NA,NA,,NA,,NA,0,NA,,,2026-08-25T03:30:00,STRUCTURE_FAILED,0
2335ea9dd6902f5b,M5,L3,SHORT,HOLDOUT,2026-08-25T06:00:00,4623.92,4622.25,4631.51,,0,,NA,NA,,NA,,NA,0,NA,,,2026-08-25T06:45:00,NO_LEG1,0
dee17d1781e84eb2,M5,L2,SHORT,HOLDOUT,2026-08-25T16:20:00,4614.51,4612.79,4626.25,2026-08-25T15:50:00@4644.24;2026-08-25T16:25:00@4608.81;2026-08-25T16:30:00@4623.53,1,,NA,NA,,NA,,NA,0,NA,,,2026-08-25T16:35:00,STRUCTURE_FAILED,0
b6ca82ceade3e599,M5,L3,SHORT,HOLDOUT,2026-08-25T16:20:00,4614.51,4612.79,4626.25,2026-08-25T15:50:00@4644.24;2026-08-25T16:25:00@4608.81;2026-08-25T16:30:00@4623.53,1,,NA,NA,,NA,,NA,0,NA,,,2026-08-25T16:35:00,STRUCTURE_FAILED,0
aceb4f47c5e5ae0e,M5,L3,LONG,HOLDOUT,2026-08-25T18:30:00,4648.84,4639.80,4651.21,2026-08-25T18:25:00@4637.04;2026-08-25T18:40:00@4659.51;2026-08-25T19:35:00@4637.08,1,,NA,NA,,NA,,NA,0,NA,,,2026-08-25T19:40:00,STRUCTURE_FAILED,0
57719a955538af4e,M5,L3,LONG,HOLDOUT,2026-08-25T18:35:00,4655.94,4648.17,4658.41,2026-08-25T18:25:00@4637.04;2026-08-25T18:40:00@4659.51;2026-08-25T19:35:00@4637.08,1,,NA,NA,,NA,,NA,0,NA,,,2026-08-25T19:40:00,STRUCTURE_FAILED,0
e69808d950838597,M5,L3,LONG,HOLDOUT,2026-08-25T22:10:00,4662.17,4658.87,4663.15,2026-08-25T21:35:00@4645.88;2026-08-25T22:15:00@4668.23;2026-08-25T22:35:00@4657.88,1,,NA,NA,,NA,,NA,0,NA,,,2026-08-25T22:40:00,STRUCTURE_FAILED,0
22a84c99fcc805f4,M5,L2,SHORT,HOLDOUT,2026-08-26T09:20:00,4627.02,4625.98,4634.61,2026-08-26T09:00:00@4641.46;2026-08-26T09:25:00@4624.67;2026-08-26T09:45:00@4636.76,1,,NA,NA,,NA,,NA,0,NA,,,2026-08-26T09:50:00,STRUCTURE_FAILED,0
fc26b0189d02df3b,M5,L3,SHORT,HOLDOUT,2026-08-26T09:20:00,4627.02,4625.98,4634.61,2026-08-26T09:00:00@4641.46;2026-08-26T09:25:00@4624.67;2026-08-26T09:45:00@4636.76,1,,NA,NA,,NA,,NA,0,NA,,,2026-08-26T09:50:00,STRUCTURE_FAILED,0
b503db995d11c7f4,M5,L1,SHORT,HOLDOUT,2026-08-26T17:55:00,4602.93,4602.85,4612.30,2026-08-26T17:40:00@4622.84;2026-08-26T18:05:00@4587.97;2026-08-26T18:10:00@4599.93;2026-08-26T18:15:00@4582.89;2026-08-26T18:45:00@4609.28,2,,NA,NA,,NA,,NA,0,NA,,,2026-08-26T18:50:00,STRUCTURE_FAILED,0
352233036ed3f03f,M5,L3,SHORT,HOLDOUT,2026-08-26T17:55:00,4602.93,4602.85,4612.30,2026-08-26T17:40:00@4622.84;2026-08-26T18:05:00@4587.97;2026-08-26T18:10:00@4599.93;2026-08-26T18:15:00@4582.89;2026-08-26T18:45:00@4609.28,2,,NA,NA,,NA,,NA,0,NA,,,2026-08-26T18:50:00,STRUCTURE_FAILED,0
8420b7ae4aabc5d2,M5,L3,SHORT,HOLDOUT,2026-08-26T18:10:00,4588.97,4588.13,4599.93,2026-08-26T18:10:00@4599.93;2026-08-26T18:15:00@4582.89;2026-08-26T18:45:00@4609.28,1,,NA,NA,,NA,,NA,0,NA,,,2026-08-26T18:50:00,STRUCTURE_FAILED,0
012950b1d7314f02,M5,L3,LONG,HOLDOUT,2026-08-27T01:15:00,4610.67,4602.41,4612.35,2026-08-27T01:10:00@4601.84;2026-08-27T01:20:00@4613.35;2026-08-27T01:25:00@4605.46,1,,NA,NA,,NA,,NA,0,NA,,,2026-08-27T01:30:00,STRUCTURE_FAILED,0
900f6a15d8d5a317,M5,L3,LONG,HOLDOUT,2026-08-27T04:50:00,4634.86,4629.08,4635.42,2026-08-27T04:45:00@4623.72;2026-08-27T05:00:00@4643.06;2026-08-27T05:40:00@4623.58,1,,NA,NA,,NA,,NA,0,NA,,,2026-08-27T05:45:00,STRUCTURE_FAILED,0
ca5210ea428f6a56,M5,L2,SHORT,HOLDOUT,2026-08-27T09:55:00,4600.30,4598.00,4602.50,2026-08-27T09:30:00@4611.78;2026-08-27T09:55:00@4598.00;2026-08-27T10:05:00@4605.82,1,,NA,NA,,NA,,NA,0,NA,,,2026-08-27T10:10:00,STRUCTURE_FAILED,0
54976e53ece6be7e,M5,L1,SHORT,HOLDOUT,2026-08-27T12:40:00,4582.37,4581.09,4584.47,,0,,NA,NA,,NA,,NA,0,NA,,,2026-08-27T12:55:00,NO_LEG1,0
31c976574a65884e,M5,L3,SHORT,HOLDOUT,2026-08-27T12:40:00,4582.37,4581.09,4584.47,,0,,NA,NA,,NA,,NA,0,NA,,,2026-08-27T12:55:00,NO_LEG1,0
befaf87535a275d2,M5,L3,LONG,HOLDOUT,2026-08-27T18:40:00,4601.20,4599.36,4605.71,2026-08-27T18:25:00@4588.81;2026-08-27T19:00:00@4612.98;2026-08-27T19:15:00@4602.46,1,,NA,NA,,NA,,NA,0,NA,,,2026-08-27T19:20:00,STRUCTURE_FAILED,0
c4aba824e947271f,M5,L3,LONG,HOLDOUT,2026-08-27T22:05:00,4616.97,4612.69,4618.01,2026-08-27T21:30:00@4600.85;2026-08-27T22:05:00@4618.01;2026-08-27T22:25:00@4604.26,1,,NA,NA,,NA,,NA,0,NA,,,2026-08-27T22:35:00,STRUCTURE_FAILED,0
78301d64c714beff,M5,L2,SHORT,HOLDOUT,2026-08-28T08:35:00,4574.83,4574.82,4579.45,2026-08-28T08:25:00@4586.22;2026-08-28T08:40:00@4571.63;2026-08-28T08:55:00@4577.46,1,,NA,NA,,NA,,NA,0,NA,,,2026-08-28T09:00:00,STRUCTURE_FAILED,0
0a8ee0c171b1e05d,M5,L3,SHORT,HOLDOUT,2026-08-28T08:35:00,4574.83,4574.82,4579.45,2026-08-28T08:25:00@4586.22;2026-08-28T08:40:00@4571.63;2026-08-28T08:55:00@4577.46,1,,NA,NA,,NA,,NA,0,NA,,,2026-08-28T09:00:00,STRUCTURE_FAILED,0
b86ed21df8f6e49f,M5,L2,LONG,HOLDOUT,2026-08-28T09:50:00,4604.22,4596.69,4606.72,2026-08-28T09:00:00@4572.38;2026-08-28T10:00:00@4613.45;2026-08-28T10:10:00@4596.63,1,,NA,NA,,NA,,NA,0,NA,,,2026-08-28T10:15:00,STRUCTURE_FAILED,0
624af53fd60e019a,M5,L3,LONG,HOLDOUT,2026-08-28T09:55:00,4612.72,4603.92,4613.24,2026-08-28T09:00:00@4572.38;2026-08-28T10:00:00@4613.45;2026-08-28T10:10:00@4596.63,1,,NA,NA,,NA,,NA,0,NA,,,2026-08-28T10:15:00,STRUCTURE_FAILED,0
6ebe3ec57af4fd4f,M5,L1,SHORT,HOLDOUT,2026-08-28T17:10:00,4546.19,4543.75,4574.14,2026-08-28T17:00:00@4632.09;2026-08-28T17:10:00@4543.75;2026-08-28T17:20:00@4568.43,1,,NA,NA,,NA,,NA,0,NA,,,2026-08-28T17:25:00,STRUCTURE_FAILED,0
ac5a6e64274b288a,M5,L3,SHORT,HOLDOUT,2026-08-28T17:10:00,4546.19,4543.75,4574.14,2026-08-28T17:00:00@4632.09;2026-08-28T17:10:00@4543.75;2026-08-28T17:20:00@4568.43,1,,NA,NA,,NA,,NA,0,NA,,,2026-08-28T17:25:00,STRUCTURE_FAILED,0
5b66d3350d71e799,M5,L3,SHORT,HOLDOUT,2026-08-31T05:10:00,4424.32,4422.82,4432.58,2026-08-31T05:05:00@4433.97;2026-08-31T05:45:00@4396.49;2026-08-31T06:20:00@4433.98,1,,NA,NA,,NA,,NA,0,NA,,,2026-08-31T06:30:00,STRUCTURE_FAILED,0
892be4f46411b8c9,M5,L4,LONG,HOLDOUT,2026-08-31T19:25:00,4438.37,4435.13,4438.63,2026-08-31T19:00:00@4423.74;2026-08-31T19:30:00@4440.20;2026-08-31T19:35:00@4431.31,1,,NA,NA,,NA,,NA,0,NA,,,2026-08-31T19:40:00,STRUCTURE_FAILED,0
d742fa9c1b9eb18c,M5,L3,LONG,HOLDOUT,2026-08-31T22:25:00,4440.47,4438.14,4442.41,2026-08-31T22:00:00@4429.09;2026-08-31T22:35:00@4445.25;2026-08-31T22:40:00@4438.97,1,,NA,NA,,NA,,NA,0,NA,,,2026-08-31T22:45:00,STRUCTURE_FAILED,0
869951487d921c14,M5,L2,SHORT,HOLDOUT,2026-09-01T10:35:00,4414.08,4413.36,4425.71,2026-09-01T10:00:00@4434.92;2026-09-01T10:40:00@4412.06;2026-09-01T10:50:00@4423.23,1,,NA,NA,,NA,,NA,0,NA,,,2026-09-01T10:55:00,STRUCTURE_FAILED,0
890e1f3e4e72cb07,M5,L3,SHORT,HOLDOUT,2026-09-01T10:35:00,4414.08,4413.36,4425.71,2026-09-01T10:00:00@4434.92;2026-09-01T10:40:00@4412.06;2026-09-01T10:50:00@4423.23,1,,NA,NA,,NA,,NA,0,NA,,,2026-09-01T10:55:00,STRUCTURE_FAILED,0
0e99ec1c79148f48,M5,L1,SHORT,HOLDOUT,2026-09-01T11:05:00,4395.83,4394.07,4418.77,2026-09-01T10:50:00@4423.23;2026-09-01T11:10:00@4389.52;2026-09-01T11:15:00@4405.76,1,,NA,NA,,NA,,NA,0,NA,,,2026-09-01T11:20:00,STRUCTURE_FAILED,0
e2e259af60fa198b,M5,L3,SHORT,HOLDOUT,2026-09-01T11:05:00,4395.83,4394.07,4418.77,2026-09-01T10:50:00@4423.23;2026-09-01T11:10:00@4389.52;2026-09-01T11:15:00@4405.76,1,,NA,NA,,NA,,NA,0,NA,,,2026-09-01T11:20:00,STRUCTURE_FAILED,0
95b006bb076604f9,M5,L4,SHORT,HOLDOUT,2026-09-01T14:55:00,4374.49,4372.00,4379.08,2026-09-01T14:45:00@4387.17;2026-09-01T15:10:00@4366.90;2026-09-01T15:15:00@4375.49,1,,NA,NA,,NA,,NA,0,NA,,,2026-09-01T15:20:00,STRUCTURE_FAILED,0
fd400f88ae519949,M5,L3,SHORT,HOLDOUT,2026-09-01T22:35:00,4323.05,4322.93,4330.52,2026-09-01T22:15:00@4337.63;2026-09-01T22:40:00@4322.81;2026-09-01T22:50:00@4330.37,1,,NA,NA,,NA,,NA,0,NA,,,2026-09-01T22:55:00,STRUCTURE_FAILED,0
b4d6210bcf9ed454,M5,L4,SHORT,HOLDOUT,2026-09-02T11:50:00,4314.52,4313.21,4322.12,2026-09-02T11:40:00@4326.21;2026-09-02T12:00:00@4312.33;2026-09-02T12:05:00@4322.36,1,,NA,NA,,NA,,NA,0,NA,,,2026-09-02T12:10:00,STRUCTURE_FAILED,0
dcef391dfb839d2e,M5,L3,LONG,HOLDOUT,2026-09-02T14:35:00,4332.25,4328.96,4332.82,2026-09-02T14:15:00@4315.65;2026-09-02T14:40:00@4332.83;2026-09-02T14:50:00@4323.41,1,,NA,NA,,NA,,NA,0,NA,,,2026-09-02T14:55:00,STRUCTURE_FAILED,0
32170519d5a10a0e,M5,L2,LONG,HOLDOUT,2026-09-02T15:00:00,4334.75,4329.04,4335.76,2026-09-02T14:50:00@4323.41;2026-09-02T15:05:00@4336.35;2026-09-02T15:10:00@4329.55,1,,NA,NA,,NA,,NA,0,NA,,,2026-09-02T15:15:00,STRUCTURE_FAILED,0
819ee16a39cf70d8,M5,L3,LONG,HOLDOUT,2026-09-02T15:20:00,4338.90,4329.95,4344.48,2026-09-02T15:10:00@4329.55;2026-09-02T15:20:00@4344.48;2026-09-02T15:35:00@4327.44,1,,NA,NA,,NA,,NA,0,NA,,,2026-09-02T15:40:00,STRUCTURE_FAILED,0
8a812c7e2b9c4075,M5,L3,LONG,HOLDOUT,2026-09-02T17:05:00,4391.06,4383.95,4396.68,2026-09-02T16:50:00@4367.75;2026-09-02T17:10:00@4397.64;2026-09-02T17:15:00@4384.94,1,,NA,NA,,NA,,NA,0,NA,,,2026-09-02T17:20:00,STRUCTURE_FAILED,0
2f5bc15b993d0206,M5,L1,LONG,HOLDOUT,2026-09-03T04:05:00,4402.55,4392.55,4402.99,2026-09-03T04:00:00@4387.36;2026-09-03T04:10:00@4409.36;2026-09-03T04:25:00@4394.00,1,,NA,NA,,NA,,NA,0,NA,,,2026-09-03T04:30:00,STRUCTURE_FAILED,0
724dbe76cbd60011,M5,L3,LONG,HOLDOUT,2026-09-03T04:05:00,4402.55,4392.55,4402.99,2026-09-03T04:00:00@4387.36;2026-09-03T04:10:00@4409.36;2026-09-03T04:25:00@4394.00,1,,NA,NA,,NA,,NA,0,NA,,,2026-09-03T04:30:00,STRUCTURE_FAILED,0
2c261ce85f3ea466,M5,L2,LONG,HOLDOUT,2026-09-03T11:30:00,4439.01,4435.90,4439.56,2026-09-03T11:15:00@4430.80;2026-09-03T11:35:00@4439.69;2026-09-03T11:40:00@4431.43,1,,NA,NA,,NA,,NA,0,NA,,,2026-09-03T11:45:00,STRUCTURE_FAILED,0
c3feb2a6b6640ae1,M5,L3,LONG,HOLDOUT,2026-09-03T14:55:00,4444.22,4439.77,4445.92,2026-09-03T14:30:00@4426.67;2026-09-03T15:10:00@4450.19;2026-09-03T15:20:00@4437.86,1,,NA,NA,,NA,,NA,0,NA,,,2026-09-03T15:25:00,STRUCTURE_FAILED,0
efcc8f286a07dd85,M5,L3,LONG,HOLDOUT,2026-09-03T15:00:00,4448.32,4441.16,4448.57,2026-09-03T14:30:00@4426.67;2026-09-03T15:10:00@4450.19;2026-09-03T15:20:00@4437.86,1,,NA,NA,,NA,,NA,0,NA,,,2026-09-03T15:25:00,STRUCTURE_FAILED,0
e871432b1fbc1382,M5,L3,LONG,HOLDOUT,2026-09-03T15:30:00,4466.85,4446.00,4469.88,2026-09-03T15:20:00@4437.86;2026-09-03T15:35:00@4478.79;2026-09-03T15:40:00@4464.87,1,,NA,NA,,NA,,NA,0,NA,,,2026-09-03T15:45:00,STRUCTURE_FAILED,0
f548b8b9ac4965bc,M5,L3,LONG,HOLDOUT,2026-09-03T15:35:00,4475.70,4459.82,4478.79,2026-09-03T15:20:00@4437.86;2026-09-03T15:35:00@4478.79;2026-09-03T15:40:00@4464.87,1,,NA,NA,,NA,,NA,0,NA,,,2026-09-03T15:45:00,STRUCTURE_FAILED,0
a5ae3a0649d92f46,M5,L3,SHORT,HOLDOUT,2026-09-04T06:55:00,4467.03,4467.02,4469.90,2026-09-04T06:30:00@4475.27;2026-09-04T07:00:00@4465.49;2026-09-04T07:50:00@4474.95,1,,NA,NA,,NA,,NA,0,NA,,,2026-09-04T08:00:00,STRUCTURE_FAILED,0
b0824bcfcf494053,M5,L2,SHORT,HOLDOUT,2026-09-04T09:30:00,4464.88,4464.52,4469.76,2026-09-04T09:25:00@4471.83;2026-09-04T09:35:00@4463.15;2026-09-04T09:40:00@4468.54,1,,NA,NA,,NA,,NA,0,NA,,,2026-09-04T09:45:00,STRUCTURE_FAILED,0
34fa0fd395a0e351,M5,L2,LONG,HOLDOUT,2026-09-04T10:45:00,4488.06,4484.75,4490.80,2026-09-04T10:15:00@4466.73;2026-09-04T10:45:00@4490.80;2026-09-04T10:55:00@4481.45,1,,NA,NA,,NA,,NA,0,NA,,,2026-09-04T11:00:00,STRUCTURE_FAILED,0
1c5e2c6a22eea0a3,M5,L3,LONG,HOLDOUT,2026-09-04T10:45:00,4488.06,4484.75,4490.80,2026-09-04T10:15:00@4466.73;2026-09-04T10:45:00@4490.80;2026-09-04T10:55:00@4481.45,1,,NA,NA,,NA,,NA,0,NA,,,2026-09-04T11:00:00,STRUCTURE_FAILED,0
02fba7e50dfe5044,M5,L3,SHORT,HOLDOUT,2026-09-04T15:30:00,4394.68,4374.22,4472.15,2026-09-04T15:25:00@4475.76;2026-09-04T15:30:00@4374.22;2026-09-04T15:40:00@4406.49,1,,NA,NA,,NA,,NA,0,NA,,,2026-09-04T15:45:00,STRUCTURE_FAILED,0
f3da55ce6ebcd3d8,M5,L1,SHORT,HOLDOUT,2026-09-04T16:00:00,4379.26,4365.65,4394.65,2026-09-04T15:50:00@4409.93;2026-09-04T16:00:00@4365.65;2026-09-04T16:30:00@4420.65,1,,NA,NA,,NA,,NA,0,NA,,,2026-09-04T16:35:00,STRUCTURE_FAILED,0
50e540ef2dbacdde,M5,L3,SHORT,HOLDOUT,2026-09-04T16:00:00,4379.26,4365.65,4394.65,2026-09-04T15:50:00@4409.93;2026-09-04T16:00:00@4365.65;2026-09-04T16:30:00@4420.65,1,,NA,NA,,NA,,NA,0,NA,,,2026-09-04T16:35:00,STRUCTURE_FAILED,0
dc6cd4ea86c87b31,M5,L3,SHORT,HOLDOUT,2026-09-07T04:05:00,4403.01,4401.69,4413.24,2026-09-07T03:45:00@4429.64;2026-09-07T04:20:00@4389.72;2026-09-07T04:50:00@4416.85,1,,NA,NA,,NA,,NA,0,NA,,,2026-09-07T04:55:00,STRUCTURE_FAILED,0
290179844752ea47,M5,L2,SHORT,HOLDOUT,2026-09-07T09:00:00,4387.68,4385.21,4394.64,2026-09-07T08:45:00@4406.52;2026-09-07T09:00:00@4385.21;2026-09-07T09:40:00@4399.82,1,,NA,NA,,NA,,NA,0,NA,,,2026-09-07T09:50:00,STRUCTURE_FAILED,0
3dc0241dd20b7f5c,M5,L3,SHORT,HOLDOUT,2026-09-07T09:00:00,4387.68,4385.21,4394.64,2026-09-07T08:45:00@4406.52;2026-09-07T09:00:00@4385.21;2026-09-07T09:40:00@4399.82,1,,NA,NA,,NA,,NA,0,NA,,,2026-09-07T09:50:00,STRUCTURE_FAILED,0
1df4bd81c72589bd,M5,L3,LONG,HOLDOUT,2026-09-07T11:05:00,4413.92,4409.74,4414.71,2026-09-07T11:05:00@4409.74;2026-09-07T11:15:00@4423.49;2026-09-07T11:25:00@4416.34;2026-09-07T11:30:00@4423.79;2026-09-07T12:30:00@4403.65,2,,NA,NA,,NA,,NA,0,NA,,,2026-09-07T12:35:00,STRUCTURE_FAILED,0
cc3b516cff978a50,M5,L3,SHORT,HOLDOUT,2026-09-07T14:30:00,4382.49,4381.16,4389.85,2026-09-07T14:20:00@4394.95;2026-09-07T14:30:00@4381.16;2026-09-07T14:45:00@4392.06,1,,NA,NA,,NA,,NA,0,NA,,,2026-09-07T14:50:00,STRUCTURE_FAILED,0
5fb77fb88bac398d,M5,L3,LONG,HOLDOUT,2026-09-08T02:35:00,4420.45,4417.50,4422.79,2026-09-08T02:25:00@4409.40;2026-09-08T02:45:00@4428.09;2026-09-08T03:10:00@4415.11,1,,NA,NA,,NA,,NA,0,NA,,,2026-09-08T03:15:00,STRUCTURE_FAILED,0
a5ebea49bae70082,M5,L3,LONG,HOLDOUT,2026-09-08T02:40:00,4427.43,4419.23,4427.95,2026-09-08T02:25:00@4409.40;2026-09-08T02:45:00@4428.09;2026-09-08T03:10:00@4415.11,1,,NA,NA,,NA,,NA,0,NA,,,2026-09-08T03:15:00,STRUCTURE_FAILED,0
1925ca66e58bf337,M5,L1,LONG,HOLDOUT,2026-09-08T04:45:00,4440.62,4433.49,4440.65,2026-09-08T04:35:00@4430.66;2026-09-08T04:50:00@4440.66;2026-09-08T05:35:00@4421.44,1,,NA,NA,,NA,,NA,0,NA,,,2026-09-08T05:40:00,STRUCTURE_FAILED,0
41ec0c4dea5c4042,M5,L3,LONG,HOLDOUT,2026-09-08T07:00:00,4441.58,4437.81,4442.09,2026-09-08T06:35:00@4430.56;2026-09-08T07:05:00@4442.95;2026-09-08T07:25:00@4431.65,1,,NA,NA,,NA,,NA,0,NA,,,2026-09-08T07:40:00,STRUCTURE_FAILED,0
888293cb41387f4d,M5,L2,SHORT,HOLDOUT,2026-09-08T09:05:00,4413.39,4411.16,4415.58,2026-09-08T08:45:00@4428.80;2026-09-08T09:35:00@4398.25;2026-09-08T09:50:00@4409.25;2026-09-08T10:00:00@4402.45,1,,NA,NA,,NA,,NA,0,NA,,,2026-09-08T10:05:00,STRUCTURE_FAILED,0
c863b61c2341c99b,M5,L3,SHORT,HOLDOUT,2026-09-08T09:15:00,4401.71,4401.68,4411.49,2026-09-08T08:45:00@4428.80;2026-09-08T09:35:00@4398.25;2026-09-08T09:50:00@4409.25,1,,NA,NA,,NA,,NA,0,NA,,,2026-09-08T09:55:00,STRUCTURE_FAILED,0
5c255eae215aa549,M5,L3,SHORT,HOLDOUT,2026-09-08T19:05:00,4381.16,4380.40,4394.79,2026-09-08T18:25:00@4404.73;2026-09-08T19:05:00@4380.40;2026-09-08T19:50:00@4398.40,1,,NA,NA,,NA,,NA,0,NA,,,2026-09-08T19:55:00,STRUCTURE_FAILED,0
21e820deacd6bc64,M5,L1,SHORT,HOLDOUT,2026-09-08T21:45:00,4363.64,4362.42,4386.57,2026-09-08T21:45:00@4386.57;2026-09-08T21:50:00@4358.21;2026-09-08T21:55:00@4378.02,1,,NA,NA,,NA,,NA,0,NA,,,2026-09-08T22:00:00,STRUCTURE_FAILED,0
d2bf4511c2672a52,M5,L3,SHORT,HOLDOUT,2026-09-08T21:45:00,4363.64,4362.42,4386.57,2026-09-08T21:45:00@4386.57;2026-09-08T21:50:00@4358.21;2026-09-08T21:55:00@4378.02,1,,NA,NA,,NA,,NA,0,NA,,,2026-09-08T22:00:00,STRUCTURE_FAILED,0
1565700ba3ffdeab,M5,L1,SHORT,HOLDOUT,2026-09-09T03:20:00,4343.09,4342.83,4348.58,2026-09-09T03:10:00@4352.55;2026-09-09T03:25:00@4341.17;2026-09-09T03:55:00@4365.58,1,,NA,NA,,NA,,NA,0,NA,,,2026-09-09T04:00:00,STRUCTURE_FAILED,0
f30d212f777b15a6,M5,L3,SHORT,HOLDOUT,2026-09-09T03:20:00,4343.09,4342.83,4348.58,2026-09-09T03:10:00@4352.55;2026-09-09T03:25:00@4341.17;2026-09-09T03:55:00@4365.58,1,,NA,NA,,NA,,NA,0,NA,,,2026-09-09T04:00:00,STRUCTURE_FAILED,0
57d9f4483749f16e,M5,L2,LONG,HOLDOUT,2026-09-09T08:05:00,4384.80,4381.42,4385.15,2026-09-09T07:40:00@4376.35;2026-09-09T08:15:00@4388.66;2026-09-09T08:20:00@4383.33,1,,NA,NA,,NA,,NA,0,NA,,,2026-09-09T08:25:00,STRUCTURE_FAILED,0
da9242b5951786c4,M5,L3,LONG,HOLDOUT,2026-09-09T08:05:00,4384.80,4381.42,4385.15,2026-09-09T07:40:00@4376.35;2026-09-09T08:15:00@4388.66;2026-09-09T08:20:00@4383.33,1,,NA,NA,,NA,,NA,0,NA,,,2026-09-09T08:25:00,STRUCTURE_FAILED,0
d37b5c480720afef,M5,L3,LONG,HOLDOUT,2026-09-09T14:45:00,4414.09,4403.48,4414.51,2026-09-09T14:35:00@4403.55;2026-09-09T14:50:00@4415.28;2026-09-09T15:40:00@4390.92,1,,NA,NA,,NA,,NA,0,NA,,,2026-09-09T15:45:00,STRUCTURE_FAILED,0
10115ba30f2c695d,M5,L3,SHORT,HOLDOUT,2026-09-09T18:15:00,4384.65,4380.09,4393.41,2026-09-09T18:15:00@4393.41;2026-09-09T18:20:00@4375.16;2026-09-09T18:35:00@4407.23,1,,NA,NA,,NA,,NA,0,NA,,,2026-09-09T18:55:00,STRUCTURE_FAILED,0
bba7d6612db4839c,M5,L3,LONG,HOLDOUT,2026-09-10T04:05:00,4417.92,4407.33,4418.78,2026-09-10T04:00:00@4400.11;2026-09-10T04:10:00@4419.05;2026-09-10T04:30:00@4405.22,1,,NA,NA,,NA,,NA,0,NA,,,2026-09-10T04:35:00,STRUCTURE_FAILED,0
09e41ea47923d09b,M5,L2,LONG,HOLDOUT,2026-09-10T08:30:00,4425.73,4417.52,4427.63,2026-09-10T07:55:00@4406.78;2026-09-10T08:45:00@4430.37;2026-09-10T08:50:00@4423.83,1,,NA,NA,,NA,,NA,0,NA,,,2026-09-10T08:55:00,STRUCTURE_FAILED,0
67e400c48a2042f2,M5,L3,LONG,HOLDOUT,2026-09-10T08:30:00,4425.73,4417.52,4427.63,2026-09-10T07:55:00@4406.78;2026-09-10T08:45:00@4430.37;2026-09-10T08:50:00@4423.83,1,,NA,NA,,NA,,NA,0,NA,,,2026-09-10T08:55:00,STRUCTURE_FAILED,0
8978104a0061e07f,M5,L3,SHORT,HOLDOUT,2026-09-10T10:30:00,4404.60,4404.11,4410.72,2026-09-10T09:45:00@4428.84;2026-09-10T10:30:00@4404.11;2026-09-10T10:50:00@4415.35,1,,NA,NA,,NA,,NA,0,NA,,,2026-09-10T11:00:00,STRUCTURE_FAILED,0
bf5a3c899eb7ed08,M5,L2,SHORT,HOLDOUT,2026-09-10T13:30:00,4384.87,4383.65,4394.67,2026-09-10T13:15:00@4400.16;2026-09-10T13:35:00@4377.88;2026-09-10T13:40:00@4386.52,1,,NA,NA,,NA,,NA,0,NA,,,2026-09-10T13:45:00,STRUCTURE_FAILED,0
67c4c215ff6adf30,M5,L3,SHORT,HOLDOUT,2026-09-10T13:30:00,4384.87,4383.65,4394.67,2026-09-10T13:15:00@4400.16;2026-09-10T13:35:00@4377.88;2026-09-10T13:40:00@4386.52,1,,NA,NA,,NA,,NA,0,NA,,,2026-09-10T13:45:00,STRUCTURE_FAILED,0
8e880fd88e6285a7,M5,L3,SHORT,HOLDOUT,2026-09-10T14:55:00,4374.56,4374.27,4380.43,2026-09-10T14:40:00@4390.74;2026-09-10T15:05:00@4369.79;2026-09-10T15:10:00@4377.84,1,,NA,NA,,NA,,NA,0,NA,,,2026-09-10T15:15:00,STRUCTURE_FAILED,0
38a76bb784fa123e,M5,L1,SHORT,HOLDOUT,2026-09-10T15:35:00,4326.89,4324.01,4343.06,2026-09-10T15:10:00@4377.84;2026-09-10T15:35:00@4324.01;2026-09-10T15:50:00@4354.95,1,,NA,NA,,NA,,NA,0,NA,,,2026-09-10T15:55:00,STRUCTURE_FAILED,0
53f20ea4df007042,M5,L3,SHORT,HOLDOUT,2026-09-10T15:35:00,4326.89,4324.01,4343.06,2026-09-10T15:10:00@4377.84;2026-09-10T15:35:00@4324.01;2026-09-10T15:50:00@4354.95,1,,NA,NA,,NA,,NA,0,NA,,,2026-09-10T15:55:00,STRUCTURE_FAILED,0
a3a9e2f6caca97cf,M5,L3,SHORT,HOLDOUT,2026-09-10T22:00:00,4316.54,4313.73,4332.82,2026-09-10T21:55:00@4336.73;2026-09-10T22:00:00@4313.73;2026-09-10T22:25:00@4330.93,1,,NA,NA,,NA,,NA,0,NA,,,2026-09-10T22:35:00,STRUCTURE_FAILED,0
323ae0a61b5d2960,M5,L1,SHORT,HOLDOUT,2026-09-11T02:50:00,4312.62,4312.09,4316.31,2026-09-11T02:40:00@4318.10;2026-09-11T02:55:00@4311.20;2026-09-11T03:05:00@4323.70,1,,NA,NA,,NA,,NA,0,NA,,,2026-09-11T03:10:00,STRUCTURE_FAILED,0
c7f859176069cc80,M5,L3,SHORT,HOLDOUT,2026-09-11T06:20:00,4306.92,4304.13,4316.17,2026-09-11T06:15:00@4321.47;2026-09-11T06:20:00@4304.13;2026-09-11T06:40:00@4312.61,1,,NA,NA,,NA,,NA,0,NA,,,2026-09-11T06:45:00,STRUCTURE_FAILED,0
1bd209f6d33eae77,M5,L2,LONG,HOLDOUT,2026-09-11T08:40:00,4342.82,4334.12,4343.02,2026-09-11T08:25:00@4333.50;2026-09-11T09:10:00@4360.93;2026-09-11T09:30:00@4347.05;2026-09-11T09:45:00@4355.34,1,,NA,NA,,NA,,NA,0,NA,,,2026-09-11T09:50:00,STRUCTURE_FAILED,0
e47a5bead5f7508f,M5,L3,LONG,HOLDOUT,2026-09-11T08:40:00,4342.82,4334.12,4343.02,2026-09-11T08:25:00@4333.50;2026-09-11T09:10:00@4360.93;2026-09-11T09:30:00@4347.05;2026-09-11T09:45:00@4355.34,1,,NA,NA,,NA,,NA,0,NA,,,2026-09-11T09:50:00,STRUCTURE_FAILED,0
5797ee961ff922f1,M5,L4,SHORT,HOLDOUT,2026-09-11T13:50:00,4340.68,4339.77,4342.54,2026-09-11T13:25:00@4349.96;2026-09-11T13:55:00@4336.73;2026-09-11T14:00:00@4342.58,1,,NA,NA,,NA,,NA,0,NA,,,2026-09-11T14:05:00,STRUCTURE_FAILED,0
e29ebab7caae3cbd,M5,L3,LONG,HOLDOUT,2026-09-11T15:45:00,4361.73,4352.56,4367.60,2026-09-11T15:30:00@4288.39;2026-09-11T16:05:00@4394.35;2026-09-11T16:20:00@4380.56;2026-09-11T16:25:00@4398.61;2026-09-11T16:30:00@4381.62;2026-09-11T16:35:00@4400.30;2026-09-11T16:40:00@4387.08;2026-09-11T16:45:00@4400.62;2026-09-11T17:35:00@4364.75,4,,NA,NA,,NA,,NA,0,NA,,,2026-09-11T17:45:00,NO_SPIKE,0
610d6fbb775c3f92,M5,L3,SHORT,HOLDOUT,2026-09-14T07:40:00,4323.39,4323.39,4326.56,2026-09-14T06:50:00@4333.52;2026-09-14T07:45:00@4322.19;2026-09-14T08:00:00@4332.56,1,,NA,NA,,NA,,NA,0,NA,,,2026-09-14T08:10:00,STRUCTURE_FAILED,0
8e0a2bc51c2e2ab6,M5,L2,SHORT,HOLDOUT,2026-09-14T09:55:00,4322.14,4320.62,4323.24,2026-09-14T09:25:00@4332.50;2026-09-14T10:00:00@4317.54;2026-09-14T10:10:00@4324.22,1,,NA,NA,,NA,,NA,0,NA,,,2026-09-14T10:20:00,STRUCTURE_FAILED,0
9fdceb32b4211ddc,M5,L3,SHORT,HOLDOUT,2026-09-14T10:05:00,4319.05,4318.75,4323.21,,0,,NA,NA,,NA,,NA,0,NA,,,2026-09-14T10:20:00,NO_LEG1,0
ec55a7569ff79a4e,M5,L3,SHORT,HOLDOUT,2026-09-14T12:15:00,4292.58,4286.97,4305.96,2026-09-14T12:00:00@4311.66;2026-09-14T12:25:00@4280.55;2026-09-14T12:30:00@4289.68,1,,NA,NA,,NA,,NA,0,NA,,,2026-09-14T12:35:00,STRUCTURE_FAILED,0
8303724cb8f4f381,M5,L1,SHORT,HOLDOUT,2026-09-14T12:20:00,4287.65,4286.10,4293.29,2026-09-14T12:00:00@4311.66;2026-09-14T12:25:00@4280.55;2026-09-14T12:30:00@4289.68,1,,NA,NA,,NA,,NA,0,NA,,,2026-09-14T12:35:00,STRUCTURE_FAILED,0
f5789e5892e5cba6,M5,L3,SHORT,HOLDOUT,2026-09-14T12:20:00,4287.65,4286.10,4293.29,2026-09-14T12:00:00@4311.66;2026-09-14T12:25:00@4280.55;2026-09-14T12:30:00@4289.68,1,,NA,NA,,NA,,NA,0,NA,,,2026-09-14T12:35:00,STRUCTURE_FAILED,0
c6ac773f8d45421e,M5,L3,LONG,HOLDOUT,2026-09-14T19:15:00,4298.86,4294.54,4299.34,2026-09-14T19:00:00@4286.31;2026-09-14T19:50:00@4317.73;2026-09-14T20:35:00@4307.77;2026-09-14T21:00:00@4315.91,1,,NA,NA,,NA,,NA,0,NA,,,2026-09-14T21:05:00,STRUCTURE_FAILED,0
7a417500816af3ae,M5,L4,SHORT,HOLDOUT,2026-09-15T10:35:00,4285.67,4284.93,4290.36,2026-09-15T10:30:00@4292.92;2026-09-15T10:40:00@4280.75;2026-09-15T10:45:00@4290.15,1,,NA,NA,,NA,,NA,0,NA,,,2026-09-15T10:50:00,STRUCTURE_FAILED,0
bc6659e32058d167,M5,L2,SHORT,HOLDOUT,2026-09-15T10:50:00,4277.59,4276.20,4284.96,2026-09-15T10:45:00@4290.15;2026-09-15T11:10:00@4263.67;2026-09-15T11:25:00@4275.29;2026-09-15T11:55:00@4261.32;2026-09-15T12:15:00@4268.09;2026-09-15T12:20:00@4262.21,2,,NA,NA,,NA,,NA,0,NA,,,2026-09-15T12:25:00,STRUCTURE_FAILED,0
f709752171c55997,M5,L3,SHORT,HOLDOUT,2026-09-15T10:50:00,4277.59,4276.20,4284.96,2026-09-15T10:45:00@4290.15;2026-09-15T11:10:00@4263.67;2026-09-15T11:25:00@4275.29;2026-09-15T11:55:00@4261.32;2026-09-15T12:15:00@4268.09;2026-09-15T12:20:00@4262.21,2,,NA,NA,,NA,,NA,0,NA,,,2026-09-15T12:25:00,STRUCTURE_FAILED,0
9f037f6ceab59cea,M5,L3,LONG,HOLDOUT,2026-09-15T21:10:00,4302.33,4296.21,4304.23,2026-09-15T20:40:00@4292.31;2026-09-15T21:15:00@4306.80;2026-09-15T21:35:00@4301.74,1,,NA,NA,,NA,,NA,0,NA,,,2026-09-15T21:40:00,STRUCTURE_FAILED,0
7c4396d941bd88f9,M5,L4,LONG,HOLDOUT,2026-09-15T21:10:00,4302.33,4296.21,4304.23,2026-09-15T20:40:00@4292.31;2026-09-15T21:15:00@4306.80;2026-09-15T21:35:00@4301.74,1,,NA,NA,,NA,,NA,0,NA,,,2026-09-15T21:40:00,STRUCTURE_FAILED,0
c98b8f90b9f06884,M5,L3,LONG,HOLDOUT,2026-09-16T05:35:00,4311.09,4309.22,4316.03,2026-09-16T04:55:00@4279.97;2026-09-16T05:35:00@4316.03;2026-09-16T05:40:00@4310.61,1,,NA,NA,,NA,,NA,0,NA,,,2026-09-16T05:45:00,STRUCTURE_FAILED,0
24bea920d54d6aca,M5,L1,LONG,HOLDOUT,2026-09-16T05:55:00,4321.72,4315.98,4323.46,2026-09-16T05:40:00@4310.61;2026-09-16T06:20:00@4341.05;2026-09-16T06:50:00@4322.74,1,,NA,NA,,NA,,NA,0,NA,,,2026-09-16T07:00:00,STRUCTURE_FAILED,0
4994c91243f56183,M5,L3,LONG,HOLDOUT,2026-09-16T05:55:00,4321.72,4315.98,4323.46,2026-09-16T05:40:00@4310.61;2026-09-16T06:20:00@4341.05;2026-09-16T06:50:00@4322.74,1,,NA,NA,,NA,,NA,0,NA,,,2026-09-16T07:00:00,STRUCTURE_FAILED,0
9e4685b9e2a4a414,M5,L3,LONG,HOLDOUT,2026-09-16T13:00:00,4338.97,4338.08,4341.88,2026-09-16T12:45:00@4331.39;2026-09-16T13:10:00@4349.07;2026-09-16T13:15:00@4341.80,1,,NA,NA,,NA,,NA,0,NA,,,2026-09-16T13:20:00,STRUCTURE_FAILED,0
358082cfd36bcd96,M5,L2,LONG,HOLDOUT,2026-09-16T13:05:00,4345.21,4337.67,4345.72,2026-09-16T12:45:00@4331.39;2026-09-16T13:10:00@4349.07;2026-09-16T13:15:00@4341.80,1,,NA,NA,,NA,,NA,0,NA,,,2026-09-16T13:20:00,STRUCTURE_FAILED,0
2bc9ca235b594f78,M5,L3,LONG,HOLDOUT,2026-09-16T13:05:00,4345.21,4337.67,4345.72,2026-09-16T12:45:00@4331.39;2026-09-16T13:10:00@4349.07;2026-09-16T13:15:00@4341.80,1,,NA,NA,,NA,,NA,0,NA,,,2026-09-16T13:20:00,STRUCTURE_FAILED,0
8abe97d0a7cf44d5,M5,L3,LONG,HOLDOUT,2026-09-16T16:10:00,4356.54,4347.94,4357.19,2026-09-16T15:30:00@4333.19;2026-09-16T16:15:00@4360.36;2026-09-16T16:20:00@4349.42,1,,NA,NA,,NA,,NA,0,NA,,,2026-09-16T16:25:00,STRUCTURE_FAILED,0
4f7c6851a9c81267,M5,L3,SHORT,HOLDOUT,2026-09-16T21:10:00,4310.40,4307.67,4334.40,2026-09-16T21:00:00@4365.79;2026-09-16T21:15:00@4306.30;2026-09-16T21:20:00@4324.22,1,,NA,NA,,NA,,NA,0,NA,,,2026-09-16T21:25:00,STRUCTURE_FAILED,0
36cc891707dfa829,M5,L3,SHORT,HOLDOUT,2026-09-16T21:50:00,4265.73,4263.91,4296.85,2026-09-16T21:40:00@4311.05;2026-09-16T21:55:00@4256.97;2026-09-16T22:00:00@4287.36,1,,NA,NA,,NA,,NA,0,NA,,,2026-09-16T22:05:00,STRUCTURE_FAILED,0
5af3b5881a550abe,M5,L1,SHORT,HOLDOUT,2026-09-16T21:55:00,4260.96,4256.97,4272.82,2026-09-16T21:40:00@4311.05;2026-09-16T21:55:00@4256.97;2026-09-16T22:00:00@4287.36,1,,NA,NA,,NA,,NA,0,NA,,,2026-09-16T22:05:00,STRUCTURE_FAILED,0
a4c0c417f3f2c393,M5,L3,SHORT,HOLDOUT,2026-09-16T21:55:00,4260.96,4256.97,4272.82,2026-09-16T21:40:00@4311.05;2026-09-16T21:55:00@4256.97;2026-09-16T22:00:00@4287.36,1,,NA,NA,,NA,,NA,0,NA,,,2026-09-16T22:05:00,STRUCTURE_FAILED,0
0d1530857613ab83,M5,L3,SHORT,HOLDOUT,2026-09-16T22:05:00,4250.58,4249.92,4273.23,2026-09-16T22:00:00@4287.36;2026-09-16T22:10:00@4234.91;2026-09-16T22:15:00@4257.66,1,,NA,NA,,NA,,NA,0,NA,,,2026-09-16T22:25:00,STRUCTURE_FAILED,0
25732f055f985d69,M5,L2,LONG,HOLDOUT,2026-09-17T10:10:00,4322.84,4314.94,4323.39,2026-09-17T09:50:00@4306.77;2026-09-17T10:15:00@4329.50;2026-09-17T10:20:00@4319.29,1,,NA,NA,,NA,,NA,0,NA,,,2026-09-17T10:25:00,STRUCTURE_FAILED,0
b02ce09fcf60f119,M5,L3,LONG,HOLDOUT,2026-09-17T10:10:00,4322.84,4314.94,4323.39,2026-09-17T09:50:00@4306.77;2026-09-17T10:15:00@4329.50;2026-09-17T10:20:00@4319.29,1,,NA,NA,,NA,,NA,0,NA,,,2026-09-17T10:25:00,STRUCTURE_FAILED,0
50cc57d4bd956066,M5,L3,LONG,HOLDOUT,2026-09-17T14:05:00,4336.14,4329.07,4336.89,2026-09-17T13:15:00@4306.67;2026-09-17T14:10:00@4340.03;2026-09-17T14:40:00@4323.43,1,,NA,NA,,NA,,NA,0,NA,,,2026-09-17T14:45:00,STRUCTURE_FAILED,0
89099cc7a2fba2b2,M5,L1,LONG,HOLDOUT,2026-09-17T15:20:00,4368.71,4363.22,4374.60,2026-09-17T14:40:00@4323.43;2026-09-17T15:25:00@4381.26;2026-09-17T15:45:00@4359.12,1,,NA,NA,,NA,,NA,0,NA,,,2026-09-17T15:50:00,STRUCTURE_FAILED,0
e2984c46ce9f5410,M5,L3,LONG,HOLDOUT,2026-09-17T15:20:00,4368.71,4363.22,4374.60,2026-09-17T14:40:00@4323.43;2026-09-17T15:25:00@4381.26;2026-09-17T15:45:00@4359.12,1,,NA,NA,,NA,,NA,0,NA,,,2026-09-17T15:50:00,STRUCTURE_FAILED,0
ddf76f7a9e4a21f2,M5,L3,SHORT,HOLDOUT,2026-09-17T21:30:00,4349.65,4349.51,4356.42,2026-09-17T21:15:00@4365.57;2026-09-17T21:35:00@4348.50;2026-09-17T22:05:00@4356.08,1,,NA,NA,,NA,,NA,0,NA,,,2026-09-17T22:15:00,STRUCTURE_FAILED,0
1c36781374b77f54,M5,L3,SHORT,HOLDOUT,2026-09-18T06:15:00,4337.36,4336.97,4344.87,2026-09-18T06:05:00@4351.84;2026-09-18T06:25:00@4334.22;2026-09-18T07:00:00@4361.51,1,,NA,NA,,NA,,NA,0,NA,,,2026-09-18T07:10:00,STRUCTURE_FAILED,0
213c4a59747df230,M5,L3,LONG,HOLDOUT,2026-09-18T07:55:00,4366.85,4361.15,4367.08,2026-09-18T07:20:00@4352.80;2026-09-18T08:15:00@4369.52;2026-09-18T08:30:00@4360.30,1,,NA,NA,,NA,,NA,0,NA,,,2026-09-18T08:35:00,STRUCTURE_FAILED,0
e596c92a4db6399a,M5,L2,LONG,HOLDOUT,2026-09-18T08:05:00,4368.06,4364.05,4369.24,2026-09-18T07:20:00@4352.80;2026-09-18T08:15:00@4369.52;2026-09-18T08:30:00@4360.30,1,,NA,NA,,NA,,NA,0,NA,,,2026-09-18T08:35:00,STRUCTURE_FAILED,0
ca6677d15b071c95,M5,L1,LONG,HOLDOUT,2026-09-18T09:00:00,4382.36,4377.22,4387.03,2026-09-18T08:50:00@4370.54;2026-09-18T09:10:00@4390.27;2026-09-18T09:15:00@4381.90,1,,NA,NA,,NA,,NA,0,NA,,,2026-09-18T09:20:00,STRUCTURE_FAILED,0
14c5de2ff17b36c0,M5,L3,LONG,HOLDOUT,2026-09-18T09:00:00,4382.36,4377.22,4387.03,2026-09-18T08:50:00@4370.54;2026-09-18T09:10:00@4390.27;2026-09-18T09:15:00@4381.90,1,,NA,NA,,NA,,NA,0,NA,,,2026-09-18T09:20:00,STRUCTURE_FAILED,0
3156fc8510dbf7a3,M5,L4,SHORT,HOLDOUT,2026-09-18T11:25:00,4387.90,4387.76,4390.59,2026-09-18T11:05:00@4398.45;2026-09-18T11:40:00@4385.18;2026-09-18T12:10:00@4398.17,1,,NA,NA,,NA,,NA,0,NA,,,2026-09-18T12:15:00,STRUCTURE_FAILED,0
009ace389f40898d,M5,L3,SHORT,HOLDOUT,2026-09-21T07:00:00,4358.01,4357.71,4361.09,2026-09-21T06:45:00@4368.13;2026-09-21T07:05:00@4356.00;2026-09-21T07:20:00@4365.24,1,,NA,NA,,NA,,NA,0,NA,,,2026-09-21T07:30:00,STRUCTURE_FAILED,0
0b06f83f4d8f1084,M5,L2,SHORT,HOLDOUT,2026-09-21T08:05:00,4354.86,4354.34,4356.13,2026-09-21T07:40:00@4363.16;2026-09-21T08:10:00@4352.69;2026-09-21T08:30:00@4361.95,1,,NA,NA,,NA,,NA,0,NA,,,2026-09-21T08:35:00,STRUCTURE_FAILED,0
1c6d2f00033c581f,M5,L3,SHORT,HOLDOUT,2026-09-21T12:30:00,4342.22,4340.51,4346.62,2026-09-21T12:15:00@4354.82;2026-09-21T12:35:00@4340.10;2026-09-21T12:45:00@4348.48,1,,NA,NA,,NA,,NA,0,NA,,,2026-09-21T12:50:00,STRUCTURE_FAILED,0
c96f71e7f7dad7de,M5,L3,LONG,HOLDOUT,2026-09-21T14:30:00,4357.87,4352.24,4358.53,2026-09-21T14:00:00@4341.90;2026-09-21T14:55:00@4371.04;2026-09-21T15:00:00@4362.86;2026-09-21T15:05:00@4374.78;2026-09-21T15:25:00@4351.46,2,,NA,NA,,NA,,NA,0,NA,,,2026-09-21T15:30:00,STRUCTURE_FAILED,0
3f07c3559fa1c537,M5,L1,SHORT,HOLDOUT,2026-09-21T17:00:00,4327.02,4325.98,4347.17,2026-09-21T16:50:00@4356.13;2026-09-21T17:05:00@4322.69;2026-09-21T17:30:00@4343.57,1,,NA,NA,,NA,,NA,0,NA,,,2026-09-21T17:35:00,STRUCTURE_FAILED,0
4742b69453e2f467,M5,L3,SHORT,HOLDOUT,2026-09-21T17:00:00,4327.02,4325.98,4347.17,2026-09-21T16:50:00@4356.13;2026-09-21T17:05:00@4322.69;2026-09-21T17:30:00@4343.57,1,,NA,NA,,NA,,NA,0,NA,,,2026-09-21T17:35:00,STRUCTURE_FAILED,0
5d986d402f182dcc,M5,L3,LONG,HOLDOUT,2026-09-22T01:45:00,4359.61,4352.58,4359.61,2026-09-21T23:30:00@4339.16;2026-09-22T02:00:00@4366.08;2026-09-22T02:30:00@4358.16,1,,NA,NA,,NA,,NA,0,NA,,,2026-09-22T02:35:00,STRUCTURE_FAILED,0
3bcc2fd21d8479dd,M5,L3,SHORT,HOLDOUT,2026-09-22T07:00:00,4336.78,4335.02,4341.84,2026-09-22T06:35:00@4349.28;2026-09-22T07:00:00@4335.02;2026-09-22T08:10:00@4347.26,1,,NA,NA,,NA,,NA,0,NA,,,2026-09-22T08:15:00,STRUCTURE_FAILED,0
5dba684e949df161,M5,L2,SHORT,HOLDOUT,2026-09-22T08:20:00,4329.97,4329.42,4339.18,2026-09-22T08:10:00@4347.26;2026-09-22T08:25:00@4322.61;2026-09-22T08:30:00@4333.08,1,,NA,NA,,NA,,NA,0,NA,,,2026-09-22T08:35:00,STRUCTURE_FAILED,0
5d5f6296d7d1f01c,M5,L1,SHORT,HOLDOUT,2026-09-22T08:35:00,4322.61,4316.25,4325.86,2026-09-22T08:30:00@4333.08;2026-09-22T08:35:00@4316.25;2026-09-22T08:50:00@4333.03,1,,NA,NA,,NA,,NA,0,NA,,,2026-09-22T08:55:00,STRUCTURE_FAILED,0
7e0fa4aa5e090442,M5,L3,SHORT,HOLDOUT,2026-09-22T08:35:00,4322.61,4316.25,4325.86,2026-09-22T08:30:00@4333.08;2026-09-22T08:35:00@4316.25;2026-09-22T08:50:00@4333.03,1,,NA,NA,,NA,,NA,0,NA,,,2026-09-22T08:55:00,STRUCTURE_FAILED,0
0ab376908afd7563,M5,L3,SHORT,HOLDOUT,2026-09-22T10:50:00,4301.97,4301.28,4309.49,2026-09-22T10:45:00@4315.82;2026-09-22T11:00:00@4299.13;2026-09-22T11:05:00@4312.00,1,,NA,NA,,NA,,NA,0,NA,,,2026-09-22T11:10:00,STRUCTURE_FAILED,0
20b6772ea89225e6,M5,L3,LONG,HOLDOUT,2026-09-22T20:50:00,4349.74,4339.40,4352.92,2026-09-22T20:30:00@4335.14;2026-09-22T21:15:00@4360.68;2026-09-22T21:40:00@4348.71,1,,NA,NA,,NA,,NA,0,NA,,,2026-09-22T21:45:00,STRUCTURE_FAILED,0
e044c8a8bab4c841,M5,L4,SHORT,HOLDOUT,2026-09-23T02:45:00,4359.76,4359.61,4363.93,2026-09-23T02:40:00@4364.61;2026-09-23T02:50:00@4358.36;2026-09-23T03:00:00@4369.27,1,,NA,NA,,NA,,NA,0,NA,,,2026-09-23T03:05:00,STRUCTURE_FAILED,0
e9a98618eb09bc99,M5,L2,SHORT,HOLDOUT,2026-09-23T08:40:00,4329.35,4329.06,4336.36,2026-09-23T08:05:00@4345.66;2026-09-23T08:50:00@4328.05;2026-09-23T09:00:00@4336.69,1,,NA,NA,,NA,,NA,0,NA,,,2026-09-23T09:05:00,STRUCTURE_FAILED,0
35dbdb93a62c98e7,M5,L3,SHORT,HOLDOUT,2026-09-23T12:30:00,4313.89,4313.26,4318.97,2026-09-23T12:25:00@4319.99;2026-09-23T12:45:00@4308.37;2026-09-23T13:00:00@4318.90,1,,NA,NA,,NA,,NA,0,NA,,,2026-09-23T13:10:00,STRUCTURE_FAILED,0
7a5b58435fbd0185,M5,L3,SHORT,HOLDOUT,2026-09-23T12:45:00,4308.82,4308.37,4316.26,2026-09-23T12:25:00@4319.99;2026-09-23T12:45:00@4308.37;2026-09-23T13:00:00@4318.90,1,,NA,NA,,NA,,NA,0,NA,,,2026-09-23T13:10:00,STRUCTURE_FAILED,0
44729f8136a7640b,M5,L1,SHORT,HOLDOUT,2026-09-23T16:45:00,4284.83,4280.77,4292.54,2026-09-23T16:30:00@4313.52;2026-09-23T16:45:00@4280.77;2026-09-23T16:50:00@4289.55,1,,NA,NA,,NA,,NA,0,NA,,,2026-09-23T16:55:00,STRUCTURE_FAILED,0
faf0c3221f797a3d,M5,L3,SHORT,HOLDOUT,2026-09-23T16:45:00,4284.83,4280.77,4292.54,2026-09-23T16:30:00@4313.52;2026-09-23T16:45:00@4280.77;2026-09-23T16:50:00@4289.55,1,,NA,NA,,NA,,NA,0,NA,,,2026-09-23T16:55:00,STRUCTURE_FAILED,0
8070f4256c3216fd,M5,L3,LONG,HOLDOUT,2026-09-24T03:50:00,4295.31,4292.00,4295.55,2026-09-24T03:20:00@4283.93;2026-09-24T03:55:00@4299.15;2026-09-24T04:05:00@4289.71,1,,NA,NA,,NA,,NA,0,NA,,,2026-09-24T04:10:00,STRUCTURE_FAILED,0
03752aa038ad39ea,M5,L1,SHORT,HOLDOUT,2026-09-24T11:15:00,4271.09,4267.61,4279.13,2026-09-24T11:05:00@4285.46;2026-09-24T11:25:00@4262.44;2026-09-24T11:30:00@4273.86,1,,NA,NA,,NA,,NA,0,NA,,,2026-09-24T11:35:00,STRUCTURE_FAILED,0
106748bac321881c,M5,L2,SHORT,HOLDOUT,2026-09-24T11:15:00,4271.09,4267.61,4279.13,2026-09-24T11:05:00@4285.46;2026-09-24T11:25:00@4262.44;2026-09-24T11:30:00@4273.86,1,,NA,NA,,NA,,NA,0,NA,,,2026-09-24T11:35:00,STRUCTURE_FAILED,0
a2d85463e634223e,M5,L3,SHORT,HOLDOUT,2026-09-24T11:15:00,4271.09,4267.61,4279.13,2026-09-24T11:05:00@4285.46;2026-09-24T11:25:00@4262.44;2026-09-24T11:30:00@4273.86,1,,NA,NA,,NA,,NA,0,NA,,,2026-09-24T11:35:00,STRUCTURE_FAILED,0
8578b928f9118478,M5,L3,LONG,HOLDOUT,2026-09-25T04:10:00,4290.00,4283.88,4290.56,2026-09-25T03:30:00@4267.22;2026-09-25T04:40:00@4295.80;2026-09-25T04:50:00@4286.49,1,,NA,NA,,NA,,NA,0,NA,,,2026-09-25T05:00:00,STRUCTURE_FAILED,0
70bf8eaf924a1e24,M5,L3,SHORT,HOLDOUT,2026-09-25T07:55:00,4262.91,4262.67,4268.16,2026-09-25T07:40:00@4273.57;2026-09-25T08:00:00@4258.88;2026-09-25T08:05:00@4262.68,1,,NA,NA,,NA,,NA,0,NA,,,2026-09-25T08:10:00,STRUCTURE_FAILED,0
b4bb87327e222897,M5,L2,SHORT,HOLDOUT,2026-09-25T08:00:00,4259.94,4258.88,4264.02,2026-09-25T07:40:00@4273.57;2026-09-25T08:00:00@4258.88;2026-09-25T08:05:00@4262.68,1,,NA,NA,,NA,,NA,0,NA,,,2026-09-25T08:10:00,STRUCTURE_FAILED,0
4ecb39b830cb93a8,M5,L2,LONG,HOLDOUT,2026-09-25T12:05:00,4297.22,4293.85,4297.98,2026-09-25T11:50:00@4290.41;2026-09-25T12:05:00@4297.98;2026-09-25T12:15:00@4291.22,1,,NA,NA,,NA,,NA,0,NA,,,2026-09-25T12:20:00,STRUCTURE_FAILED,0
a796e8db93f3f526,M5,L3,LONG,HOLDOUT,2026-09-25T12:05:00,4297.22,4293.85,4297.98,2026-09-25T11:50:00@4290.41;2026-09-25T12:05:00@4297.98;2026-09-25T12:15:00@4291.22,1,,NA,NA,,NA,,NA,0,NA,,,2026-09-25T12:20:00,STRUCTURE_FAILED,0
19fc18a3fb868349,M5,L1,LONG,HOLDOUT,2026-09-25T13:10:00,4307.28,4299.19,4308.15,2026-09-25T12:55:00@4291.00;2026-09-25T13:25:00@4309.61;2026-09-25T13:40:00@4302.30,1,,NA,NA,,NA,,NA,0,NA,,,2026-09-25T13:50:00,STRUCTURE_FAILED,0
2a1de5d10ebd1f04,M5,L3,LONG,HOLDOUT,2026-09-25T13:10:00,4307.28,4299.19,4308.15,2026-09-25T12:55:00@4291.00;2026-09-25T13:25:00@4309.61;2026-09-25T13:40:00@4302.30,1,,NA,NA,,NA,,NA,0,NA,,,2026-09-25T13:50:00,STRUCTURE_FAILED,0
