event_id,tf,level_type,side,level_price,level_source_time,box_n,break_bar_time,break_close_time,break_open,break_high,break_low,break_close,atr14,in_full,in_ny,status
199067ffb4a6a3fc,M5,L4,LONG,4354.39,2026-01-02T03:05:00,20,2026-01-02T04:45:00,2026-01-02T04:50:00,4351.55,4355.69,4351.12,4354.83,4.09390300,0,0,WARMUP
5d0df0a1a9ff8728,M5,L3,LONG,4402.36,2026-01-02T15:00:00,NA,2026-01-05T03:00:00,2026-01-05T03:05:00,4394.74,4416.97,4394.61,4416.81,6.07235752,1,0,EVENT
30906a4d9234aadd,M5,L2,LONG,4420.75,2026-01-05T01:20:00,NA,2026-01-05T08:25:00,2026-01-05T08:30:00,4419.62,4426.25,4419.34,4424.10,4.39312808,1,0,EVENT
9aa32b4f88c239d7,M5,L3,LONG,4420.75,2026-01-05T03:00:00,NA,2026-01-05T08:25:00,2026-01-05T08:30:00,4419.62,4426.25,4419.34,4424.10,4.39312808,1,0,EVENT
b24055fa779bc5fd,M5,L4,LONG,4425.52,2026-01-05T08:35:00,20,2026-01-05T10:15:00,2026-01-05T10:20:00,4424.35,4430.28,4424.29,4427.59,3.94581342,1,0,EVENT
6aa30da0f99c6d36,M5,L3,LONG,4439.90,2026-01-05T12:00:00,NA,2026-01-05T17:00:00,2026-01-05T17:05:00,4436.97,4453.53,4436.97,4451.93,6.66326032,1,1,EVENT
3f6379a84232bff8,M5,L3,LONG,4449.41,2026-01-05T21:00:00,NA,2026-01-06T01:00:00,2026-01-06T01:05:00,4449.67,4454.94,4449.44,4454.39,2.77818778,0,0,OPEN_BEYOND_LEVEL
7d8a549652dbda81,M5,L1,LONG,4455.68,2026-01-05T00:00:00,NA,2026-01-06T01:05:00,2026-01-06T01:10:00,4454.48,4458.11,4453.09,4457.82,3.00331722,0,0,EVENT
6d10a6ac0f633efa,M5,L3,LONG,4455.68,2026-01-05T17:00:00,NA,2026-01-06T01:05:00,2026-01-06T01:10:00,4454.48,4458.11,4453.09,4457.82,3.00331722,0,0,EVENT
4ecb71090a2eccc0,M5,L3,LONG,4460.25,2026-01-06T01:00:00,NA,2026-01-06T04:25:00,2026-01-06T04:30:00,4459.72,4460.83,4457.57,4460.32,4.84482457,1,0,EVENT
1277bee9d1d4f417,M5,L4,LONG,4468.51,2026-01-06T05:15:00,21,2026-01-06T07:00:00,2026-01-06T07:05:00,4467.35,4469.34,4466.91,4468.92,3.08113640,1,0,EVENT
8163c881b766c8bd,M5,L3,SHORT,4449.35,2026-01-06T07:00:00,NA,2026-01-06T11:45:00,2026-01-06T11:50:00,4455.96,4456.17,4445.43,4447.74,3.80421515,1,0,EVENT
994402378e00cd4a,M5,L2,LONG,4474.27,2026-01-06T01:20:00,NA,2026-01-06T16:30:00,2026-01-06T16:35:00,4466.75,4478.96,4465.14,4478.88,4.60752939,1,1,EVENT
e45b70f3e9c268d8,M5,L3,LONG,4475.86,2026-01-06T10:00:00,NA,2026-01-06T16:30:00,2026-01-06T16:35:00,4466.75,4478.96,4465.14,4478.88,4.60752939,1,1,EVENT
8d0a78a76edff87b,M5,L1,LONG,4497.43,2026-01-06T00:00:00,NA,2026-01-07T01:00:00,2026-01-07T01:05:00,4496.11,4498.88,4495.67,4498.48,2.41550409,0,0,EVENT
70858c3d80b76380,M5,L3,SHORT,4477.22,2026-01-06T21:00:00,NA,2026-01-07T03:05:00,2026-01-07T03:10:00,4483.37,4483.56,4471.89,4476.10,4.55032402,1,0,EVENT
ea2a745c42bc378b,M5,L3,SHORT,4459.76,2026-01-07T04:00:00,NA,2026-01-07T07:30:00,2026-01-07T07:35:00,4468.92,4469.67,4453.37,4453.97,3.61657152,1,0,EVENT
a19b82079486b446,M5,L2,SHORT,4443.44,2026-01-07T01:20:00,NA,2026-01-07T14:15:00,2026-01-07T14:20:00,4445.83,4448.44,4440.35,4442.35,3.93366417,1,0,EVENT
f80fc4fe1ec74531,M5,L3,SHORT,4442.81,2026-01-06T12:00:00,NA,2026-01-07T14:15:00,2026-01-07T14:20:00,4445.83,4448.44,4440.35,4442.35,3.93366417,1,0,EVENT
76e7b0525d6a3b30,M5,L3,SHORT,4432.27,2026-01-05T19:00:00,NA,2026-01-07T15:05:00,2026-01-07T15:10:00,4445.73,4446.82,4429.13,4429.83,4.70307614,1,0,EVENT
3e4a646db4eab0ef,M5,L1,SHORT,4427.86,2026-01-06T00:00:00,NA,2026-01-07T17:10:00,2026-01-07T17:15:00,4441.50,4442.48,4426.66,4426.75,7.04073369,1,1,EVENT
7fdc0f2ece5f586a,M5,L3,SHORT,4427.86,2026-01-06T03:00:00,NA,2026-01-07T17:10:00,2026-01-07T17:15:00,4441.50,4442.48,4426.66,4426.75,7.04073369,1,1,EVENT
d4e0d7657ccd5bbd,M5,L3,SHORT,4445.38,2026-01-07T21:00:00,NA,2026-01-08T03:50:00,2026-01-08T03:55:00,4447.79,4447.82,4444.27,4444.55,4.85616988,1,0,EVENT
5a093ab14f9a016c,M5,L1,SHORT,4423.61,2026-01-07T00:00:00,NA,2026-01-08T07:30:00,2026-01-08T07:35:00,4426.11,4427.00,4419.41,4423.11,3.54545771,1,0,EVENT
402875dd992dd421,M5,L3,SHORT,4423.61,2026-01-07T17:00:00,NA,2026-01-08T07:30:00,2026-01-08T07:35:00,4426.11,4427.00,4419.41,4423.11,3.54545771,1,0,EVENT
ee106982384ccb3e,M5,L2,SHORT,4415.56,2026-01-08T01:20:00,NA,2026-01-08T14:10:00,2026-01-08T14:15:00,4418.55,4419.59,4411.85,4412.14,3.86852504,1,0,EVENT
ab333ea1660c20f9,M5,L3,SHORT,4415.56,2026-01-08T07:00:00,NA,2026-01-08T14:10:00,2026-01-08T14:15:00,4418.55,4419.59,4411.85,4412.14,3.86852504,1,0,EVENT
0571ae1c09fae4a6,M5,L3,LONG,4439.75,2026-01-08T09:00:00,NA,2026-01-08T17:05:00,2026-01-08T17:10:00,4434.63,4444.78,4434.16,4444.63,6.73078880,1,1,EVENT
41fb80abc8ecb2a1,M5,L3,LONG,4468.36,2026-01-07T18:00:00,NA,2026-01-08T22:25:00,2026-01-08T22:30:00,4464.87,4473.53,4464.76,4469.95,3.39074707,0,0,EVENT
b9cdf04cc8febd06,M5,L3,LONG,4475.18,2026-01-07T10:00:00,NA,2026-01-08T22:30:00,2026-01-08T22:35:00,4469.92,4477.66,4469.90,4476.25,3.77497942,0,0,EVENT
20eee64e67d21fa3,M5,L1,LONG,4479.54,2026-01-08T00:00:00,NA,2026-01-09T01:00:00,2026-01-09T01:05:00,4479.95,4484.05,4476.84,4477.37,3.28000935,0,0,OPEN_BEYOND_LEVEL
c9205e18e5ab0503,M5,L4,SHORT,4460.22,2026-01-09T05:05:00,27,2026-01-09T07:20:00,2026-01-09T07:25:00,4463.83,4463.98,4458.17,4458.82,2.85857688,1,0,EVENT
6f499ab3a9b8246d,M5,L3,LONG,4477.58,2026-01-09T11:00:00,NA,2026-01-09T14:05:00,2026-01-09T14:10:00,4477.28,4480.66,4477.11,4477.63,2.63006961,1,0,EVENT
5e889261a141ff1a,M5,L3,SHORT,4464.14,2026-01-09T10:00:00,NA,2026-01-09T15:15:00,2026-01-09T15:20:00,4467.55,4468.88,4463.34,4463.71,3.78667213,1,0,EVENT
004b7d3bb2240e12,M5,L2,LONG,4478.96,2026-01-09T01:20:00,NA,2026-01-09T15:30:00,2026-01-09T15:35:00,4472.82,4488.47,4459.12,4487.03,4.45634062,1,0,EVENT
7cfa14c09f7e9a44,M5,L3,LONG,4484.05,2026-01-09T01:00:00,NA,2026-01-09T15:30:00,2026-01-09T15:35:00,4472.82,4488.47,4459.12,4487.03,4.45634062,1,0,EVENT
330dfd01eb44a94e,M5,L3,LONG,4500.43,2026-01-07T01:00:00,NA,2026-01-09T17:20:00,2026-01-09T17:25:00,4496.74,4510.70,4495.28,4508.74,7.43455064,1,1,EVENT
0dc015a635a6a5a0,M5,L1,LONG,4517.14,2026-01-09T00:00:00,NA,2026-01-12T01:00:00,2026-01-12T01:05:00,4518.79,4522.96,4513.42,4521.29,2.85536990,0,0,OPEN_BEYOND_LEVEL
1c9df2e6ce35249c,M5,L3,LONG,4517.14,2026-01-09T17:00:00,NA,2026-01-12T01:00:00,2026-01-12T01:05:00,4518.79,4522.96,4513.42,4521.29,2.85536990,0,0,OPEN_BEYOND_LEVEL
cc22112fda654b67,M5,L2,LONG,4601.07,2026-01-12T01:20:00,NA,2026-01-12T15:05:00,2026-01-12T15:10:00,4596.12,4604.58,4596.03,4601.38,3.63247616,1,0,EVENT
4d702e38db56e6c8,M5,L3,LONG,4601.07,2026-01-12T02:00:00,NA,2026-01-12T15:05:00,2026-01-12T15:10:00,4596.12,4604.58,4596.03,4601.38,3.63247616,1,0,EVENT
6c1d338be3ff9fc8,M5,L3,SHORT,4578.36,2026-01-12T14:00:00,NA,2026-01-13T03:30:00,2026-01-13T03:35:00,4581.82,4582.50,4575.55,4577.28,5.73901155,1,0,EVENT
bb976993b60a0b51,M5,L3,LONG,4596.98,2026-01-13T10:00:00,NA,2026-01-13T15:05:00,2026-01-13T15:10:00,4594.16,4598.72,4593.59,4598.72,3.42704256,1,0,EVENT
5c90022eceed2370,M5,L2,LONG,4601.97,2026-01-13T01:20:00,NA,2026-01-13T15:10:00,2026-01-13T15:15:00,4598.73,4605.94,4596.84,4602.70,3.54868238,1,0,EVENT
0fd1c07575dae38b,M5,L3,LONG,4601.97,2026-01-13T07:00:00,NA,2026-01-13T15:10:00,2026-01-13T15:15:00,4598.73,4605.94,4596.84,4602.70,3.54868238,1,0,EVENT
0f5bccf9a3f15e48,M5,L1,LONG,4630.25,2026-01-12T00:00:00,NA,2026-01-13T16:45:00,2026-01-13T16:50:00,4625.77,4634.16,4624.65,4633.71,6.28084789,1,1,EVENT
61b9b300898a4ba6,M5,L3,LONG,4630.25,2026-01-12T18:00:00,NA,2026-01-13T16:45:00,2026-01-13T16:50:00,4625.77,4634.16,4624.65,4633.71,6.28084789,1,1,EVENT
58e4d9bc47b9a226,M5,L3,SHORT,4573.73,2026-01-13T08:00:00,NA,2026-01-13T22:30:00,2026-01-13T22:35:00,4589.01,4589.30,4571.02,4572.37,5.18444694,0,0,EVENT
50100b8016e7fcc6,M5,L1,LONG,4634.44,2026-01-13T00:00:00,NA,2026-01-14T07:00:00,2026-01-14T07:05:00,4629.35,4639.43,4629.32,4638.52,2.90238457,1,0,EVENT
4523d5511122a931,M5,L3,LONG,4634.44,2026-01-13T16:00:00,NA,2026-01-14T07:00:00,2026-01-14T07:05:00,4629.35,4639.43,4629.32,4638.52,2.90238457,1,0,EVENT
ca0abce7cdb0da30,M5,L3,LONG,4639.75,2026-01-14T07:00:00,NA,2026-01-14T21:40:00,2026-01-14T21:45:00,4639.14,4640.37,4638.94,4639.98,4.92223285,0,0,EVENT
5e7853f3ad3670bc,M5,L3,SHORT,4599.40,2026-01-14T17:00:00,NA,2026-01-15T03:20:00,2026-01-15T03:25:00,4603.73,4605.81,4597.70,4598.01,5.51830650,1,0,EVENT
86e6486a55b14bed,M5,L1,SHORT,4588.72,2026-01-14T00:00:00,NA,2026-01-15T05:20:00,2026-01-15T05:25:00,4591.23,4591.23,4582.68,4587.42,6.55221373,1,0,EVENT
b79650dab4b00d9e,M5,L3,LONG,4613.43,2026-01-15T09:00:00,NA,2026-01-15T12:20:00,2026-01-15T12:25:00,4612.90,4615.64,4612.47,4615.03,3.38741676,1,0,EVENT
0a21ee43080c6a94,M5,L2,LONG,4618.10,2026-01-15T01:20:00,NA,2026-01-15T12:45:00,2026-01-15T12:50:00,4617.94,4619.76,4617.06,4618.91,3.46314750,1,0,EVENT
b7805f143697c185,M5,L3,SHORT,4600.77,2026-01-15T22:00:00,NA,2026-01-16T02:50:00,2026-01-16T02:55:00,4600.87,4600.89,4598.49,4600.05,3.30295288,1,0,EVENT
8dca990d234fc94e,M5,L2,SHORT,4591.33,2026-01-16T01:20:00,NA,2026-01-16T15:15:00,2026-01-16T15:20:00,4596.35,4597.77,4583.54,4587.40,3.98721075,1,0,EVENT
5202d90741a3d3e3,M5,L3,SHORT,4591.33,2026-01-16T04:00:00,NA,2026-01-16T15:15:00,2026-01-16T15:20:00,4596.35,4597.77,4583.54,4587.40,3.98721075,1,0,EVENT
4dd3e1d2c657654d,M5,L2,LONG,4616.18,2026-01-16T01:20:00,NA,2026-01-16T17:05:00,2026-01-16T17:10:00,4614.94,4620.21,4614.91,4617.02,6.28278001,1,1,EVENT
e3c756bbcddb880b,M5,L3,LONG,4616.18,2026-01-16T07:00:00,NA,2026-01-16T17:05:00,2026-01-16T17:10:00,4614.94,4620.21,4614.91,4617.02,6.28278001,1,1,EVENT
b5ec286c409c8118,M5,L1,SHORT,4581.18,2026-01-15T00:00:00,NA,2026-01-16T17:25:00,2026-01-16T17:30:00,4588.76,4592.98,4564.74,4565.22,7.87479644,1,1,EVENT
83567e54065fe87f,M5,L3,SHORT,4569.81,2026-01-13T22:00:00,NA,2026-01-16T17:25:00,2026-01-16T17:30:00,4588.76,4592.98,4564.74,4565.22,7.87479644,1,1,EVENT
dcad84e893061bfc,M5,L1,LONG,4620.92,2026-01-16T00:00:00,NA,2026-01-19T01:00:00,2026-01-19T01:05:00,4626.90,4650.97,4626.66,4648.90,3.47313971,0,0,OPEN_BEYOND_LEVEL
dcedfe59b1627d6b,M5,L3,LONG,4642.98,2026-01-14T21:00:00,NA,2026-01-19T01:00:00,2026-01-19T01:05:00,4626.90,4650.97,4626.66,4648.90,3.47313971,0,0,EVENT
c767fc0d5d5592ca,M5,L4,LONG,4667.50,2026-01-19T12:30:00,21,2026-01-19T14:15:00,2026-01-19T14:20:00,4665.75,4672.20,4665.72,4670.30,3.12181226,1,0,EVENT
f8885af4dece714e,M5,L3,LONG,4679.02,2026-01-19T08:00:00,NA,2026-01-19T20:20:00,2026-01-19T20:25:00,4675.87,4680.26,4675.87,4679.10,2.18936368,1,1,EVENT
88121a862a5e7748,M5,L3,LONG,4680.26,2026-01-19T20:00:00,NA,2026-01-20T06:10:00,2026-01-20T06:15:00,4680.17,4680.97,4679.56,4680.48,2.88656064,1,0,EVENT
6b4258ffdcde4cdd,M5,L1,LONG,4690.70,2026-01-19T00:00:00,NA,2026-01-20T06:45:00,2026-01-20T06:50:00,4689.63,4694.27,4688.79,4693.18,3.04727783,1,0,EVENT
7c2f418c934f34c7,M5,L3,LONG,4690.70,2026-01-19T01:00:00,NA,2026-01-20T06:45:00,2026-01-20T06:50:00,4689.63,4694.27,4688.79,4693.18,3.04727783,1,0,EVENT
5158169ee5907788,M5,L2,LONG,4716.70,2026-01-20T01:20:00,NA,2026-01-20T09:20:00,2026-01-20T09:25:00,4716.44,4720.66,4714.82,4719.26,4.19878471,1,0,EVENT
fbc27cd746a27921,M5,L3,LONG,4737.41,2026-01-20T11:00:00,NA,2026-01-20T16:00:00,2026-01-20T16:05:00,4737.26,4748.56,4735.84,4741.40,5.29005963,1,0,EVENT
53bc9614cdf0e402,M5,L1,LONG,4766.29,2026-01-20T00:00:00,NA,2026-01-21T01:40:00,2026-01-21T01:45:00,4763.27,4773.66,4763.27,4773.62,3.11444259,1,0,EVENT
9b55424b9c1087cc,M5,L3,LONG,4766.29,2026-01-20T21:00:00,NA,2026-01-21T01:40:00,2026-01-21T01:45:00,4763.27,4773.66,4763.27,4773.62,3.11444259,1,0,EVENT
10723a3d36fd06e7,M5,L2,LONG,4878.24,2026-01-21T01:20:00,NA,2026-01-21T08:20:00,2026-01-21T08:25:00,4875.20,4880.39,4870.09,4879.58,6.03149643,1,0,EVENT
61cf3cda4218cdb6,M5,L4,LONG,4869.79,2026-01-21T11:40:00,20,2026-01-21T13:20:00,2026-01-21T13:25:00,4869.77,4871.45,4868.80,4870.33,4.23873067,1,0,EVENT
5fb5037cf80bc8af,M5,L3,LONG,4877.03,2026-01-21T11:00:00,NA,2026-01-21T15:35:00,2026-01-21T15:40:00,4871.43,4878.60,4870.98,4878.39,5.23847165,1,0,EVENT
bbd82cfe53b22fa4,M5,L3,SHORT,4832.63,2026-01-21T09:00:00,NA,2026-01-21T17:15:00,2026-01-21T17:20:00,4860.26,4861.77,4829.21,4831.32,11.50867337,1,1,EVENT
379ec4d839eefc07,M5,L4,LONG,4802.68,2026-01-22T05:50:00,23,2026-01-22T07:45:00,2026-01-22T07:50:00,4800.80,4807.77,4800.80,4807.75,4.01822445,1,0,EVENT
caaf6e0ce6fc2d5e,M5,L2,LONG,4821.64,2026-01-22T01:20:00,NA,2026-01-22T08:00:00,2026-01-22T08:05:00,4821.30,4824.92,4819.94,4823.05,4.86496688,1,0,EVENT
d1c98499b6908cab,M5,L3,SHORT,4814.40,2026-01-22T11:00:00,NA,2026-01-22T15:40:00,2026-01-22T15:45:00,4821.90,4822.06,4810.96,4813.83,5.19686801,1,0,EVENT
1254666d3ae37aa3,M5,L3,LONG,4839.03,2026-01-22T09:00:00,NA,2026-01-22T16:30:00,2026-01-22T16:35:00,4829.53,4847.57,4828.14,4842.67,5.36357622,1,1,EVENT
5f2028323d3e2b2f,M5,L3,LONG,4853.88,2026-01-21T21:00:00,NA,2026-01-22T17:30:00,2026-01-22T17:35:00,4853.75,4864.79,4853.31,4863.56,7.65557602,1,1,EVENT
49df6e49a78205bf,M5,L3,LONG,4881.01,2026-01-21T16:00:00,NA,2026-01-22T18:35:00,2026-01-22T18:40:00,4878.73,4884.72,4876.12,4882.69,6.65917981,1,1,EVENT
8c9273687297183f,M5,L1,LONG,4888.52,2026-01-21T00:00:00,NA,2026-01-22T19:25:00,2026-01-22T19:30:00,4887.72,4893.99,4886.32,4889.81,7.48403750,1,1,EVENT
d9d7f0325ebdc1ff,M5,L3,LONG,4888.52,2026-01-21T08:00:00,NA,2026-01-22T19:25:00,2026-01-22T19:30:00,4887.72,4893.99,4886.32,4889.81,7.48403750,1,1,EVENT
781db8f8f2419752,M5,L1,LONG,4940.72,2026-01-22T00:00:00,NA,2026-01-23T01:00:00,2026-01-23T01:05:00,4942.77,4952.46,4939.11,4952.39,4.76868163,0,0,OPEN_BEYOND_LEVEL
0abd38525f77c8e6,M5,L2,SHORT,4930.92,2026-01-23T01:20:00,NA,2026-01-23T10:20:00,2026-01-23T10:25:00,4939.43,4939.45,4920.50,4920.98,5.05134905,1,0,EVENT
249c17e745806f5a,M5,L2,LONG,4967.48,2026-01-23T01:20:00,NA,2026-01-23T18:05:00,2026-01-23T18:10:00,4964.37,4974.39,4961.27,4973.95,7.23127433,1,1,EVENT
fadac563e4f9c297,M5,L3,LONG,4967.48,2026-01-23T07:00:00,NA,2026-01-23T18:05:00,2026-01-23T18:10:00,4964.37,4974.39,4961.27,4973.95,7.23127433,1,1,EVENT
22ed888ad5025bdc,M5,L1,LONG,4990.01,2026-01-23T00:00:00,NA,2026-01-26T01:00:00,2026-01-26T01:05:00,5010.98,5028.49,5001.08,5013.73,3.95572125,0,0,OPEN_BEYOND_LEVEL
f49a70e16bc65313,M5,L3,LONG,4990.01,2026-01-23T21:00:00,NA,2026-01-26T01:00:00,2026-01-26T01:05:00,5010.98,5028.49,5001.08,5013.73,3.95572125,0,0,OPEN_BEYOND_LEVEL
a6562faf56f1e79f,M5,L2,LONG,5093.16,2026-01-26T01:20:00,NA,2026-01-26T08:45:00,2026-01-26T08:50:00,5092.03,5110.10,5091.98,5106.92,7.44744044,1,0,EVENT
4afc8a5e6df41b9c,M5,L3,LONG,5093.16,2026-01-26T04:00:00,NA,2026-01-26T08:45:00,2026-01-26T08:50:00,5092.03,5110.10,5091.98,5106.92,7.44744044,1,0,EVENT
18714285b7d1ed5f,M5,L4,SHORT,5085.84,2026-01-26T09:10:00,20,2026-01-26T10:50:00,2026-01-26T10:55:00,5088.86,5089.78,5080.08,5082.91,5.49238972,1,0,EVENT
93b67214739f64e1,M5,L3,LONG,5098.76,2026-01-26T11:00:00,NA,2026-01-26T18:00:00,2026-01-26T18:05:00,5090.87,5102.88,5089.64,5100.04,8.67022825,1,1,EVENT
31c406321052d880,M5,L3,SHORT,5052.40,2026-01-26T07:00:00,NA,2026-01-26T21:00:00,2026-01-26T21:05:00,5068.93,5069.61,5035.67,5045.68,9.95369694,1,1,EVENT
ef0f2226abb06945,M5,L3,LONG,5079.86,2026-01-27T04:00:00,NA,2026-01-27T07:45:00,2026-01-27T07:50:00,5074.66,5082.23,5074.64,5079.98,6.03335293,1,0,EVENT
31bb097b8d9f7790,M5,L2,LONG,5085.18,2026-01-27T01:20:00,NA,2026-01-27T08:20:00,2026-01-27T08:25:00,5081.41,5087.58,5079.69,5087.38,5.88435779,1,0,EVENT
d0ac832c26e0c973,M5,L3,SHORT,5073.37,2026-01-27T10:00:00,NA,2026-01-27T13:50:00,2026-01-27T13:55:00,5075.50,5077.29,5066.98,5072.22,4.70178059,1,0,EVENT
84e7ca00721c2628,M5,L3,SHORT,5066.98,2026-01-27T13:00:00,NA,2026-01-27T16:10:00,2026-01-27T16:15:00,5069.37,5071.70,5055.06,5060.23,7.47280388,1,0,EVENT
1f05768d4bf5e45e,M5,L3,SHORT,5057.55,2026-01-27T07:00:00,NA,2026-01-27T16:15:00,2026-01-27T16:20:00,5060.06,5063.60,5046.46,5055.35,8.12760360,1,0,EVENT
1ae5f71ec55d09fc,M5,L3,LONG,5093.00,2026-01-27T15:00:00,NA,2026-01-27T18:10:00,2026-01-27T18:15:00,5090.52,5098.58,5090.48,5095.09,9.84033934,1,1,EVENT
f8b7363eb42837d0,M5,L1,LONG,5111.13,2026-01-26T00:00:00,NA,2026-01-27T22:00:00,2026-01-27T22:05:00,5099.01,5121.15,5097.94,5118.99,5.00003585,0,0,EVENT
736f1cdeb4e8d535,M5,L3,LONG,5111.13,2026-01-26T08:00:00,NA,2026-01-27T22:00:00,2026-01-27T22:05:00,5099.01,5121.15,5097.94,5118.99,5.00003585,0,0,EVENT
050ce2a4cf7e44cc,M5,L1,LONG,5190.34,2026-01-27T00:00:00,NA,2026-01-28T03:05:00,2026-01-28T03:10:00,5186.30,5201.98,5181.80,5196.73,7.98789853,1,0,EVENT
946bd5fefeea4113,M5,L3,LONG,5190.34,2026-01-27T23:00:00,NA,2026-01-28T03:05:00,2026-01-28T03:10:00,5186.30,5201.98,5181.80,5196.73,7.98789853,1,0,EVENT
004a01520bc3f0cd,M5,L2,LONG,5266.37,2026-01-28T01:20:00,NA,2026-01-28T08:50:00,2026-01-28T08:55:00,5262.30,5271.35,5261.88,5266.66,6.46927593,1,0,EVENT
c954ef543703013b,M5,L4,LONG,5266.37,2026-01-28T07:10:00,20,2026-01-28T08:50:00,2026-01-28T08:55:00,5262.30,5271.35,5261.88,5266.66,6.46927593,1,0,EVENT
908bf5e965714a1a,M5,L3,LONG,5311.68,2026-01-28T10:00:00,NA,2026-01-28T20:20:00,2026-01-28T20:25:00,5310.48,5326.17,5310.38,5321.50,10.24448683,1,1,EVENT
9bd11efd9915c7f9,M5,L1,LONG,5419.16,2026-01-28T00:00:00,NA,2026-01-29T01:00:00,2026-01-29T01:05:00,5420.57,5453.81,5419.57,5440.84,12.62693595,0,0,OPEN_BEYOND_LEVEL
d07b2da10b1c8554,M5,L3,SHORT,5470.80,2026-01-29T13:00:00,NA,2026-01-29T17:00:00,2026-01-29T17:05:00,5497.37,5497.37,5439.91,5457.66,17.77966890,1,1,EVENT
f8810033b7a3d56e,M5,L2,SHORT,5445.59,2026-01-29T01:20:00,NA,2026-01-29T17:05:00,2026-01-29T17:10:00,5457.66,5471.70,5405.31,5413.74,20.69897827,1,1,EVENT
643a78ecd3d67cae,M5,L3,SHORT,5235.36,2026-01-28T17:00:00,NA,2026-01-29T17:25:00,2026-01-29T17:30:00,5294.94,5310.84,5113.59,5188.43,35.31148397,1,1,EVENT
b393dfa8e2702f68,M5,L1,SHORT,5157.19,2026-01-28T00:00:00,NA,2026-01-29T17:40:00,2026-01-29T17:45:00,5204.60,5204.66,5107.64,5122.15,58.06040827,1,1,EVENT
4111d68481b9f39f,M5,L3,SHORT,5157.19,2026-01-28T02:00:00,NA,2026-01-29T17:40:00,2026-01-29T17:45:00,5204.60,5204.66,5107.64,5122.15,58.06040827,1,1,EVENT
8d5ff52fd6a6b879,M5,L4,SHORT,5304.27,2026-01-29T19:50:00,20,2026-01-29T21:30:00,2026-01-29T21:35:00,5318.44,5319.51,5291.22,5293.84,24.74353640,0,0,EVENT
e3bb0f8cc5ad6092,M5,L3,SHORT,5282.80,2026-01-29T22:00:00,NA,2026-01-30T04:05:00,2026-01-30T04:10:00,5296.04,5306.57,5271.23,5273.55,25.72041722,1,0,EVENT
d251dcdde210d9a3,M5,L4,SHORT,5198.80,2026-01-30T06:05:00,22,2026-01-30T07:55:00,2026-01-30T08:00:00,5216.05,5216.05,5179.79,5184.78,17.94911085,1,0,EVENT
5ab485a4175faa4a,M5,L1,SHORT,5104.68,2026-01-29T00:00:00,NA,2026-01-30T10:30:00,2026-01-30T10:35:00,5152.22,5154.84,5074.92,5078.52,22.57023496,1,0,EVENT
4002f17cab024796,M5,L2,SHORT,5112.08,2026-01-30T01:20:00,NA,2026-01-30T10:30:00,2026-01-30T10:35:00,5152.22,5154.84,5074.92,5078.52,22.57023496,1,0,EVENT
d358631996f38073,M5,L3,SHORT,5104.68,2026-01-29T17:00:00,NA,2026-01-30T10:30:00,2026-01-30T10:35:00,5152.22,5154.84,5074.92,5078.52,22.57023496,1,0,EVENT
fb15b9bc7fb26fd2,M5,L3,SHORT,5076.15,2026-01-27T20:00:00,NA,2026-01-30T11:05:00,2026-01-30T11:10:00,5114.85,5116.76,5057.28,5061.48,26.52821124,1,0,EVENT
bd37a00ec75991a8,M5,L3,SHORT,5046.46,2026-01-27T16:00:00,NA,2026-01-30T11:10:00,2026-01-30T11:15:00,5060.77,5069.59,5014.03,5028.71,28.88191044,1,0,EVENT
8f9efffcd04a6526,M5,L3,SHORT,4989.31,2026-01-26T23:00:00,NA,2026-01-30T11:40:00,2026-01-30T11:45:00,5031.68,5036.53,4976.46,4976.46,32.49674568,1,0,EVENT
995a937766d19a82,M5,L3,SHORT,4938.83,2026-01-30T11:00:00,NA,2026-01-30T19:05:00,2026-01-30T19:10:00,4974.57,4975.94,4927.81,4930.96,28.57580449,1,1,EVENT
cd1960ea325ace86,M5,L1,SHORT,4687.63,2026-01-30T00:00:00,NA,2026-02-02T03:05:00,2026-02-02T03:10:00,4756.22,4766.80,4657.04,4657.04,35.79859278,1,0,EVENT
1db0a734ad613e86,M5,L3,SHORT,4687.63,2026-01-30T20:00:00,NA,2026-02-02T03:05:00,2026-02-02T03:10:00,4756.22,4766.80,4657.04,4657.04,35.79859278,1,0,EVENT
d4db87bb08c565ac,M5,L3,SHORT,4585.85,2026-02-02T03:00:00,NA,2026-02-02T07:40:00,2026-02-02T07:45:00,4621.90,4625.07,4572.95,4576.68,29.09440875,1,0,EVENT
7e98489d6a22afd6,M5,L2,SHORT,4498.00,2026-02-02T01:20:00,NA,2026-02-02T08:20:00,2026-02-02T08:25:00,4532.82,4532.85,4448.34,4465.01,35.72892084,1,0,EVENT
da10110f20411b84,M5,L3,LONG,4812.34,2026-02-02T14:00:00,NA,2026-02-03T02:20:00,2026-02-03T02:25:00,4809.69,4821.43,4801.43,4815.89,21.79920513,1,0,EVENT
a0f223a07a1cbd1c,M5,L2,LONG,4856.00,2026-02-03T01:20:00,NA,2026-02-03T08:20:00,2026-02-03T08:25:00,4855.93,4863.03,4847.42,4860.78,14.50211604,1,0,EVENT
01f521e3932e75fb,M5,L3,LONG,4856.00,2026-02-03T03:00:00,NA,2026-02-03T08:20:00,2026-02-03T08:25:00,4855.93,4863.03,4847.42,4860.78,14.50211604,1,0,EVENT
d6a0a518f41c610d,M5,L1,LONG,4884.96,2026-02-02T00:00:00,NA,2026-02-03T08:40:00,2026-02-03T08:45:00,4875.39,4893.88,4873.20,4891.86,13.77228046,1,0,EVENT
d022eaec1a1617d6,M5,L3,LONG,4951.12,2026-02-03T15:00:00,NA,2026-02-03T18:15:00,2026-02-03T18:20:00,4944.21,4971.12,4941.55,4967.10,13.86643526,1,1,EVENT
6721313c524519b5,M5,L3,SHORT,4883.35,2026-02-03T13:00:00,NA,2026-02-03T21:05:00,2026-02-03T21:10:00,4890.20,4893.53,4880.45,4881.58,18.89987876,1,1,EVENT
5f07d0b62e2531e1,M5,L1,LONG,4993.91,2026-02-03T00:00:00,NA,2026-02-04T02:15:00,2026-02-04T02:20:00,4986.55,4997.73,4984.55,4994.64,14.85521902,1,0,EVENT
19d560e34c35dfa6,M5,L3,LONG,4993.91,2026-02-03T18:00:00,NA,2026-02-04T02:15:00,2026-02-04T02:20:00,4986.55,4997.73,4984.55,4994.64,14.85521902,1,0,EVENT
f904def612506608,M5,L4,LONG,5065.66,2026-02-04T03:50:00,21,2026-02-04T05:35:00,2026-02-04T05:40:00,5062.00,5071.22,5062.00,5070.99,13.52442857,1,0,EVENT
1dd5c4ef9fd705a2,M5,L3,SHORT,5051.07,2026-02-04T08:00:00,NA,2026-02-04T11:30:00,2026-02-04T11:35:00,5056.52,5057.50,5042.83,5050.83,9.47058765,1,0,EVENT
5c386326c48f20cd,M5,L3,SHORT,5013.30,2026-02-04T13:00:00,NA,2026-02-04T16:35:00,2026-02-04T16:40:00,5013.32,5023.15,4969.64,4979.83,14.06941743,1,1,EVENT
977f9977bcdaa029,M5,L2,SHORT,4920.35,2026-02-04T01:20:00,NA,2026-02-04T17:30:00,2026-02-04T17:35:00,4959.26,4962.47,4914.54,4919.48,21.81301410,1,1,EVENT
c92d27f3115c30c8,M5,L3,SHORT,4880.45,2026-02-03T21:00:00,NA,2026-02-04T18:45:00,2026-02-04T18:50:00,4896.27,4900.76,4854.83,4872.45,24.38013837,1,1,EVENT
30cbfb974ec2093d,M5,L1,SHORT,4854.83,2026-02-04T00:00:00,NA,2026-02-05T04:45:00,2026-02-05T04:50:00,4898.95,4900.92,4829.01,4852.80,20.10804094,1,0,EVENT
4d62c91a72a4b154,M5,L3,SHORT,4854.83,2026-02-04T18:00:00,NA,2026-02-05T04:45:00,2026-02-05T04:50:00,4898.95,4900.92,4829.01,4852.80,20.10804094,1,0,EVENT
14a768ef1dd03cd7,M5,L3,SHORT,4789.52,2026-02-05T05:00:00,NA,2026-02-05T23:30:00,2026-02-05T23:35:00,4801.27,4804.58,4762.48,4771.72,13.74271277,0,0,EVENT
cd03d895e87c0547,M5,L1,SHORT,4759.54,2026-02-05T00:00:00,NA,2026-02-06T01:20:00,2026-02-06T01:25:00,4763.10,4765.38,4756.29,4756.44,16.65014781,1,0,EVENT
57b57877941e6141,M5,L3,SHORT,4746.01,2026-02-03T04:00:00,NA,2026-02-06T01:35:00,2026-02-06T01:40:00,4753.96,4753.96,4732.49,4738.82,15.26169998,1,0,EVENT
52b7f88be90fcc5a,M5,L3,LONG,4846.13,2026-02-06T04:00:00,NA,2026-02-06T07:25:00,2026-02-06T07:30:00,4836.14,4852.42,4835.94,4850.95,11.42178973,1,0,EVENT
c3329f335c77afbb,M5,L2,LONG,4898.02,2026-02-06T01:20:00,NA,2026-02-06T14:05:00,2026-02-06T14:10:00,4888.97,4903.10,4888.97,4899.64,10.05186456,1,0,EVENT
dbff7af886483dad,M5,L3,LONG,4906.75,2026-02-05T18:00:00,NA,2026-02-06T15:00:00,2026-02-06T15:05:00,4901.72,4925.47,4897.04,4924.68,9.47074369,1,0,EVENT
4d897f5ef5cf7b9b,M5,L3,LONG,4943.61,2026-02-05T10:00:00,NA,2026-02-06T16:55:00,2026-02-06T17:00:00,4939.35,4949.81,4935.14,4947.97,14.06469127,1,1,EVENT
ee9b98cb6bc39801,M5,L1,LONG,4971.27,2026-02-06T00:00:00,NA,2026-02-09T01:00:00,2026-02-09T01:05:00,4980.41,4993.00,4964.88,4989.86,6.12421125,0,0,OPEN_BEYOND_LEVEL
b45fc13cbadddea9,M5,L3,LONG,4971.27,2026-02-06T20:00:00,NA,2026-02-09T01:00:00,2026-02-09T01:05:00,4980.41,4993.00,4964.88,4989.86,6.12421125,0,0,OPEN_BEYOND_LEVEL
8d7dbf2abc18937f,M5,L3,LONG,5023.82,2026-02-05T01:00:00,NA,2026-02-09T01:30:00,2026-02-09T01:35:00,5022.61,5043.69,5019.91,5039.86,11.40382218,1,0,EVENT
200c91c133b108df,M5,L3,SHORT,4997.32,2026-02-09T09:00:00,NA,2026-02-09T12:25:00,2026-02-09T12:30:00,5007.65,5007.65,4985.22,4992.79,8.15366383,1,0,EVENT
d8aefc6a2aeea331,M5,L4,SHORT,5005.32,2026-02-09T13:40:00,21,2026-02-09T15:25:00,2026-02-09T15:30:00,5016.76,5018.77,5003.64,5004.23,8.31839273,1,0,EVENT
6af7464ff60f16a0,M5,L2,LONG,5047.27,2026-02-09T01:20:00,NA,2026-02-09T17:30:00,2026-02-09T17:35:00,5032.89,5052.20,5032.89,5052.20,8.72368101,1,1,EVENT
dfbc362bb34422d3,M5,L3,LONG,5047.27,2026-02-09T01:00:00,NA,2026-02-09T17:30:00,2026-02-09T17:35:00,5032.89,5052.20,5032.89,5052.20,8.72368101,1,1,EVENT
5c19d2a0b735a25d,M5,L3,LONG,5080.78,2026-02-09T18:00:00,NA,2026-02-09T22:50:00,2026-02-09T22:55:00,5076.25,5082.22,5075.78,5081.06,5.23749338,0,0,EVENT
b92696c5c0906a6f,M5,L2,LONG,5056.36,2026-02-10T01:20:00,NA,2026-02-10T11:05:00,2026-02-10T11:10:00,5048.66,5063.43,5048.48,5058.73,7.26762208,1,0,EVENT
90a28296075bde1c,M5,L3,LONG,5056.36,2026-02-10T04:00:00,NA,2026-02-10T11:05:00,2026-02-10T11:10:00,5048.66,5063.43,5048.48,5058.73,7.26762208,1,0,EVENT
3439231928a1aff9,M5,L3,LONG,5063.43,2026-02-10T11:00:00,NA,2026-02-10T16:15:00,2026-02-10T16:20:00,5055.28,5074.97,5055.22,5071.69,7.76098207,1,0,EVENT
bd822fd4fbc2495c,M5,L3,SHORT,5011.18,2026-02-10T07:00:00,NA,2026-02-10T17:35:00,2026-02-10T17:40:00,5032.57,5033.50,4998.14,5005.97,10.44010868,1,1,EVENT
8d39670212d01069,M5,L3,LONG,5054.54,2026-02-11T01:00:00,NA,2026-02-11T04:50:00,2026-02-11T04:55:00,5051.85,5057.08,5051.80,5055.19,6.74686966,1,0,EVENT
9af98136ec270bdb,M5,L2,LONG,5063.88,2026-02-11T01:20:00,NA,2026-02-11T08:55:00,2026-02-11T09:00:00,5058.95,5064.52,5058.95,5063.94,5.42728276,1,0,EVENT
6704e8f1b08944f0,M5,L1,LONG,5078.56,2026-02-10T00:00:00,NA,2026-02-11T12:40:00,2026-02-11T12:45:00,5073.46,5100.56,5072.53,5096.67,5.04960922,1,0,EVENT
68628d9082f03d58,M5,L3,LONG,5092.22,2026-02-04T10:00:00,NA,2026-02-11T12:40:00,2026-02-11T12:45:00,5073.46,5100.56,5072.53,5096.67,5.04960922,1,0,EVENT
08921580b7518bf1,M5,L3,SHORT,5045.65,2026-02-11T10:00:00,NA,2026-02-11T16:35:00,2026-02-11T16:40:00,5068.32,5071.08,5043.84,5044.62,12.63365482,1,1,EVENT
22fe593897760bae,M5,L3,SHORT,5043.46,2026-02-11T07:00:00,NA,2026-02-11T16:40:00,2026-02-11T16:45:00,5044.58,5049.42,5035.21,5040.07,13.67696519,1,1,EVENT
ba40341ee9bab7fc,M5,L2,LONG,5078.16,2026-02-12T01:20:00,NA,2026-02-12T11:50:00,2026-02-12T11:55:00,5073.94,5080.84,5073.94,5079.09,4.81947751,1,0,EVENT
d8a4343e50abf89d,M5,L3,LONG,5078.16,2026-02-12T07:00:00,NA,2026-02-12T11:50:00,2026-02-12T11:55:00,5073.94,5080.84,5073.94,5079.09,4.81947751,1,0,EVENT
5918f31f9b2a8075,M5,L2,SHORT,5045.14,2026-02-12T01:20:00,NA,2026-02-12T16:55:00,2026-02-12T17:00:00,5053.99,5055.45,5038.39,5044.36,8.23876409,1,1,EVENT
1fa148375630c436,M5,L3,SHORT,5045.14,2026-02-12T03:00:00,NA,2026-02-12T16:55:00,2026-02-12T17:00:00,5053.99,5055.45,5038.39,5044.36,8.23876409,1,1,EVENT
8b94cf032bf6464d,M5,L1,SHORT,5019.17,2026-02-11T00:00:00,NA,2026-02-12T18:10:00,2026-02-12T18:15:00,5050.53,5050.53,4948.45,4955.87,8.36898664,1,1,EVENT
0420e0e71e9ac66a,M5,L3,SHORT,4969.07,2026-02-09T04:00:00,NA,2026-02-12T18:10:00,2026-02-12T18:15:00,5050.53,5050.53,4948.45,4955.87,8.36898664,1,1,EVENT
ed109bbddbe324db,M5,L3,SHORT,4936.54,2026-02-06T22:00:00,NA,2026-02-12T18:15:00,2026-02-12T18:20:00,4956.91,4965.76,4913.01,4935.09,15.06263045,1,1,EVENT
24bccd656bb85f56,M5,L3,SHORT,4944.83,2026-02-13T07:00:00,NA,2026-02-13T13:20:00,2026-02-13T13:25:00,4948.37,4952.64,4933.01,4938.91,8.17698049,1,0,EVENT
57864bc3d11b5abc,M5,L3,LONG,4989.57,2026-02-13T10:00:00,NA,2026-02-13T15:30:00,2026-02-13T15:35:00,4967.38,4999.68,4967.37,4993.20,7.49183464,1,0,EVENT
d39becc7b988e410,M5,L2,LONG,4997.44,2026-02-13T01:20:00,NA,2026-02-13T16:10:00,2026-02-13T16:15:00,4991.23,5000.84,4989.69,4997.72,10.12167706,1,0,EVENT
8143c22ef33e0bde,M5,L3,LONG,4997.44,2026-02-13T06:00:00,NA,2026-02-13T16:10:00,2026-02-13T16:15:00,4991.23,5000.84,4989.69,4997.72,10.12167706,1,0,EVENT
31c6ef705d9d3fe4,M5,L3,SHORT,4969.13,2026-02-16T17:00:00,NA,2026-02-17T02:45:00,2026-02-17T02:50:00,4970.33,4970.33,4968.52,4969.04,5.36883942,1,0,EVENT
0b7f4cc497d3c3e3,M5,L1,SHORT,4965.34,2026-02-16T00:00:00,NA,2026-02-17T02:50:00,2026-02-17T02:55:00,4969.03,4969.82,4948.51,4952.18,5.11463660,1,0,EVENT
58a1fedca1ee6784,M5,L3,SHORT,4965.34,2026-02-16T07:00:00,NA,2026-02-17T02:50:00,2026-02-17T02:55:00,4969.03,4969.82,4948.51,4952.18,5.11463660,1,0,EVENT
9c7b4176782dc941,M5,L3,SHORT,4933.01,2026-02-13T13:00:00,NA,2026-02-17T07:10:00,2026-02-17T07:15:00,4944.63,4945.15,4927.05,4928.39,5.26913349,1,0,EVENT
6c5fe0ee3ecc00b3,M5,L3,SHORT,4923.21,2026-02-17T03:00:00,NA,2026-02-17T07:15:00,2026-02-17T07:20:00,4928.37,4928.54,4895.65,4901.04,6.18562395,1,0,EVENT
476154c715ca7cff,M5,L3,SHORT,4885.90,2026-02-13T01:00:00,NA,2026-02-17T07:30:00,2026-02-17T07:35:00,4900.63,4902.46,4858.70,4885.02,9.10699192,1,0,EVENT
aac848ba36f58669,M5,L3,SHORT,4878.23,2026-02-12T18:00:00,NA,2026-02-17T15:55:00,2026-02-17T16:00:00,4916.61,4916.61,4868.59,4870.67,7.55938147,1,0,EVENT
7cc50fb47239912c,M5,L2,SHORT,4858.70,2026-02-17T01:20:00,NA,2026-02-17T17:05:00,2026-02-17T17:10:00,4868.36,4872.66,4856.30,4857.32,16.20451268,1,1,EVENT
190e916e562ec16d,M5,L3,SHORT,4858.70,2026-02-17T07:00:00,NA,2026-02-17T17:05:00,2026-02-17T17:10:00,4868.36,4872.66,4856.30,4857.32,16.20451268,1,1,EVENT
a576d073c6daddfd,M5,L3,LONG,4910.71,2026-02-17T20:00:00,NA,2026-02-18T05:00:00,2026-02-18T05:05:00,4905.01,4914.37,4904.28,4913.13,5.33953340,1,0,EVENT
cb09da0b8f4f0e14,M5,L2,LONG,4940.13,2026-02-18T01:20:00,NA,2026-02-18T14:55:00,2026-02-18T15:00:00,4933.53,4947.40,4933.50,4942.36,4.70573890,1,0,EVENT
76d4ea0c3c7dc510,M5,L3,LONG,4942.32,2026-02-18T09:00:00,NA,2026-02-18T14:55:00,2026-02-18T15:00:00,4933.53,4947.40,4933.50,4942.36,4.70573890,1,0,EVENT
c0cb42a9cbfb50e5,M5,L3,LONG,4944.55,2026-02-17T14:00:00,NA,2026-02-18T15:00:00,2026-02-18T15:05:00,4942.44,4955.31,4942.44,4946.30,5.36247184,1,0,EVENT
1740c8eb46c970bf,M5,L1,LONG,5001.16,2026-02-17T00:00:00,NA,2026-02-18T17:00:00,2026-02-18T17:05:00,4991.84,5007.93,4991.49,5003.33,8.03355970,1,1,EVENT
6c537fe57ccb1727,M5,L3,LONG,5001.16,2026-02-17T01:00:00,NA,2026-02-18T17:00:00,2026-02-18T17:05:00,4991.84,5007.93,4991.49,5003.33,8.03355970,1,1,EVENT
da7eb351595d2828,M5,L3,SHORT,4972.83,2026-02-18T21:00:00,NA,2026-02-19T02:00:00,2026-02-19T02:05:00,4976.07,4976.34,4961.44,4963.29,5.84561301,1,0,EVENT
e6e3c8eada4b8643,M5,L3,LONG,4988.92,2026-02-19T01:00:00,NA,2026-02-19T07:05:00,2026-02-19T07:10:00,4988.29,4990.88,4987.16,4990.43,3.84651668,1,0,EVENT
f1069805cf4166db,M5,L2,LONG,4998.87,2026-02-19T01:20:00,NA,2026-02-19T08:00:00,2026-02-19T08:05:00,4996.91,4999.65,4996.62,4999.55,3.37169457,1,0,EVENT
1227e7aff2f71f7a,M5,L1,LONG,5011.23,2026-02-18T00:00:00,NA,2026-02-19T08:45:00,2026-02-19T08:50:00,5009.09,5016.18,5009.05,5015.89,3.39566145,1,0,EVENT
e58fc6ebd36af6c7,M5,L3,LONG,5011.23,2026-02-18T18:00:00,NA,2026-02-19T08:45:00,2026-02-19T08:50:00,5009.09,5016.18,5009.05,5015.89,3.39566145,1,0,EVENT
5b2c76ec14c0dd72,M5,L3,LONG,5017.27,2026-02-16T12:00:00,NA,2026-02-19T08:50:00,2026-02-19T08:55:00,5015.82,5019.62,5014.17,5017.82,3.66239992,1,0,EVENT
4feaf94db956bfc6,M5,L2,LONG,5014.94,2026-02-20T01:20:00,NA,2026-02-20T08:00:00,2026-02-20T08:05:00,5011.63,5017.72,5011.63,5015.01,4.09796908,1,0,EVENT
12d49ac6498d91d5,M5,L3,LONG,5014.94,2026-02-20T03:00:00,NA,2026-02-20T08:00:00,2026-02-20T08:05:00,5011.63,5017.72,5011.63,5015.01,4.09796908,1,0,EVENT
f1d0a7b187da0472,M5,L3,LONG,5021.96,2026-02-19T10:00:00,NA,2026-02-20T08:20:00,2026-02-20T08:25:00,5017.16,5023.01,5016.75,5022.16,4.22787706,1,0,EVENT
f2c95f43ba901d19,M5,L1,LONG,5022.37,2026-02-19T00:00:00,NA,2026-02-20T08:25:00,2026-02-20T08:30:00,5022.13,5029.79,5021.54,5022.42,4.37302870,1,0,EVENT
3176fadab9fe83ad,M5,L3,LONG,5022.37,2026-02-19T17:00:00,NA,2026-02-20T08:25:00,2026-02-20T08:30:00,5022.13,5029.79,5021.54,5022.42,4.37302870,1,0,EVENT
20dfcc9f4650b8a0,M5,L3,LONG,5031.55,2026-02-16T04:00:00,NA,2026-02-20T11:00:00,2026-02-20T11:05:00,5028.86,5034.96,5028.08,5034.35,5.10457017,1,0,EVENT
d7f3356cde2702fb,M5,L3,LONG,5042.50,2026-02-20T11:00:00,NA,2026-02-20T15:50:00,2026-02-20T15:55:00,5042.04,5048.12,5040.80,5044.55,6.22070621,1,0,EVENT
5b1a0a2925f63467,M5,L3,LONG,5046.07,2026-02-13T21:00:00,NA,2026-02-20T16:30:00,2026-02-20T16:35:00,5040.98,5052.23,5037.64,5047.42,5.88121478,1,1,EVENT
f66f637cce628e0b,M5,L3,LONG,5049.52,2026-02-16T01:00:00,NA,2026-02-20T16:40:00,2026-02-20T16:45:00,5045.93,5054.85,5044.49,5052.82,6.88875152,1,1,EVENT
d6e8249c136a5aa4,M5,L1,LONG,5107.94,2026-02-20T00:00:00,NA,2026-02-23T01:00:00,2026-02-23T01:05:00,5106.68,5120.84,5098.34,5117.57,4.54365133,0,0,EVENT
aa9a1bfcc2588c34,M5,L3,LONG,5171.62,2026-02-23T01:00:00,NA,2026-02-23T04:40:00,2026-02-23T04:45:00,5168.85,5176.58,5168.10,5174.43,7.30163690,1,0,EVENT
a0a8891e663608a9,M5,L4,SHORT,5152.04,2026-02-23T06:35:00,25,2026-02-23T08:40:00,2026-02-23T08:45:00,5154.28,5154.99,5147.32,5148.39,4.18501299,1,0,EVENT
8bcbbf2d3f99b10f,M5,L2,SHORT,5129.34,2026-02-23T01:20:00,NA,2026-02-23T10:20:00,2026-02-23T10:25:00,5136.30,5138.34,5128.14,5128.14,5.82999630,1,0,EVENT
dc9b25db96222eb6,M5,L2,LONG,5176.59,2026-02-23T01:20:00,NA,2026-02-23T16:35:00,2026-02-23T16:40:00,5171.78,5184.19,5171.27,5184.17,5.53317309,1,1,EVENT
92fa87c9588a679d,M5,L3,LONG,5176.59,2026-02-23T04:00:00,NA,2026-02-23T16:35:00,2026-02-23T16:40:00,5171.78,5184.19,5171.27,5184.17,5.53317309,1,1,EVENT
416bea741d39fa56,M5,L3,LONG,5219.00,2026-02-23T18:00:00,NA,2026-02-23T22:00:00,2026-02-23T22:05:00,5215.68,5222.85,5214.93,5222.55,4.83126701,0,0,EVENT
73547071b78467b6,M5,L1,LONG,5237.81,2026-02-23T00:00:00,NA,2026-02-24T01:00:00,2026-02-24T01:05:00,5226.23,5248.05,5222.56,5243.06,3.84025846,0,0,EVENT
989dc8ffaec31dcb,M5,L4,LONG,5177.13,2026-02-24T06:10:00,20,2026-02-24T07:50:00,2026-02-24T07:55:00,5174.46,5181.88,5173.42,5180.85,5.75509404,1,0,EVENT
42adb584939c8016,M5,L3,SHORT,5156.00,2026-02-24T08:00:00,NA,2026-02-24T14:15:00,2026-02-24T14:20:00,5167.70,5168.49,5146.93,5151.23,4.35245313,1,0,EVENT
5729b9ed191d79ea,M5,L2,SHORT,5145.52,2026-02-24T01:20:00,NA,2026-02-24T15:35:00,2026-02-24T15:40:00,5154.04,5155.58,5132.96,5138.45,6.38877244,1,0,EVENT
9f406230b9b51372,M5,L3,SHORT,5141.56,2026-02-23T16:00:00,NA,2026-02-24T15:35:00,2026-02-24T15:40:00,5154.04,5155.58,5132.96,5138.45,6.38877244,1,0,EVENT
90c24a09d89a0270,M5,L3,SHORT,5122.30,2026-02-23T10:00:00,NA,2026-02-24T15:55:00,2026-02-24T16:00:00,5133.13,5134.55,5111.24,5115.26,9.03202493,1,0,EVENT
65bde3e537269daa,M5,L3,LONG,5173.19,2026-02-24T22:00:00,NA,2026-02-25T03:10:00,2026-02-25T03:15:00,5168.81,5176.67,5163.88,5174.50,8.01339201,1,0,EVENT
2d9a87af00efdeec,M5,L3,LONG,5194.03,2026-02-25T04:00:00,NA,2026-02-25T07:25:00,2026-02-25T07:30:00,5188.65,5195.74,5188.32,5195.46,5.00571964,1,0,EVENT
8c64d20d662bf819,M5,L2,LONG,5210.54,2026-02-25T01:20:00,NA,2026-02-25T18:50:00,2026-02-25T18:55:00,5208.07,5212.55,5207.53,5211.88,6.79177372,1,1,EVENT
976aed51de6e1332,M5,L3,LONG,5210.54,2026-02-25T07:00:00,NA,2026-02-25T18:50:00,2026-02-25T18:55:00,5208.07,5212.55,5207.53,5211.88,6.79177372,1,1,EVENT
7fdbe0e603e1fd11,M5,L3,SHORT,5154.59,2026-02-25T13:00:00,NA,2026-02-25T22:55:00,2026-02-25T23:00:00,5177.82,5177.92,5145.58,5152.04,7.45917565,0,0,EVENT
fbe4fd9148b5f84c,M5,L3,LONG,5198.44,2026-02-26T03:00:00,NA,2026-02-26T07:15:00,2026-02-26T07:20:00,5198.18,5202.38,5196.57,5200.03,3.90110802,1,0,EVENT
c64ea9c5f535e1ce,M5,L2,SHORT,5155.57,2026-02-26T01:20:00,NA,2026-02-26T17:20:00,2026-02-26T17:25:00,5158.86,5162.18,5151.85,5154.52,9.23687174,1,1,EVENT
8b90dcbb83d36e35,M5,L3,SHORT,5145.58,2026-02-25T22:00:00,NA,2026-02-26T17:25:00,2026-02-26T17:30:00,5154.54,5158.26,5130.07,5141.47,9.31495233,1,1,EVENT
b080ab88fe0d3c9b,M5,L3,LONG,5192.90,2026-02-26T17:00:00,NA,2026-02-26T21:45:00,2026-02-26T21:50:00,5186.25,5194.11,5186.25,5193.84,5.67350401,0,0,EVENT
88dd6dd6560b5bfd,M5,L1,LONG,5205.71,2026-02-26T00:00:00,NA,2026-02-27T15:05:00,2026-02-27T15:10:00,5195.01,5214.95,5193.31,5211.18,3.70267986,1,0,EVENT
39412260d03f8af4,M5,L2,LONG,5200.41,2026-02-27T01:20:00,NA,2026-02-27T15:05:00,2026-02-27T15:10:00,5195.01,5214.95,5193.31,5211.18,3.70267986,1,0,EVENT
19fad4453482be16,M5,L3,LONG,5205.71,2026-02-26T07:00:00,NA,2026-02-27T15:05:00,2026-02-27T15:10:00,5195.01,5214.95,5193.31,5211.18,3.70267986,1,0,EVENT
762261ab47e244d4,M5,L3,LONG,5217.76,2026-02-25T19:00:00,NA,2026-02-27T15:15:00,2026-02-27T15:20:00,5212.97,5220.90,5212.53,5218.33,4.92435151,1,0,EVENT
3c451385bd268e52,M5,L3,LONG,5249.88,2026-02-24T01:00:00,NA,2026-02-27T18:10:00,2026-02-27T18:15:00,5244.31,5255.52,5243.82,5253.93,9.65743110,1,1,EVENT
ba21aaa9d73ab2a1,M5,L3,LONG,5257.75,2026-02-27T18:00:00,NA,2026-02-27T22:20:00,2026-02-27T22:25:00,5255.01,5262.22,5254.21,5261.40,4.48466244,0,0,EVENT
ff3cd0d002293c51,M5,L1,LONG,5280.99,2026-02-27T00:00:00,NA,2026-03-02T01:00:00,2026-03-02T01:05:00,5378.78,5379.38,5302.98,5356.48,4.79764312,0,0,OPEN_BEYOND_LEVEL
fabe1a06300686b2,M5,L2,LONG,5393.28,2026-03-02T01:23:00,NA,2026-03-02T09:05:00,2026-03-02T09:10:00,5388.33,5400.79,5387.98,5400.32,6.42841269,1,0,EVENT
54a8966082dbf936,M5,L3,LONG,5393.28,2026-03-02T01:00:00,NA,2026-03-02T09:05:00,2026-03-02T09:10:00,5388.33,5400.79,5387.98,5400.32,6.42841269,1,0,EVENT
1f16b969489235c7,M5,L3,SHORT,5375.45,2026-03-02T13:00:00,NA,2026-03-02T16:05:00,2026-03-02T16:10:00,5377.33,5387.18,5371.66,5372.03,10.31273857,1,0,EVENT
b254fc4b25ea774e,M5,L3,SHORT,5341.00,2026-03-02T07:00:00,NA,2026-03-02T16:25:00,2026-03-02T16:30:00,5348.58,5352.71,5307.12,5333.76,12.27865698,1,1,EVENT
7e5b68e9bf3314e9,M5,L2,SHORT,5303.27,2026-03-02T01:23:00,NA,2026-03-02T18:00:00,2026-03-02T18:05:00,5315.96,5315.96,5261.19,5274.08,17.08144370,1,1,EVENT
a57a0e93a28a1d6b,M5,L3,SHORT,5332.55,2026-03-03T04:00:00,NA,2026-03-03T07:45:00,2026-03-03T07:50:00,5345.35,5346.92,5322.60,5326.63,7.99301806,1,0,EVENT
c22bf054450d2a8c,M5,L2,SHORT,5305.55,2026-03-03T01:20:00,NA,2026-03-03T08:10:00,2026-03-03T08:15:00,5309.39,5314.27,5279.14,5290.03,10.97555259,1,0,EVENT
43dd0fc3861068b3,M5,L1,SHORT,5261.19,2026-03-02T00:00:00,NA,2026-03-03T11:25:00,2026-03-03T11:30:00,5285.74,5285.89,5226.35,5242.91,11.14067940,1,0,EVENT
982ef434048318d0,M5,L3,SHORT,5261.19,2026-03-02T18:00:00,NA,2026-03-03T11:25:00,2026-03-03T11:30:00,5285.74,5285.89,5226.35,5242.91,11.14067940,1,0,EVENT
88121828c30a7f64,M5,L3,SHORT,5130.07,2026-02-26T17:00:00,NA,2026-03-03T13:25:00,2026-03-03T13:30:00,5188.07,5193.70,5113.56,5126.54,22.71689909,1,0,EVENT
1d6a04e9ff3dc79a,M5,L3,SHORT,5122.00,2026-02-25T01:00:00,NA,2026-03-03T13:30:00,2026-03-03T13:35:00,5126.55,5140.31,5074.51,5116.08,26.81854916,1,0,EVENT
5a8cfbcf3586a478,M5,L3,SHORT,5074.51,2026-03-03T13:00:00,NA,2026-03-03T16:40:00,2026-03-03T16:45:00,5125.20,5126.51,5061.87,5071.85,22.22975396,1,1,EVENT
8013a65b9026644d,M5,L3,LONG,5148.80,2026-03-03T21:00:00,NA,2026-03-04T03:00:00,2026-03-04T03:05:00,5138.09,5158.46,5138.07,5154.68,10.36398322,1,0,EVENT
2d018467eec86aff,M5,L4,SHORT,5152.21,2026-03-04T06:15:00,21,2026-03-04T08:00:00,2026-03-04T08:05:00,5159.70,5159.70,5141.55,5141.68,8.85957800,1,0,EVENT
aec145e263c0eaf6,M5,L2,LONG,5190.78,2026-03-04T01:20:00,NA,2026-03-04T12:05:00,2026-03-04T12:10:00,5185.31,5194.52,5185.20,5194.40,7.57161572,1,0,EVENT
0108a232195be5ef,M5,L3,LONG,5190.78,2026-03-04T04:00:00,NA,2026-03-04T12:05:00,2026-03-04T12:10:00,5185.31,5194.52,5185.20,5194.40,7.57161572,1,0,EVENT
30799110a2635433,M5,L3,SHORT,5120.18,2026-03-04T08:00:00,NA,2026-03-04T20:15:00,2026-03-04T20:20:00,5124.44,5125.85,5117.17,5118.80,9.89431914,1,1,EVENT
d70696812a142af0,M5,L2,SHORT,5148.56,2026-03-05T01:20:00,NA,2026-03-05T08:05:00,2026-03-05T08:10:00,5155.25,5155.81,5133.37,5139.82,6.50751108,1,0,EVENT
d75832815907f051,M5,L3,SHORT,5108.78,2026-03-04T20:00:00,NA,2026-03-05T15:20:00,2026-03-05T15:25:00,5132.51,5133.49,5081.93,5104.33,7.77253234,1,0,EVENT
1bdf27c84788ade5,M5,L1,SHORT,5083.32,2026-03-04T00:00:00,NA,2026-03-05T17:05:00,2026-03-05T17:10:00,5096.51,5105.95,5061.31,5070.69,14.92469995,1,1,EVENT
f74d2a5317a76a83,M5,L3,SHORT,5083.32,2026-03-04T01:00:00,NA,2026-03-05T17:05:00,2026-03-05T17:10:00,5096.51,5105.95,5061.31,5070.69,14.92469995,1,1,EVENT
f65cabba44dd381a,M5,L3,LONG,5123.10,2026-03-06T10:00:00,NA,2026-03-06T15:30:00,2026-03-06T15:35:00,5083.10,5126.58,5083.05,5124.09,8.15085813,1,0,EVENT
e4804a36cb462a4d,M5,L2,LONG,5143.66,2026-03-06T01:20:00,NA,2026-03-06T17:00:00,2026-03-06T17:05:00,5130.42,5158.83,5127.89,5147.75,14.51279928,1,1,EVENT
9e3e823aff3faf93,M5,L3,LONG,5143.66,2026-03-06T03:00:00,NA,2026-03-06T17:00:00,2026-03-06T17:05:00,5130.42,5158.83,5127.89,5147.75,14.51279928,1,1,EVENT
9c77f61d82ae5ba6,M5,L3,LONG,5171.70,2026-03-05T14:00:00,NA,2026-03-06T21:15:00,2026-03-06T21:20:00,5171.25,5174.88,5169.93,5173.90,7.45206112,1,1,EVENT
0e24451b394594da,M5,L1,LONG,5177.31,2026-03-06T00:00:00,NA,2026-03-09T01:00:00,2026-03-09T01:05:00,5178.78,5200.90,5163.92,5165.61,5.56498351,0,0,OPEN_BEYOND_LEVEL
6ae8c97a9bd61e7b,M5,L3,SHORT,5066.71,2026-03-06T03:00:00,NA,2026-03-09T02:45:00,2026-03-09T02:50:00,5072.81,5077.24,5054.20,5065.66,17.14355991,1,0,EVENT
860c31243c851f92,M5,L1,SHORT,5062.36,2026-03-06T00:00:00,NA,2026-03-09T03:05:00,2026-03-09T03:10:00,5066.09,5066.22,5049.64,5053.02,17.67094061,1,0,EVENT
0d0a9c9c50a15017,M5,L3,SHORT,5062.36,2026-03-06T13:00:00,NA,2026-03-09T03:05:00,2026-03-09T03:10:00,5066.09,5066.22,5049.64,5053.02,17.67094061,1,0,EVENT
43d8388212f634e9,M5,L3,SHORT,5050.80,2026-03-05T20:00:00,NA,2026-03-09T03:10:00,2026-03-09T03:15:00,5053.01,5054.89,5026.00,5036.27,17.59301628,1,0,EVENT
be687186bab91583,M5,L3,SHORT,5080.85,2026-03-09T08:00:00,NA,2026-03-09T16:40:00,2026-03-09T16:45:00,5098.04,5098.42,5074.49,5076.41,8.52911395,1,1,EVENT
6fc7789d06b645d0,M5,L3,LONG,5115.99,2026-03-09T17:00:00,NA,2026-03-09T21:40:00,2026-03-09T21:45:00,5114.53,5120.10,5114.44,5117.91,5.74702153,0,0,EVENT
b130768b43d63846,M5,L3,LONG,5132.48,2026-03-09T12:00:00,NA,2026-03-09T22:15:00,2026-03-09T22:20:00,5122.87,5134.13,5118.43,5134.08,5.88297282,0,0,EVENT
11dc17b45cc3e7c5,M5,L3,LONG,5140.37,2026-03-09T08:00:00,NA,2026-03-09T22:55:00,2026-03-09T23:00:00,5136.42,5143.91,5133.74,5141.03,7.06256057,0,0,EVENT
acf504d41b05a109,M5,L3,LONG,5180.60,2026-03-05T11:00:00,NA,2026-03-10T04:55:00,2026-03-10T05:00:00,5174.14,5186.07,5173.45,5184.14,8.81999340,1,0,EVENT
ddf70d703d8b2ad3,M5,L2,LONG,5186.82,2026-03-10T02:02:00,NA,2026-03-10T11:35:00,2026-03-10T11:40:00,5184.94,5190.52,5183.06,5190.52,5.41529223,1,0,EVENT
5e1ebda0e258506f,M5,L3,LONG,5186.82,2026-03-10T05:00:00,NA,2026-03-10T11:35:00,2026-03-10T11:40:00,5184.94,5190.52,5183.06,5190.52,5.41529223,1,0,EVENT
dfa7c5bcac7dc38d,M5,L3,SHORT,5158.54,2026-03-10T10:00:00,NA,2026-03-10T13:35:00,2026-03-10T13:40:00,5169.92,5170.35,5156.54,5157.76,5.80849308,1,0,EVENT
f52c42588d375803,M5,L3,LONG,5195.10,2026-03-10T11:00:00,NA,2026-03-10T16:00:00,2026-03-10T16:05:00,5186.99,5200.76,5185.93,5195.59,5.95466692,1,0,EVENT
8fda8c71bce9b75b,M5,L1,LONG,5200.90,2026-03-09T00:00:00,NA,2026-03-10T16:15:00,2026-03-10T16:20:00,5200.66,5215.55,5199.14,5214.38,6.55125846,1,0,EVENT
dff724ab12b9a2f9,M5,L3,LONG,5206.41,2026-03-04T14:00:00,NA,2026-03-10T16:15:00,2026-03-10T16:20:00,5200.66,5215.55,5199.14,5214.38,6.55125846,1,0,EVENT
9dd17ee03e602805,M5,L4,SHORT,5222.72,2026-03-10T18:50:00,26,2026-03-10T21:00:00,2026-03-10T21:05:00,5227.78,5227.99,5217.62,5221.43,5.34347658,1,1,EVENT
8dab4cf7774e7782,M5,L4,LONG,5198.25,2026-03-11T01:15:00,24,2026-03-11T03:15:00,2026-03-11T03:20:00,5192.43,5203.66,5191.41,5202.77,5.44356278,1,0,EVENT
7381b0e9844513e1,M5,L4,SHORT,5199.37,2026-03-11T06:45:00,21,2026-03-11T08:30:00,2026-03-11T08:35:00,5200.58,5200.58,5190.34,5197.86,3.76497375,1,0,EVENT
a3cca5bc0b7bf7ce,M5,L2,SHORT,5186.69,2026-03-11T02:04:00,NA,2026-03-11T10:35:00,2026-03-11T10:40:00,5191.81,5194.14,5185.15,5186.67,4.70091040,1,0,EVENT
f6bac2ba53e07c3e,M5,L3,SHORT,5175.52,2026-03-11T11:00:00,NA,2026-03-11T15:55:00,2026-03-11T16:00:00,5175.45,5177.21,5166.64,5167.55,7.05041804,1,0,OPEN_BEYOND_LEVEL
271b542278ebc502,M5,L3,SHORT,5160.67,2026-03-10T21:00:00,NA,2026-03-11T16:45:00,2026-03-11T16:50:00,5165.45,5167.52,5158.52,5160.04,7.90238593,1,1,EVENT
c1fa5ab97ec4c598,M5,L4,LONG,5179.49,2026-03-11T18:15:00,22,2026-03-11T20:05:00,2026-03-11T20:10:00,5178.26,5180.96,5177.91,5180.47,6.34405297,1,1,EVENT
febc5bf947258a2f,M5,L3,SHORT,5156.54,2026-03-10T13:00:00,NA,2026-03-12T01:50:00,2026-03-12T01:55:00,5167.98,5169.04,5155.13,5156.03,5.38942194,1,0,EVENT
980e894722a099d3,M5,L1,SHORT,5149.03,2026-03-11T00:00:00,NA,2026-03-12T01:55:00,2026-03-12T02:00:00,5156.23,5158.52,5129.97,5138.93,5.99803466,1,0,EVENT
ffc0de7590b8b6bf,M5,L3,SHORT,5149.03,2026-03-11T16:00:00,NA,2026-03-12T01:55:00,2026-03-12T02:00:00,5156.23,5158.52,5129.97,5138.93,5.99803466,1,0,EVENT
8b5ab9f216913442,M5,L4,SHORT,5145.70,2026-03-12T05:50:00,21,2026-03-12T07:35:00,2026-03-12T07:40:00,5148.12,5149.84,5144.38,5145.34,4.07454875,1,0,EVENT
35f3223a6175246d,M5,L2,LONG,5177.22,2026-03-12T01:20:00,NA,2026-03-12T10:40:00,2026-03-12T10:45:00,5168.34,5179.68,5168.12,5178.74,4.02859797,1,0,EVENT
b628a1809759e378,M5,L3,LONG,5175.04,2026-03-12T05:00:00,NA,2026-03-12T10:40:00,2026-03-12T10:45:00,5168.34,5179.68,5168.12,5178.74,4.02859797,1,0,EVENT
6ad9f9cc34ba5a69,M5,L3,LONG,5183.81,2026-03-12T01:00:00,NA,2026-03-12T11:00:00,2026-03-12T11:05:00,5182.00,5189.72,5181.47,5184.72,4.73520477,1,0,EVENT
858f6840c147b23c,M5,L3,SHORT,5137.18,2026-03-12T08:00:00,NA,2026-03-12T18:00:00,2026-03-12T18:05:00,5142.98,5144.87,5130.61,5131.84,8.17325624,1,1,EVENT
51f7e994db5f11af,M5,L2,SHORT,5125.47,2026-03-12T01:20:00,NA,2026-03-12T18:10:00,2026-03-12T18:15:00,5130.27,5130.77,5109.46,5124.73,8.64816482,1,1,EVENT
211c410d4b3121b2,M5,L3,SHORT,5125.47,2026-03-12T03:00:00,NA,2026-03-12T18:10:00,2026-03-12T18:15:00,5130.27,5130.77,5109.46,5124.73,8.64816482,1,1,EVENT
8099ba7b7cb7c3bd,M5,L3,SHORT,5124.62,2026-03-10T04:00:00,NA,2026-03-12T19:05:00,2026-03-12T19:10:00,5133.92,5135.02,5122.33,5124.50,8.27527149,1,1,EVENT
21d29781b615f2df,M5,L3,SHORT,5117.40,2026-03-10T01:00:00,NA,2026-03-12T20:30:00,2026-03-12T20:35:00,5118.84,5120.04,5111.11,5111.91,6.80087839,1,1,EVENT
3996a8edb6102603,M5,L2,SHORT,5089.70,2026-03-13T02:04:00,NA,2026-03-13T09:50:00,2026-03-13T09:55:00,5091.70,5092.18,5085.74,5088.25,5.49804483,1,0,EVENT
aa8a2b453d9c9548,M5,L1,SHORT,5054.76,2026-03-12T00:00:00,NA,2026-03-13T17:55:00,2026-03-13T18:00:00,5064.37,5064.37,5035.45,5041.70,8.60025770,1,1,EVENT
4e682cdab3d82bc5,M5,L3,SHORT,5054.76,2026-03-12T23:00:00,NA,2026-03-13T17:55:00,2026-03-13T18:00:00,5064.37,5064.37,5035.45,5041.70,8.60025770,1,1,EVENT
0deca75d94c181b6,M5,L3,SHORT,5019.02,2026-03-13T19:00:00,NA,2026-03-13T22:45:00,2026-03-13T22:50:00,5025.46,5025.93,5012.72,5015.51,6.60670645,0,0,EVENT
9ea039ad3cd6028e,M5,L3,SHORT,5014.98,2026-03-09T04:00:00,NA,2026-03-13T23:20:00,2026-03-13T23:25:00,5015.47,5016.21,5012.34,5014.18,7.02045075,0,0,EVENT
a554ffaed2290619,M5,L1,SHORT,5009.57,2026-03-13T00:00:00,NA,2026-03-16T01:00:00,2026-03-16T01:05:00,5004.67,5022.74,4996.48,5015.44,6.52326853,0,0,OPEN_BEYOND_LEVEL
60b9fe603ce58b16,M5,L2,LONG,5030.90,2026-03-16T02:04:00,NA,2026-03-16T09:15:00,2026-03-16T09:20:00,5027.24,5036.07,5026.00,5033.79,5.08168724,1,0,EVENT
b15a4229227278fe,M5,L3,LONG,5030.90,2026-03-16T03:00:00,NA,2026-03-16T09:15:00,2026-03-16T09:20:00,5027.24,5036.07,5026.00,5033.79,5.08168724,1,0,EVENT
8aa3b071e70f34f8,M5,L3,LONG,5021.66,2026-03-16T23:00:00,NA,2026-03-17T04:50:00,2026-03-17T04:55:00,5020.69,5026.49,5020.39,5025.48,5.32272144,1,0,EVENT
2989dabb601a091c,M5,L1,LONG,5037.99,2026-03-16T00:00:00,NA,2026-03-17T07:40:00,2026-03-17T07:45:00,5033.70,5041.67,5033.68,5039.72,3.46791812,1,0,EVENT
e0d6c602a21affc9,M5,L3,LONG,5037.99,2026-03-16T17:00:00,NA,2026-03-17T07:40:00,2026-03-17T07:45:00,5033.70,5041.67,5033.68,5039.72,3.46791812,1,0,EVENT
9076dfff053a5289,M5,L3,SHORT,5005.07,2026-03-17T09:00:00,NA,2026-03-17T13:05:00,2026-03-17T13:10:00,5009.12,5010.76,5001.03,5001.55,4.88523390,1,0,EVENT
944f7b6aad5fa294,M5,L2,SHORT,4994.76,2026-03-17T02:04:00,NA,2026-03-17T18:30:00,2026-03-17T18:35:00,4994.72,5000.54,4992.10,4993.61,7.80317447,1,1,OPEN_BEYOND_LEVEL
a457c2c102002ade,M5,L3,SHORT,4994.76,2026-03-17T04:00:00,NA,2026-03-17T18:30:00,2026-03-17T18:35:00,4994.72,5000.54,4992.10,4993.61,7.80317447,1,1,OPEN_BEYOND_LEVEL
744efe2b83fad639,M5,L3,SHORT,4992.00,2026-03-17T13:00:00,NA,2026-03-17T18:35:00,2026-03-17T18:40:00,4993.64,4995.57,4981.77,4982.11,7.84866201,1,1,EVENT
69cf99793da7d85c,M5,L3,LONG,5008.99,2026-03-17T21:00:00,NA,2026-03-18T03:05:00,2026-03-18T03:10:00,5006.59,5012.03,5006.47,5012.02,2.94709483,1,0,EVENT
7705aac5db51a516,M5,L3,SHORT,4993.28,2026-03-18T01:00:00,NA,2026-03-18T05:55:00,2026-03-18T06:00:00,4995.97,4995.97,4990.45,4991.96,4.18475876,1,0,EVENT
1abd561f1664f4bf,M5,L2,SHORT,4981.81,2026-03-18T02:03:00,NA,2026-03-18T13:30:00,2026-03-18T13:35:00,4982.42,4987.49,4979.15,4980.51,4.13530262,1,0,EVENT
c69512c94208237a,M5,L3,SHORT,4981.81,2026-03-18T07:00:00,NA,2026-03-18T13:30:00,2026-03-18T13:35:00,4982.42,4987.49,4979.15,4980.51,4.13530262,1,0,EVENT
acf1d391539f4c26,M5,L1,SHORT,4973.56,2026-03-17T00:00:00,NA,2026-03-18T13:50:00,2026-03-18T13:55:00,4976.86,4976.89,4971.98,4972.83,5.60666801,1,0,EVENT
1c069a73880b1ea7,M5,L3,SHORT,4973.56,2026-03-17T18:00:00,NA,2026-03-18T13:50:00,2026-03-18T13:55:00,4976.86,4976.89,4971.98,4972.83,5.60666801,1,0,EVENT
703625e4d784e65e,M5,L3,SHORT,4970.16,2026-03-16T13:00:00,NA,2026-03-18T13:55:00,2026-03-18T14:00:00,4972.78,4973.09,4958.84,4967.89,5.55690601,1,0,EVENT
3441e2dc95863014,M5,L3,SHORT,4967.28,2026-03-16T02:00:00,NA,2026-03-18T14:00:00,2026-03-18T14:05:00,4967.89,4969.74,4957.20,4958.60,6.17784129,1,0,EVENT
0b0beaa5800e01a0,M5,L4,LONG,4880.01,2026-03-18T17:45:00,20,2026-03-18T19:25:00,2026-03-18T19:30:00,4877.83,4883.05,4876.38,4882.37,7.96403760,1,1,EVENT
dd62f2ed8f2a2f88,M5,L3,SHORT,4834.26,2026-03-18T16:00:00,NA,2026-03-18T23:10:00,2026-03-18T23:15:00,4837.34,4842.49,4823.55,4825.76,9.10411590,0,0,EVENT
e8cb30f977315a65,M5,L4,SHORT,4845.32,2026-03-19T06:50:00,20,2026-03-19T08:30:00,2026-03-19T08:35:00,4846.71,4846.72,4839.10,4840.66,4.21281367,1,0,EVENT
4f96d69fede8243e,M5,L2,SHORT,4822.03,2026-03-19T01:36:00,NA,2026-03-19T09:15:00,2026-03-19T09:20:00,4833.10,4833.62,4821.58,4821.93,6.11195913,1,0,EVENT
8c2b773e1754a40f,M5,L1,SHORT,4806.67,2026-03-18T00:00:00,NA,2026-03-19T09:30:00,2026-03-19T09:35:00,4813.42,4819.84,4806.45,4806.45,7.06408681,1,0,EVENT
3106d16ea3db762c,M5,L3,SHORT,4803.98,2026-03-19T01:00:00,NA,2026-03-19T09:35:00,2026-03-19T09:40:00,4808.22,4808.61,4791.36,4796.11,7.51593776,1,0,EVENT
fb4f02044dc6c7ff,M5,L4,SHORT,4686.85,2026-03-19T11:30:00,22,2026-03-19T13:20:00,2026-03-19T13:25:00,4693.68,4694.27,4670.85,4679.66,15.63180000,1,0,EVENT
13680cfff88bba99,M5,L3,LONG,4677.22,2026-03-20T01:00:00,NA,2026-03-20T04:40:00,2026-03-20T04:45:00,4675.59,4688.98,4674.43,4686.61,10.21681369,1,0,EVENT
2693181bea28c65d,M5,L3,SHORT,4661.34,2026-03-20T09:00:00,NA,2026-03-20T13:00:00,2026-03-20T13:05:00,4667.58,4670.00,4652.05,4653.04,9.82592369,1,0,EVENT
7a315a9279aa43bb,M5,L2,SHORT,4634.06,2026-03-20T02:01:00,NA,2026-03-20T16:50:00,2026-03-20T16:55:00,4651.67,4653.16,4620.21,4622.00,12.54948596,1,1,EVENT
aa590ec053109bf6,M5,L3,SHORT,4634.06,2026-03-20T02:00:00,NA,2026-03-20T16:50:00,2026-03-20T16:55:00,4651.67,4653.16,4620.21,4622.00,12.54948596,1,1,EVENT
f21c6ac1fe5398e6,M5,L3,SHORT,4540.73,2026-03-20T18:00:00,NA,2026-03-20T21:40:00,2026-03-20T21:45:00,4544.32,4546.15,4524.62,4526.15,12.77321821,0,0,EVENT
84041505b1350d58,M5,L1,SHORT,4502.52,2026-03-19T00:00:00,NA,2026-03-20T21:50:00,2026-03-20T21:55:00,4511.00,4517.98,4500.96,4502.46,13.79736672,0,0,EVENT
33eed93cb60b4f03,M5,L3,SHORT,4502.52,2026-03-19T16:00:00,NA,2026-03-20T21:50:00,2026-03-20T21:55:00,4511.00,4517.98,4500.96,4502.46,13.79736672,0,0,EVENT
322acd4ff13cf477,M5,L1,SHORT,4477.28,2026-03-20T00:00:00,NA,2026-03-23T01:00:00,2026-03-23T01:05:00,4448.05,4488.77,4448.04,4474.81,11.23065887,0,0,OPEN_BEYOND_LEVEL
6ca57be683083612,M5,L3,SHORT,4477.28,2026-03-20T21:00:00,NA,2026-03-23T01:00:00,2026-03-23T01:05:00,4448.05,4488.77,4448.04,4474.81,11.23065887,0,0,OPEN_BEYOND_LEVEL
416e487d32e08138,M5,L2,SHORT,4319.94,2026-03-23T01:24:00,NA,2026-03-23T08:50:00,2026-03-23T08:55:00,4320.56,4324.22,4303.62,4303.78,13.27085991,1,0,EVENT
0d6c7ba4205a7347,M5,L3,SHORT,4319.94,2026-03-23T03:00:00,NA,2026-03-23T08:50:00,2026-03-23T08:55:00,4320.56,4324.22,4303.62,4303.78,13.27085991,1,0,EVENT
33eee6f1bb93bbfc,M5,L3,SHORT,4350.58,2026-03-23T18:00:00,NA,2026-03-24T03:35:00,2026-03-24T03:40:00,4371.13,4376.97,4335.50,4348.53,15.99669571,1,0,EVENT
606ddbb024e1898d,M5,L3,LONG,4433.28,2026-03-24T10:00:00,NA,2026-03-24T13:55:00,2026-03-24T14:00:00,4429.20,4441.65,4425.87,4438.43,9.79965123,1,0,EVENT
8758355cc809fc78,M5,L3,LONG,4448.32,2026-03-24T02:00:00,NA,2026-03-24T23:20:00,2026-03-24T23:25:00,4409.72,4466.80,4409.15,4463.89,8.15545547,0,0,EVENT
860818613db19cbd,M5,L3,LONG,4466.96,2026-03-23T21:00:00,NA,2026-03-24T23:35:00,2026-03-24T23:40:00,4458.66,4472.83,4454.99,4472.16,13.73444813,0,0,EVENT
0423b804fe206a43,M5,L1,LONG,4484.18,2026-03-24T00:00:00,NA,2026-03-25T01:05:00,2026-03-25T01:10:00,4479.48,4486.23,4474.08,4484.48,14.56346589,0,0,EVENT
14513a07b9392805,M5,L3,LONG,4536.43,2026-03-23T01:00:00,NA,2026-03-25T02:35:00,2026-03-25T02:40:00,4506.05,4546.41,4504.34,4546.02,11.07677336,1,0,EVENT
89e954c365a44fbe,M5,L4,SHORT,4565.75,2026-03-25T06:30:00,21,2026-03-25T08:15:00,2026-03-25T08:20:00,4571.55,4571.71,4563.98,4564.58,5.36114427,1,0,EVENT
8143798b223f32fe,M5,L3,LONG,4567.73,2026-03-25T11:00:00,NA,2026-03-25T14:05:00,2026-03-25T14:10:00,4566.09,4569.03,4565.99,4567.84,7.20192028,1,0,EVENT
9669863af27fd02b,M5,L3,SHORT,4521.68,2026-03-25T15:00:00,NA,2026-03-25T22:05:00,2026-03-25T22:10:00,4533.41,4535.67,4502.64,4503.47,8.08810033,0,0,EVENT
9d24d8bfe3b8ab99,M5,L2,SHORT,4489.10,2026-03-26T02:04:00,NA,2026-03-26T08:40:00,2026-03-26T08:45:00,4489.99,4495.07,4483.04,4483.05,6.92051936,1,0,EVENT
c92368e196e3a8b1,M5,L3,SHORT,4486.87,2026-03-25T22:00:00,NA,2026-03-26T08:40:00,2026-03-26T08:45:00,4489.99,4495.07,4483.04,4483.05,6.92051936,1,0,EVENT
db3dc7b9aac1bcc5,M5,L1,SHORT,4455.95,2026-03-25T00:00:00,NA,2026-03-26T08:55:00,2026-03-26T09:00:00,4462.29,4463.46,4439.01,4439.04,8.50518624,1,0,EVENT
2765f2db5da0512f,M5,L3,SHORT,4412.56,2026-03-26T11:00:00,NA,2026-03-26T19:20:00,2026-03-26T19:25:00,4426.52,4428.48,4390.06,4400.27,11.53932063,1,1,EVENT
7905b2016019c1e5,M5,L3,SHORT,4366.61,2026-03-26T19:00:00,NA,2026-03-26T22:50:00,2026-03-26T22:55:00,4375.90,4375.93,4363.56,4364.27,8.51059754,0,0,EVENT
51370201d3d5d06e,M5,L3,LONG,4421.02,2026-03-26T23:00:00,NA,2026-03-27T05:00:00,2026-03-27T05:05:00,4417.37,4433.97,4417.09,4430.52,7.83531732,1,0,EVENT
356f4cbb09c4f099,M5,L2,LONG,4449.47,2026-03-27T01:20:00,NA,2026-03-27T08:30:00,2026-03-27T08:35:00,4443.31,4460.00,4442.68,4459.35,4.82165945,1,0,EVENT
edf4df2b09d3d72a,M5,L3,LONG,4479.59,2026-03-26T17:00:00,NA,2026-03-27T17:50:00,2026-03-27T17:55:00,4473.47,4499.66,4472.53,4489.05,11.41144837,1,1,EVENT
026a3756fa90a73f,M5,L1,LONG,4544.48,2026-03-26T00:00:00,NA,2026-03-27T18:20:00,2026-03-27T18:25:00,4532.65,4555.44,4532.32,4545.21,14.37175668,1,1,EVENT
d0e764ef5fe9d1bc,M5,L3,LONG,4544.48,2026-03-26T04:00:00,NA,2026-03-27T18:20:00,2026-03-27T18:25:00,4532.65,4555.44,4532.32,4545.21,14.37175668,1,1,EVENT
9fee0752bf6b8d00,M5,L3,SHORT,4486.62,2026-03-27T20:00:00,NA,2026-03-30T01:10:00,2026-03-30T01:15:00,4486.36,4501.80,4480.49,4496.97,12.48252603,0,0,OPEN_BEYOND_LEVEL
e2182e8a0a20d53a,M5,L2,LONG,4517.69,2026-03-30T02:04:00,NA,2026-03-30T08:45:00,2026-03-30T08:50:00,4510.52,4521.41,4510.25,4520.58,6.88454945,1,0,EVENT
fe77162af11e02ca,M5,L4,LONG,4540.64,2026-03-30T12:35:00,20,2026-03-30T14:15:00,2026-03-30T14:20:00,4538.72,4545.56,4538.03,4544.56,6.20066462,1,0,EVENT
e8166be18f7858d0,M5,L1,LONG,4555.44,2026-03-27T00:00:00,NA,2026-03-30T14:40:00,2026-03-30T14:45:00,4541.53,4565.25,4540.63,4565.19,6.89659182,1,0,EVENT
2779760dcc30d1f0,M5,L3,LONG,4555.44,2026-03-27T18:00:00,NA,2026-03-30T14:40:00,2026-03-30T14:45:00,4541.53,4565.25,4540.63,4565.19,6.89659182,1,0,EVENT
38cf22914e890676,M5,L3,LONG,4568.98,2026-03-25T21:00:00,NA,2026-03-30T14:45:00,2026-03-30T14:50:00,4565.21,4573.47,4564.60,4570.77,8.16254955,1,0,EVENT
421ba777bc4a6552,M5,L3,SHORT,4512.53,2026-03-30T17:00:00,NA,2026-03-30T21:50:00,2026-03-30T21:55:00,4517.54,4518.26,4507.09,4507.13,6.58980229,0,0,EVENT
f5af7d1d65fb72de,M5,L1,LONG,4580.86,2026-03-30T00:00:00,NA,2026-03-31T04:20:00,2026-03-31T04:25:00,4569.04,4585.65,4565.24,4585.09,11.85393199,1,0,EVENT
c1467f00a886cd14,M5,L3,LONG,4580.86,2026-03-30T14:00:00,NA,2026-03-31T04:20:00,2026-03-31T04:25:00,4569.04,4585.65,4565.24,4585.09,11.85393199,1,0,EVENT
8d377d8bfbe7ce5f,M5,L3,LONG,4585.79,2026-03-25T14:00:00,NA,2026-03-31T04:35:00,2026-03-31T04:40:00,4581.89,4589.00,4577.61,4588.67,12.27040035,1,0,EVENT
99b9bd9468735e8e,M5,L3,LONG,4602.62,2026-03-25T05:00:00,NA,2026-03-31T04:40:00,2026-03-31T04:45:00,4588.73,4618.97,4588.23,4617.77,12.20751461,1,0,EVENT
ce60517839d6b229,M5,L3,SHORT,4543.36,2026-03-31T10:00:00,NA,2026-03-31T13:35:00,2026-03-31T13:40:00,4555.02,4556.40,4532.90,4534.15,5.31556934,1,0,EVENT
6b86b37bc4ff563b,M5,L3,LONG,4575.33,2026-03-31T11:00:00,NA,2026-03-31T14:20:00,2026-03-31T14:25:00,4566.63,4576.76,4564.78,4575.93,8.81783144,1,0,EVENT
a39f7a2efd0c28f8,M5,L3,LONG,4581.71,2026-03-31T08:00:00,NA,2026-03-31T14:35:00,2026-03-31T14:40:00,4577.89,4593.26,4574.25,4589.54,9.07196635,1,0,EVENT
20a07e6f86c9e81d,M5,L2,LONG,4619.51,2026-03-31T01:41:00,NA,2026-03-31T17:30:00,2026-03-31T17:35:00,4618.95,4630.36,4615.10,4621.05,11.30749951,1,1,EVENT
fc4470045dd056ed,M5,L3,LONG,4619.51,2026-03-31T04:00:00,NA,2026-03-31T17:30:00,2026-03-31T17:35:00,4618.95,4630.36,4615.10,4621.05,11.30749951,1,1,EVENT
e550cb9400fcc4dc,M5,L1,LONG,4687.32,2026-03-31T00:00:00,NA,2026-04-01T01:35:00,2026-04-01T01:40:00,4672.98,4695.38,4671.76,4695.16,8.73693315,0,0,EVENT
dc0f5e554d976992,M5,L2,LONG,4724.16,2026-04-01T02:04:00,NA,2026-04-01T09:50:00,2026-04-01T09:55:00,4724.07,4728.00,4720.40,4726.98,7.65655431,1,0,EVENT
2e8542d5b845a765,M5,L3,LONG,4724.16,2026-04-01T04:00:00,NA,2026-04-01T09:50:00,2026-04-01T09:55:00,4724.07,4728.00,4720.40,4726.98,7.65655431,1,0,EVENT
b34f827b0cd7b627,M5,L3,LONG,4747.65,2026-04-01T10:00:00,NA,2026-04-01T14:35:00,2026-04-01T14:40:00,4746.12,4758.64,4745.85,4756.85,6.49205537,1,0,EVENT
2f3ee1fab3e97a7a,M5,L3,LONG,4763.01,2026-04-01T14:00:00,NA,2026-04-01T17:50:00,2026-04-01T17:55:00,4758.85,4768.36,4756.25,4767.68,11.19201835,1,1,EVENT
c5c086595e298dd5,M5,L1,LONG,4792.83,2026-04-01T00:00:00,NA,2026-04-02T02:15:00,2026-04-02T02:20:00,4791.24,4798.86,4788.60,4795.97,6.66015450,1,0,EVENT
aa5078a3a1a814ac,M5,L3,LONG,4792.83,2026-04-01T20:00:00,NA,2026-04-02T02:15:00,2026-04-02T02:20:00,4791.24,4798.86,4788.60,4795.97,6.66015450,1,0,EVENT
a2af1e3debe7ff98,M5,L3,SHORT,4742.02,2026-04-01T21:00:00,NA,2026-04-02T04:15:00,2026-04-02T04:20:00,4750.77,4752.72,4723.89,4727.16,11.61225053,1,0,EVENT
dbd665f289343be4,M5,L3,SHORT,4716.07,2026-04-01T16:00:00,NA,2026-04-02T04:20:00,2026-04-02T04:25:00,4727.18,4734.62,4710.94,4714.26,12.84208978,1,0,EVENT
73d524c282b0e9be,M5,L1,SHORT,4661.66,2026-04-01T00:00:00,NA,2026-04-02T05:35:00,2026-04-02T05:40:00,4670.27,4670.75,4655.26,4659.66,16.60852787,1,0,EVENT
92d668027601fd3e,M5,L3,SHORT,4661.66,2026-04-01T01:00:00,NA,2026-04-02T05:35:00,2026-04-02T05:40:00,4670.27,4670.75,4655.26,4659.66,16.60852787,1,0,EVENT
9f17fed501070064,M5,L2,SHORT,4649.66,2026-04-02T01:33:00,NA,2026-04-02T08:35:00,2026-04-02T08:40:00,4651.67,4653.00,4642.74,4646.45,9.86030252,1,0,EVENT
66f4c61dd529c731,M5,L3,SHORT,4649.66,2026-04-02T04:00:00,NA,2026-04-02T08:35:00,2026-04-02T08:40:00,4651.67,4653.00,4642.74,4646.45,9.86030252,1,0,EVENT
41e95826bce4ce24,M5,L2,LONG,4671.87,2026-04-06T02:50:00,NA,2026-04-06T08:10:00,2026-04-06T08:15:00,4670.80,4676.97,4669.78,4673.59,6.12225594,1,0,EVENT
8021f3db8cb53e7c,M5,L3,LONG,4671.87,2026-04-06T05:00:00,NA,2026-04-06T08:10:00,2026-04-06T08:15:00,4670.80,4676.97,4669.78,4673.59,6.12225594,1,0,EVENT
da4b94720d972870,M5,L3,LONG,4681.95,2026-04-02T22:00:00,NA,2026-04-06T10:55:00,2026-04-06T11:00:00,4680.58,4688.47,4680.47,4684.69,7.26607725,1,0,EVENT
e99b2ffa73359f05,M5,L3,LONG,4700.12,2026-04-02T17:00:00,NA,2026-04-06T12:10:00,2026-04-06T12:15:00,4699.17,4701.48,4697.40,4701.32,6.68629481,1,0,EVENT
c2cfc6ce1660ae15,M5,L4,SHORT,4684.05,2026-04-06T12:55:00,22,2026-04-06T14:45:00,2026-04-06T14:50:00,4685.28,4685.80,4681.34,4682.79,5.78582731,1,0,EVENT
e3ae3b46f7a5d16b,M5,L3,SHORT,4645.47,2026-04-06T22:00:00,NA,2026-04-07T04:05:00,2026-04-07T04:10:00,4661.54,4664.47,4637.79,4644.24,5.97773809,1,0,EVENT
525bcd357f6e031c,M5,L2,LONG,4664.47,2026-04-07T02:04:00,NA,2026-04-07T11:20:00,2026-04-07T11:25:00,4661.60,4690.91,4660.02,4684.45,7.38410059,1,0,EVENT
fda03232b610731d,M5,L3,LONG,4668.09,2026-04-07T01:00:00,NA,2026-04-07T11:20:00,2026-04-07T11:25:00,4661.60,4690.91,4660.02,4684.45,7.38410059,1,0,EVENT
e6d287996da38dd8,M5,L3,SHORT,4628.80,2026-04-07T14:00:00,NA,2026-04-07T17:00:00,2026-04-07T17:05:00,4644.10,4645.41,4622.61,4624.55,9.49677712,1,1,EVENT
6a8ad21880000740,M5,L2,SHORT,4616.20,2026-04-07T02:04:00,NA,2026-04-07T17:05:00,2026-04-07T17:10:00,4624.53,4627.25,4607.51,4611.51,10.44700733,1,1,EVENT
31e949f84a30277c,M5,L3,SHORT,4616.20,2026-04-07T04:00:00,NA,2026-04-07T17:05:00,2026-04-07T17:10:00,4624.53,4627.25,4607.51,4611.51,10.44700733,1,1,EVENT
30d20e8c3cf4785a,M5,L3,LONG,4697.75,2026-04-06T17:00:00,NA,2026-04-07T22:45:00,2026-04-07T22:50:00,4687.32,4718.77,4685.81,4705.68,8.61372230,0,0,EVENT
1110f478e44bce56,M5,L1,LONG,4706.62,2026-04-06T00:00:00,NA,2026-04-07T23:05:00,2026-04-07T23:10:00,4705.96,4708.77,4697.47,4707.42,10.67336169,0,0,EVENT
94f21c635a2add15,M5,L3,LONG,4706.62,2026-04-06T12:00:00,NA,2026-04-07T23:05:00,2026-04-07T23:10:00,4705.96,4708.77,4697.47,4707.42,10.67336169,0,0,EVENT
3f2c555fe9b56a5e,M5,L1,LONG,4718.77,2026-04-07T00:00:00,NA,2026-04-08T01:00:00,2026-04-08T01:05:00,4721.40,4748.17,4719.83,4744.42,9.18710764,0,0,OPEN_BEYOND_LEVEL
859ff2a79454ce9a,M5,L3,LONG,4800.41,2026-04-02T02:00:00,NA,2026-04-08T01:55:00,2026-04-08T02:00:00,4793.81,4819.80,4792.75,4818.31,15.39511936,0,0,EVENT
f843e5b17d37d15c,M5,L2,SHORT,4788.23,2026-04-08T02:50:00,NA,2026-04-08T12:40:00,2026-04-08T12:45:00,4794.74,4795.37,4776.83,4782.33,7.36517729,1,0,EVENT
dc2328f468d1f6f9,M5,L3,SHORT,4788.23,2026-04-08T04:00:00,NA,2026-04-08T12:40:00,2026-04-08T12:45:00,4794.74,4795.37,4776.83,4782.33,7.36517729,1,0,EVENT
2326ede9c782c8fe,M5,L3,SHORT,4732.18,2026-04-08T17:00:00,NA,2026-04-08T21:15:00,2026-04-08T21:20:00,4743.42,4744.34,4716.75,4729.47,7.00659432,1,1,EVENT
e96062d9d4e1ec18,M5,L2,LONG,4732.96,2026-04-09T02:50:00,NA,2026-04-09T13:20:00,2026-04-09T13:25:00,4729.08,4738.78,4728.72,4738.17,5.06427202,1,0,EVENT
6520327166cf4c53,M5,L3,LONG,4734.74,2026-04-09T01:00:00,NA,2026-04-09T13:20:00,2026-04-09T13:25:00,4729.08,4738.78,4728.72,4738.17,5.06427202,1,0,EVENT
8b6ab2e516f470ea,M5,L4,LONG,4733.47,2026-04-09T11:35:00,21,2026-04-09T13:20:00,2026-04-09T13:25:00,4729.08,4738.78,4728.72,4738.17,5.06427202,1,0,EVENT
fcf878df44d366cb,M5,L2,SHORT,4738.08,2026-04-10T02:04:00,NA,2026-04-10T11:45:00,2026-04-10T11:50:00,4742.06,4743.87,4732.86,4736.17,4.87250999,1,0,EVENT
7d6dd4ec4f9e3f64,M5,L3,SHORT,4738.08,2026-04-10T05:00:00,NA,2026-04-10T11:45:00,2026-04-10T11:50:00,4742.06,4743.87,4732.86,4736.17,4.87250999,1,0,EVENT
fafe2213e8ca85fb,M5,L2,LONG,4777.24,2026-04-10T02:04:00,NA,2026-04-10T15:30:00,2026-04-10T15:35:00,4762.80,4782.44,4761.98,4780.48,4.68014716,1,0,EVENT
3df26b4b54d40202,M5,L3,LONG,4777.24,2026-04-10T04:00:00,NA,2026-04-10T15:30:00,2026-04-10T15:35:00,4762.80,4782.44,4761.98,4780.48,4.68014716,1,0,EVENT
bc333c3d1844be2d,M5,L4,LONG,4782.30,2026-04-10T15:35:00,20,2026-04-10T17:15:00,2026-04-10T17:20:00,4780.23,4788.66,4779.17,4788.16,7.79285000,1,1,EVENT
7dfb6eea50cff107,M5,L4,SHORT,4754.32,2026-04-10T19:10:00,22,2026-04-10T21:00:00,2026-04-10T21:05:00,4760.20,4760.90,4753.12,4753.22,5.85614999,1,1,EVENT
ebba78b41bb1718d,M5,L3,SHORT,4747.57,2026-04-10T19:00:00,NA,2026-04-10T23:25:00,2026-04-10T23:30:00,4748.32,4749.11,4740.81,4745.36,4.23874452,0,0,EVENT
369a38d4dd79ba4d,M5,L1,SHORT,4730.48,2026-04-10T00:00:00,NA,2026-04-13T01:00:00,2026-04-13T01:05:00,4696.87,4706.99,4636.27,4669.27,4.35115827,0,0,OPEN_BEYOND_LEVEL
c454f7df4d1b3476,M5,L3,SHORT,4698.93,2026-04-09T03:00:00,NA,2026-04-13T01:00:00,2026-04-13T01:05:00,4696.87,4706.99,4636.27,4669.27,4.35115827,0,0,OPEN_BEYOND_LEVEL
86d6e9f7ed3db4f2,M5,L2,LONG,4728.04,2026-04-13T02:50:00,NA,2026-04-13T08:55:00,2026-04-13T09:00:00,4720.67,4730.84,4720.55,4729.36,4.44029026,1,0,EVENT
585cc4993e284c6d,M5,L3,LONG,4728.04,2026-04-13T04:00:00,NA,2026-04-13T08:55:00,2026-04-13T09:00:00,4720.67,4730.84,4720.55,4729.36,4.44029026,1,0,EVENT
3f2005343a3b5d31,M5,L3,SHORT,4708.60,2026-04-13T07:00:00,NA,2026-04-13T14:40:00,2026-04-13T14:45:00,4712.34,4712.87,4704.26,4707.58,4.63153961,1,0,EVENT
8fd1f316d24d5d98,M5,L3,LONG,4740.02,2026-04-13T10:00:00,NA,2026-04-13T19:40:00,2026-04-13T19:45:00,4736.43,4740.60,4730.12,4740.38,7.15581271,1,1,EVENT
078cbee8f9633378,M5,L3,LONG,4744.51,2026-04-13T16:00:00,NA,2026-04-13T20:20:00,2026-04-13T20:25:00,4744.40,4747.94,4741.55,4744.67,7.96839187,1,1,EVENT
ef7ec40f6955099a,M5,L1,LONG,4750.10,2026-04-13T00:00:00,NA,2026-04-14T01:40:00,2026-04-14T01:45:00,4747.90,4750.43,4747.80,4750.40,3.88805196,0,0,EVENT
310b77d237fab8e4,M5,L3,LONG,4750.10,2026-04-13T20:00:00,NA,2026-04-14T01:40:00,2026-04-14T01:45:00,4747.90,4750.43,4747.80,4750.40,3.88805196,0,0,EVENT
046e815485def353,M5,L3,LONG,4773.30,2026-04-10T21:00:00,NA,2026-04-14T04:05:00,2026-04-14T04:10:00,4767.87,4776.85,4767.54,4775.38,4.71709524,1,0,EVENT
6acf057c684a1d91,M5,L2,LONG,4777.55,2026-04-14T02:50:00,NA,2026-04-14T09:50:00,2026-04-14T09:55:00,4772.92,4781.51,4771.05,4778.89,4.02940919,1,0,EVENT
9efc3d2e5e9185b5,M5,L3,LONG,4777.55,2026-04-14T04:00:00,NA,2026-04-14T09:50:00,2026-04-14T09:55:00,4772.92,4781.51,4771.05,4778.89,4.02940919,1,0,EVENT
13f9d88b63d58898,M5,L3,LONG,4795.07,2026-04-10T17:00:00,NA,2026-04-14T17:00:00,2026-04-14T17:05:00,4794.73,4803.73,4794.72,4795.56,7.24641007,1,1,EVENT
ecef30984513c935,M5,L3,LONG,4801.19,2026-04-09T20:00:00,NA,2026-04-14T17:05:00,2026-04-14T17:10:00,4795.55,4802.50,4793.12,4802.15,7.37809507,1,1,EVENT
c4338963abeb3b8a,M5,L3,LONG,4807.16,2026-04-08T15:00:00,NA,2026-04-14T17:25:00,2026-04-14T17:30:00,4801.04,4810.79,4799.88,4809.41,7.78318183,1,1,EVENT
748af568fb1d65a2,M5,L3,LONG,4843.85,2026-04-08T08:00:00,NA,2026-04-14T22:55:00,2026-04-14T23:00:00,4841.16,4846.26,4840.85,4845.05,3.90067168,0,0,EVENT
fe3d73e33116d375,M5,L1,LONG,4846.26,2026-04-14T00:00:00,NA,2026-04-15T01:00:00,2026-04-15T01:05:00,4839.41,4850.60,4837.08,4849.36,3.00953065,0,0,EVENT
7c9174a0b9322aef,M5,L3,LONG,4857.42,2026-04-08T03:00:00,NA,2026-04-15T04:15:00,2026-04-15T04:20:00,4850.18,4871.69,4848.03,4864.23,5.63673165,1,0,EVENT
37c68ebeae212f25,M5,L4,LONG,4829.58,2026-04-15T06:15:00,24,2026-04-15T08:15:00,2026-04-15T08:20:00,4826.83,4830.55,4826.28,4830.09,3.95999107,1,0,EVENT
bca532004ee0e2e8,M5,L4,SHORT,4820.41,2026-04-15T06:15:00,28,2026-04-15T08:35:00,2026-04-15T08:40:00,4826.99,4826.99,4813.64,4820.12,4.21948238,1,0,EVENT
056be3c6dc272b68,M5,L2,SHORT,4817.02,2026-04-15T02:50:00,NA,2026-04-15T08:40:00,2026-04-15T08:45:00,4820.10,4821.13,4812.67,4816.83,4.87166221,1,0,EVENT
9fb3c070999bb46d,M5,L4,LONG,4816.20,2026-04-15T10:15:00,20,2026-04-15T11:55:00,2026-04-15T12:00:00,4814.54,4821.76,4814.06,4818.39,4.93626479,1,0,EVENT
7541e5ab8f18da41,M5,L3,LONG,4830.66,2026-04-15T17:00:00,NA,2026-04-16T03:40:00,2026-04-16T03:45:00,4827.75,4837.69,4827.65,4832.60,4.34675341,1,0,EVENT
90ed489c052809ac,M5,L2,SHORT,4811.24,2026-04-16T02:50:00,NA,2026-04-16T11:05:00,2026-04-16T11:10:00,4814.21,4814.21,4807.28,4811.01,5.24874097,1,0,EVENT
24b488dec9ec44bd,M5,L3,SHORT,4805.17,2026-04-16T13:00:00,NA,2026-04-16T16:50:00,2026-04-16T16:55:00,4814.07,4815.56,4790.03,4794.37,5.71297665,1,1,EVENT
30477e3cf4210683,M5,L1,SHORT,4786.30,2026-04-15T00:00:00,NA,2026-04-16T20:25:00,2026-04-16T20:30:00,4792.90,4794.16,4784.65,4785.02,5.86554332,1,1,EVENT
647d08c446cdd15b,M5,L3,SHORT,4786.30,2026-04-15T12:00:00,NA,2026-04-16T20:25:00,2026-04-16T20:30:00,4792.90,4794.16,4784.65,4785.02,5.86554332,1,1,EVENT
ba16760b8bd9a1b1,M5,L4,LONG,4795.11,2026-04-16T21:00:00,20,2026-04-16T22:40:00,2026-04-16T22:45:00,4793.39,4798.03,4793.16,4797.57,3.92770328,0,0,EVENT
53dfbcf858e26d6a,M5,L3,LONG,4798.63,2026-04-16T22:00:00,NA,2026-04-17T03:45:00,2026-04-17T03:50:00,4798.45,4801.12,4798.18,4799.39,3.34852470,1,0,EVENT
3e1463bcf984e6ea,M5,L3,SHORT,4784.50,2026-04-16T23:00:00,NA,2026-04-17T04:05:00,2026-04-17T04:10:00,4789.45,4790.90,4783.09,4783.36,3.70962083,1,0,EVENT
0e5f55cf36ec0f55,M5,L3,SHORT,4781.28,2026-04-16T20:00:00,NA,2026-04-17T04:10:00,2026-04-17T04:15:00,4783.28,4784.82,4769.25,4779.04,4.00250506,1,0,EVENT
01a5c9ba4ad8051c,M5,L1,SHORT,4772.52,2026-04-16T00:00:00,NA,2026-04-17T04:25:00,2026-04-17T04:30:00,4774.24,4776.98,4767.81,4768.77,5.44555890,1,0,EVENT
25d3879deb7752aa,M5,L3,SHORT,4772.52,2026-04-16T17:00:00,NA,2026-04-17T04:25:00,2026-04-17T04:30:00,4774.24,4776.98,4767.81,4768.77,5.44555890,1,0,EVENT
d7d191ab21ffef1a,M5,L3,LONG,4801.12,2026-04-17T03:00:00,NA,2026-04-17T07:55:00,2026-04-17T08:00:00,4799.37,4804.47,4798.77,4803.14,2.93505879,1,0,EVENT
676da1e62d5d1daa,M5,L2,LONG,4804.47,2026-04-17T02:05:00,NA,2026-04-17T08:05:00,2026-04-17T08:10:00,4801.11,4805.50,4799.70,4804.58,3.27594355,1,0,EVENT
be3638567902b66c,M5,L3,LONG,4806.23,2026-04-17T08:00:00,NA,2026-04-17T15:20:00,2026-04-17T15:25:00,4805.90,4812.42,4804.54,4812.26,4.59138738,1,0,EVENT
d77405cbfbf8cdeb,M5,L3,LONG,4824.01,2026-04-16T16:00:00,NA,2026-04-17T15:45:00,2026-04-17T15:50:00,4823.47,4842.50,4821.73,4836.34,5.09887442,1,0,EVENT
12b533d95450763f,M5,L1,LONG,4838.36,2026-04-16T00:00:00,NA,2026-04-17T15:50:00,2026-04-17T15:55:00,4836.37,4845.37,4833.33,4842.99,6.21824053,1,0,EVENT
8282cb07b2f481d9,M5,L3,LONG,4838.36,2026-04-16T08:00:00,NA,2026-04-17T15:50:00,2026-04-17T15:55:00,4836.37,4845.37,4833.33,4842.99,6.21824053,1,0,EVENT
f7b3ae31b443e553,M5,L3,LONG,4871.69,2026-04-15T04:00:00,NA,2026-04-17T16:10:00,2026-04-17T16:15:00,4862.71,4891.64,4862.00,4883.21,8.28364972,1,0,EVENT
367b6c0eb4d3361d,M5,L3,SHORT,4778.82,2026-04-17T10:00:00,NA,2026-04-20T01:00:00,2026-04-20T01:05:00,4791.96,4792.01,4757.99,4774.41,4.93802147,0,0,EVENT
76cb468964e44501,M5,L1,SHORT,4767.64,2026-04-17T00:00:00,NA,2026-04-20T02:35:00,2026-04-20T02:40:00,4771.32,4771.61,4758.93,4763.92,7.06160934,0,0,EVENT
b5544064eeee711f,M5,L3,SHORT,4767.64,2026-04-17T04:00:00,NA,2026-04-20T02:35:00,2026-04-20T02:40:00,4771.32,4771.61,4758.93,4763.92,7.06160934,0,0,EVENT
04d2ae2d3f78b86d,M5,L3,SHORT,4757.94,2026-04-14T08:00:00,NA,2026-04-20T02:40:00,2026-04-20T02:45:00,4763.91,4764.13,4745.71,4751.52,7.46292296,0,0,EVENT
98f720249f5fcec3,M5,L3,SHORT,4751.37,2026-04-14T13:00:00,NA,2026-04-20T02:45:00,2026-04-20T02:50:00,4751.59,4752.08,4737.00,4743.89,8.24557132,1,0,EVENT
9d1dad0d75019d86,M5,L4,SHORT,4787.18,2026-04-20T06:10:00,23,2026-04-20T08:05:00,2026-04-20T08:10:00,4790.06,4791.37,4786.47,4787.05,4.10339439,1,0,EVENT
83e56be8b0cc0a8c,M5,L3,LONG,4805.80,2026-04-20T10:00:00,NA,2026-04-20T14:50:00,2026-04-20T14:55:00,4801.81,4808.96,4801.53,4806.51,4.11383086,1,0,EVENT
e4ca0de78960d096,M5,L2,LONG,4814.37,2026-04-20T02:50:00,NA,2026-04-20T15:15:00,2026-04-20T15:20:00,4811.05,4815.69,4807.77,4814.69,4.84983614,1,0,EVENT
a382bdac655b4123,M5,L3,LONG,4814.37,2026-04-20T04:00:00,NA,2026-04-20T15:15:00,2026-04-20T15:20:00,4811.05,4815.69,4807.77,4814.69,4.84983614,1,0,EVENT
9f41371acec62adc,M5,L1,LONG,4827.55,2026-04-20T00:00:00,NA,2026-04-21T01:05:00,2026-04-21T01:10:00,4825.10,4831.63,4823.39,4829.96,3.55101260,0,0,EVENT
c2141e0106213b09,M5,L3,LONG,4827.55,2026-04-20T17:00:00,NA,2026-04-21T01:05:00,2026-04-21T01:10:00,4825.10,4831.63,4823.39,4829.96,3.55101260,0,0,EVENT
1b0f5f7ba998dd23,M5,L3,SHORT,4792.40,2026-04-20T17:00:00,NA,2026-04-21T07:20:00,2026-04-21T07:25:00,4792.98,4795.08,4791.16,4792.13,3.43171967,1,0,EVENT
f69dacfcfde82dc5,M5,L2,SHORT,4788.72,2026-04-21T02:50:00,NA,2026-04-21T08:25:00,2026-04-21T08:30:00,4789.44,4790.69,4785.93,4787.49,3.25578224,1,0,EVENT
492b5abaf0fde62e,M5,L3,SHORT,4783.46,2026-04-20T12:00:00,NA,2026-04-21T09:00:00,2026-04-21T09:05:00,4783.92,4785.40,4775.54,4782.58,4.06963596,1,0,EVENT
f7ccb121b121a102,M5,L3,SHORT,4779.31,2026-04-20T08:00:00,NA,2026-04-21T09:25:00,2026-04-21T09:30:00,4781.45,4781.45,4775.27,4778.76,5.07556146,1,0,EVENT
15d235241002f05b,M5,L4,LONG,4789.54,2026-04-21T11:55:00,23,2026-04-21T13:50:00,2026-04-21T13:55:00,4786.80,4790.25,4786.77,4790.10,3.50813500,1,0,EVENT
dcbff45b747e54b2,M5,L3,LONG,4793.15,2026-04-21T11:00:00,NA,2026-04-21T14:45:00,2026-04-21T14:50:00,4793.10,4798.16,4791.86,4795.86,4.24518575,1,0,EVENT
96b25324a6428518,M5,L3,SHORT,4772.59,2026-04-21T10:00:00,NA,2026-04-21T16:05:00,2026-04-21T16:10:00,4779.33,4779.62,4767.69,4768.08,6.04346183,1,0,EVENT
1249f764f5bc5acc,M5,L1,SHORT,4737.00,2026-04-20T00:00:00,NA,2026-04-21T17:45:00,2026-04-21T17:50:00,4744.85,4745.54,4723.64,4727.68,8.28899620,1,1,EVENT
e82ca249fb59b4ef,M5,L3,SHORT,4737.00,2026-04-20T02:00:00,NA,2026-04-21T17:45:00,2026-04-21T17:50:00,4744.85,4745.54,4723.64,4727.68,8.28899620,1,1,EVENT
7f1f7d6a338b5693,M5,L2,LONG,4764.97,2026-04-22T02:04:00,NA,2026-04-22T08:15:00,2026-04-22T08:20:00,4756.95,4769.34,4756.28,4768.49,3.03846828,1,0,EVENT
ce01d982403061fd,M5,L3,SHORT,4752.18,2026-04-22T08:00:00,NA,2026-04-22T13:00:00,2026-04-22T13:05:00,4755.20,4757.64,4748.08,4748.84,3.32083826,1,0,EVENT
8cffa3c95e737127,M5,L3,SHORT,4723.86,2026-04-22T19:00:00,NA,2026-04-23T03:00:00,2026-04-23T03:05:00,4727.77,4728.21,4720.46,4721.62,3.06490661,1,0,EVENT
d9b78a15e0b1b115,M5,L1,SHORT,4715.55,2026-04-22T00:00:00,NA,2026-04-23T03:05:00,2026-04-23T03:10:00,4721.51,4722.41,4714.19,4715.36,3.39955614,1,0,EVENT
625238da6c0b0f70,M5,L4,LONG,4708.71,2026-04-23T05:45:00,28,2026-04-23T08:05:00,2026-04-23T08:10:00,4707.21,4709.91,4706.28,4709.77,4.31993616,1,0,EVENT
e762cd058cf3034b,M5,L2,SHORT,4694.19,2026-04-23T02:50:00,NA,2026-04-23T13:05:00,2026-04-23T13:10:00,4700.68,4701.66,4691.41,4691.49,4.82084038,1,0,EVENT
875cbca6be2ad8e6,M5,L3,SHORT,4692.36,2026-04-23T08:00:00,NA,2026-04-23T13:05:00,2026-04-23T13:10:00,4700.68,4701.66,4691.41,4691.49,4.82084038,1,0,EVENT
f926094f1fb06652,M5,L3,LONG,4724.95,2026-04-23T11:00:00,NA,2026-04-23T15:00:00,2026-04-23T15:05:00,4720.63,4732.54,4719.55,4730.63,5.56421044,1,0,EVENT
a05babf2737ac24c,M5,L3,SHORT,4684.18,2026-04-23T13:00:00,NA,2026-04-23T20:40:00,2026-04-23T20:45:00,4698.66,4699.13,4673.29,4677.33,8.46473118,1,1,EVENT
9798c8f60b494ab2,M5,L3,SHORT,4686.38,2026-04-23T23:00:00,NA,2026-04-24T05:20:00,2026-04-24T05:25:00,4691.67,4692.27,4684.86,4684.90,5.71885768,1,0,EVENT
43898a6038201754,M5,L1,SHORT,4664.22,2026-04-23T00:00:00,NA,2026-04-24T07:20:00,2026-04-24T07:25:00,4669.27,4669.27,4661.59,4661.64,4.43998623,1,0,EVENT
6cb67b88a505f819,M5,L3,SHORT,4664.22,2026-04-23T20:00:00,NA,2026-04-24T07:20:00,2026-04-24T07:25:00,4669.27,4669.27,4661.59,4661.64,4.43998623,1,0,EVENT
80b5abf8739f03ba,M5,L3,LONG,4697.41,2026-04-24T11:00:00,NA,2026-04-24T14:20:00,2026-04-24T14:25:00,4695.13,4711.91,4692.53,4708.80,5.76709547,1,0,EVENT
d0d75d9ae6248d34,M5,L2,LONG,4711.08,2026-04-24T02:50:00,NA,2026-04-24T14:25:00,2026-04-24T14:30:00,4708.87,4717.14,4706.64,4715.47,6.73944579,1,0,EVENT
d0eff5dd7def921e,M5,L3,LONG,4711.08,2026-04-24T04:00:00,NA,2026-04-24T14:25:00,2026-04-24T14:30:00,4708.87,4717.14,4706.64,4715.47,6.73944579,1,0,EVENT
fdca1e6fd1e1155f,M5,L3,SHORT,4708.60,2026-04-27T08:00:00,NA,2026-04-27T11:35:00,2026-04-27T11:40:00,4709.51,4709.84,4706.97,4707.45,3.52022227,1,0,EVENT
254078ec5b2a96cf,M5,L3,SHORT,4699.38,2026-04-27T12:00:00,NA,2026-04-27T15:40:00,2026-04-27T15:45:00,4701.57,4702.40,4697.00,4698.87,4.05686281,1,0,EVENT
ad61be338cc98cfb,M5,L2,SHORT,4672.17,2026-04-27T02:50:00,NA,2026-04-27T18:00:00,2026-04-27T18:05:00,4678.13,4679.41,4667.95,4668.90,5.95759852,1,1,EVENT
63373e3c616b5047,M5,L3,SHORT,4672.17,2026-04-27T03:00:00,NA,2026-04-27T18:00:00,2026-04-27T18:05:00,4678.13,4679.41,4667.95,4668.90,5.95759852,1,1,EVENT
692b5ae81eb80216,M5,L3,LONG,4686.17,2026-04-27T20:00:00,NA,2026-04-28T01:05:00,2026-04-28T01:10:00,4682.68,4689.43,4682.24,4688.81,2.39851968,0,0,EVENT
47525c2f6d3cdaad,M5,L1,SHORT,4667.13,2026-04-27T00:00:00,NA,2026-04-28T07:20:00,2026-04-28T07:25:00,4668.61,4668.61,4666.75,4667.07,2.88582798,1,0,EVENT
e8731f72f732743f,M5,L3,SHORT,4667.13,2026-04-27T18:00:00,NA,2026-04-28T07:20:00,2026-04-28T07:25:00,4668.61,4668.61,4666.75,4667.07,2.88582798,1,0,EVENT
83cefc7158b9c7bb,M5,L2,SHORT,4666.27,2026-04-28T02:50:00,NA,2026-04-28T08:00:00,2026-04-28T08:05:00,4667.67,4667.97,4661.80,4663.28,2.45732010,1,0,EVENT
a139bcd7b50ce83d,M5,L3,SHORT,4666.27,2026-04-28T05:00:00,NA,2026-04-28T08:00:00,2026-04-28T08:05:00,4667.67,4667.97,4661.80,4663.28,2.45732010,1,0,EVENT
4ed644e96b92d400,M5,L3,SHORT,4657.58,2026-04-24T07:00:00,NA,2026-04-28T08:05:00,2026-04-28T08:10:00,4663.29,4663.41,4648.34,4653.71,2.72251152,1,0,EVENT
e09461a5a09daa07,M5,L4,SHORT,4593.09,2026-04-28T21:05:00,27,2026-04-28T23:20:00,2026-04-28T23:25:00,4594.25,4594.37,4591.55,4592.72,3.04217647,0,0,EVENT
daaf85182855f3a1,M5,L3,LONG,4601.49,2026-04-28T20:00:00,NA,2026-04-29T03:00:00,2026-04-29T03:05:00,4595.65,4606.84,4594.80,4606.61,2.80755946,1,0,EVENT
07d11077fab0d6a8,M5,L2,SHORT,4575.72,2026-04-29T02:50:00,NA,2026-04-29T10:20:00,2026-04-29T10:25:00,4576.62,4579.72,4574.50,4575.57,4.59017717,1,0,EVENT
acfbec80be9f501f,M5,L3,SHORT,4575.72,2026-04-29T04:00:00,NA,2026-04-29T10:20:00,2026-04-29T10:25:00,4576.62,4579.72,4574.50,4575.57,4.59017717,1,0,EVENT
e85e0e6ae9c973d4,M5,L1,SHORT,4554.71,2026-04-28T00:00:00,NA,2026-04-29T15:50:00,2026-04-29T15:55:00,4555.86,4555.87,4544.80,4545.11,5.19690820,1,0,EVENT
773203215644de76,M5,L3,SHORT,4551.54,2026-04-29T12:00:00,NA,2026-04-29T15:50:00,2026-04-29T15:55:00,4555.86,4555.87,4544.80,4545.11,5.19690820,1,0,EVENT
a8ec332c07f43cd4,M5,L3,LONG,4564.96,2026-04-29T19:00:00,NA,2026-04-30T03:35:00,2026-04-30T03:40:00,4564.54,4565.27,4562.27,4565.18,4.34656174,1,0,EVENT
1512f924c608ee60,M5,L2,LONG,4582.46,2026-04-30T02:50:00,NA,2026-04-30T09:50:00,2026-04-30T09:55:00,4578.30,4584.06,4577.99,4583.89,4.75892309,1,0,EVENT
b4399be934caaa6e,M5,L3,LONG,4582.46,2026-04-30T04:00:00,NA,2026-04-30T09:50:00,2026-04-30T09:55:00,4578.30,4584.06,4577.99,4583.89,4.75892309,1,0,EVENT
4da8501c1632d522,M5,L1,LONG,4610.58,2026-04-29T00:00:00,NA,2026-04-30T11:00:00,2026-04-30T11:05:00,4598.51,4628.00,4597.38,4626.02,5.64738645,1,0,EVENT
4b4b7a07c3a7cec2,M5,L3,LONG,4610.58,2026-04-29T03:00:00,NA,2026-04-30T11:00:00,2026-04-30T11:05:00,4598.51,4628.00,4597.38,4626.02,5.64738645,1,0,EVENT
af4af78af993bac0,M5,L3,SHORT,4613.83,2026-05-01T04:00:00,NA,2026-05-01T07:40:00,2026-05-01T07:45:00,4615.88,4615.98,4612.15,4613.51,3.67312601,1,0,EVENT
89f85299f0d9f8e1,M5,L2,SHORT,4609.19,2026-05-01T02:50:00,NA,2026-05-01T08:00:00,2026-05-01T08:05:00,4609.17,4609.67,4607.60,4609.10,3.47664936,1,0,OPEN_BEYOND_LEVEL
04c7cf7e91aec56d,M5,L3,SHORT,4605.40,2026-04-30T19:00:00,NA,2026-05-01T08:55:00,2026-05-01T09:00:00,4608.44,4608.44,4602.95,4604.91,3.53711948,1,0,EVENT
9c2b564bdfad7584,M5,L1,LONG,4646.97,2026-04-30T00:00:00,NA,2026-05-01T17:10:00,2026-05-01T17:15:00,4634.64,4660.22,4634.56,4656.09,8.58484960,1,1,EVENT
1e0d8234070585f0,M5,L2,LONG,4636.01,2026-05-01T02:50:00,NA,2026-05-01T17:10:00,2026-05-01T17:15:00,4634.64,4660.22,4634.56,4656.09,8.58484960,1,1,EVENT
a2bb17b6e31639fb,M5,L3,LONG,4646.97,2026-04-30T13:00:00,NA,2026-05-01T17:10:00,2026-05-01T17:15:00,4634.64,4660.22,4634.56,4656.09,8.58484960,1,1,EVENT
6ec84646b726162b,M5,L3,SHORT,4606.93,2026-05-01T23:00:00,NA,2026-05-04T03:20:00,2026-05-04T03:25:00,4607.71,4609.50,4602.15,4604.42,5.52273660,1,0,EVENT
b4c2ea24dbbe562c,M5,L2,SHORT,4591.02,2026-05-04T02:50:00,NA,2026-05-04T09:30:00,2026-05-04T09:35:00,4593.96,4595.55,4587.43,4590.05,5.79186032,1,0,EVENT
4fbf1812ad73192e,M5,L3,SHORT,4591.02,2026-05-04T05:00:00,NA,2026-05-04T09:30:00,2026-05-04T09:35:00,4593.96,4595.55,4587.43,4590.05,5.79186032,1,0,EVENT
c19db8431205e13d,M5,L1,SHORT,4560.22,2026-05-01T00:00:00,NA,2026-05-04T13:00:00,2026-05-04T13:05:00,4575.30,4575.72,4551.09,4560.03,3.93383376,1,0,EVENT
4b280cd66e40467a,M5,L3,SHORT,4560.22,2026-05-01T12:00:00,NA,2026-05-04T13:00:00,2026-05-04T13:05:00,4575.30,4575.72,4551.09,4560.03,3.93383376,1,0,EVENT
7cd488d9bf544064,M5,L3,SHORT,4540.88,2026-04-30T07:00:00,NA,2026-05-04T13:15:00,2026-05-04T13:20:00,4541.87,4543.78,4534.51,4538.09,6.62086835,1,0,EVENT
39a7dee99a346522,M5,L3,SHORT,4525.96,2026-05-04T13:00:00,NA,2026-05-04T18:20:00,2026-05-04T18:25:00,4540.32,4541.24,4514.53,4521.64,9.18453522,1,1,EVENT
479ab6394175ddd0,M5,L3,SHORT,4518.25,2026-04-29T21:00:00,NA,2026-05-04T19:05:00,2026-05-04T19:10:00,4522.17,4523.63,4504.44,4511.20,11.25857441,1,1,EVENT
b03901b3a253f973,M5,L3,SHORT,4510.24,2026-04-29T16:00:00,NA,2026-05-04T19:10:00,2026-05-04T19:15:00,4511.18,4516.36,4500.70,4509.62,11.82510480,1,1,EVENT
74464e57e551b6ea,M5,L2,LONG,4546.71,2026-05-05T02:50:00,NA,2026-05-05T08:30:00,2026-05-05T08:35:00,4539.92,4547.31,4539.69,4547.04,3.53732747,1,0,EVENT
a03f2eddbb893904,M5,L3,LONG,4546.71,2026-05-05T05:00:00,NA,2026-05-05T08:30:00,2026-05-05T08:35:00,4539.92,4547.31,4539.69,4547.04,3.53732747,1,0,EVENT
4931c519670a1385,M5,L3,LONG,4583.27,2026-05-04T17:00:00,NA,2026-05-05T17:05:00,2026-05-05T17:10:00,4578.69,4584.55,4577.53,4583.74,5.89765819,1,1,EVENT
163fdb0d9b0ee0d9,M5,L1,LONG,4586.65,2026-05-05T00:00:00,NA,2026-05-06T02:10:00,2026-05-06T02:15:00,4579.46,4590.55,4577.68,4588.74,4.87602074,0,0,EVENT
65a2da11ea228dd6,M5,L3,LONG,4586.65,2026-05-05T17:00:00,NA,2026-05-06T02:10:00,2026-05-06T02:15:00,4579.46,4590.55,4577.68,4588.74,4.87602074,0,0,EVENT
efae952ae3e6d49f,M5,L3,LONG,4618.48,2026-05-04T05:00:00,NA,2026-05-06T03:55:00,2026-05-06T04:00:00,4610.86,4619.78,4610.81,4618.74,4.66607977,1,0,EVENT
d5b2c8d3afe82644,M5,L3,LONG,4638.57,2026-05-04T01:00:00,NA,2026-05-06T05:50:00,2026-05-06T05:55:00,4635.83,4638.83,4634.57,4638.71,4.74489053,1,0,EVENT
fb01316375d32bb1,M5,L2,LONG,4653.63,2026-05-06T02:50:00,NA,2026-05-06T08:05:00,2026-05-06T08:10:00,4651.97,4656.44,4650.52,4655.56,4.10076090,1,0,EVENT
15c4f0bcca649d66,M5,L3,LONG,4660.38,2026-05-01T17:00:00,NA,2026-05-06T08:55:00,2026-05-06T09:00:00,4652.99,4663.83,4652.04,4663.01,4.28547366,1,0,EVENT
4e6498de58785e32,M5,L3,LONG,4700.24,2026-05-06T22:00:00,NA,2026-05-07T04:10:00,2026-05-07T04:15:00,4697.66,4711.20,4697.54,4709.71,4.84507893,1,0,EVENT
ccd1a6ba8686a57b,M5,L3,LONG,4717.47,2026-05-06T17:00:00,NA,2026-05-07T04:45:00,2026-05-07T04:50:00,4712.78,4719.79,4712.65,4718.90,5.92679371,1,0,EVENT
f7a4443032577e51,M5,L1,LONG,4723.02,2026-05-06T00:00:00,NA,2026-05-07T09:30:00,2026-05-07T09:35:00,4717.40,4733.86,4716.07,4733.23,4.04338964,1,0,EVENT
19ae1f99ad37318d,M5,L2,LONG,4721.25,2026-05-07T02:50:00,NA,2026-05-07T09:30:00,2026-05-07T09:35:00,4717.40,4733.86,4716.07,4733.23,4.04338964,1,0,EVENT
b4775a608c68d4ff,M5,L3,LONG,4723.02,2026-05-06T13:00:00,NA,2026-05-07T09:30:00,2026-05-07T09:35:00,4717.40,4733.86,4716.07,4733.23,4.04338964,1,0,EVENT
6b1c157e7017d992,M5,L3,LONG,4753.49,2026-05-07T11:00:00,NA,2026-05-07T16:30:00,2026-05-07T16:35:00,4745.30,4758.20,4743.32,4756.08,6.35066181,1,1,EVENT
5397c02fe8985fb8,M5,L3,SHORT,4721.79,2026-05-07T12:00:00,NA,2026-05-07T19:05:00,2026-05-07T19:10:00,4724.30,4725.23,4716.63,4717.62,6.79795647,1,1,EVENT
bbb32d9ceb8a065d,M5,L3,SHORT,4687.77,2026-05-07T20:00:00,NA,2026-05-07T23:55:00,2026-05-08T00:00:00,4695.30,4695.31,4684.16,4685.22,7.07864486,0,0,EVENT
f633cbe7eb98044e,M5,L1,SHORT,4684.16,2026-05-07T00:00:00,NA,2026-05-08T01:00:00,2026-05-08T01:05:00,4678.51,4694.29,4677.48,4693.98,7.36945595,0,0,OPEN_BEYOND_LEVEL
ae9e855ccae5e8fe,M5,L3,SHORT,4678.94,2026-05-06T20:00:00,NA,2026-05-08T01:00:00,2026-05-08T01:05:00,4678.51,4694.29,4677.48,4693.98,7.36945595,0,0,OPEN_BEYOND_LEVEL
dbd360dc1ad7bbb5,M5,L3,LONG,4719.23,2026-05-07T23:00:00,NA,2026-05-08T04:45:00,2026-05-08T04:50:00,4710.75,4720.19,4710.75,4719.96,6.15262509,1,0,EVENT
f081a66b953ceb55,M5,L2,LONG,4732.72,2026-05-08T02:50:00,NA,2026-05-08T09:25:00,2026-05-08T09:30:00,4727.62,4734.69,4726.22,4733.60,5.59531253,1,0,EVENT
2b56a78d1bb38257,M5,L3,LONG,4732.72,2026-05-08T05:00:00,NA,2026-05-08T09:25:00,2026-05-08T09:30:00,4727.62,4734.69,4726.22,4733.60,5.59531253,1,0,EVENT
a20f17974d13eceb,M5,L3,LONG,4734.69,2026-05-08T09:00:00,NA,2026-05-08T16:30:00,2026-05-08T16:35:00,4727.24,4744.09,4726.86,4739.20,6.66418304,1,1,EVENT
5e5bde2e01f08958,M5,L3,SHORT,4697.07,2026-05-08T10:00:00,NA,2026-05-11T01:00:00,2026-05-11T01:05:00,4682.88,4701.96,4678.82,4686.97,2.50728534,0,0,OPEN_BEYOND_LEVEL
be75525dbe68232d,M5,L1,SHORT,4677.48,2026-05-08T00:00:00,NA,2026-05-11T06:50:00,2026-05-11T06:55:00,4681.25,4682.46,4677.24,4677.37,6.36573053,1,0,EVENT
1820afc3d15f6ca5,M5,L3,SHORT,4677.48,2026-05-08T01:00:00,NA,2026-05-11T06:50:00,2026-05-11T06:55:00,4681.25,4682.46,4677.24,4677.37,6.36573053,1,0,EVENT
abaee01513f0624a,M5,L2,SHORT,4668.48,2026-05-11T02:50:00,NA,2026-05-11T08:40:00,2026-05-11T08:45:00,4673.95,4674.36,4662.09,4663.64,4.84082541,1,0,EVENT
77a6476a9263e9de,M5,L3,SHORT,4670.10,2026-05-11T03:00:00,NA,2026-05-11T08:40:00,2026-05-11T08:45:00,4673.95,4674.36,4662.09,4663.64,4.84082541,1,0,EVENT
bb0754b426f80663,M5,L3,SHORT,4660.38,2026-05-06T15:00:00,NA,2026-05-11T08:50:00,2026-05-11T08:55:00,4660.80,4661.74,4652.81,4654.41,5.37208925,1,0,EVENT
86c50f8ec35c1823,M5,L2,LONG,4705.52,2026-05-11T02:50:00,NA,2026-05-11T16:00:00,2026-05-11T16:05:00,4699.97,4709.97,4698.74,4709.97,6.06155087,1,0,EVENT
6c8fc8c77ba16cf5,M5,L3,LONG,4705.52,2026-05-11T04:00:00,NA,2026-05-11T16:00:00,2026-05-11T16:05:00,4699.97,4709.97,4698.74,4709.97,6.06155087,1,0,EVENT
1b886acf1e178c08,M5,L3,LONG,4728.93,2026-05-08T21:00:00,NA,2026-05-11T16:20:00,2026-05-11T16:25:00,4727.52,4735.62,4726.56,4731.47,7.04251261,1,0,EVENT
9b2ba5d27fa7ae0a,M5,L1,LONG,4748.59,2026-05-11T00:00:00,NA,2026-05-12T01:45:00,2026-05-12T01:50:00,4744.64,4755.36,4744.22,4752.03,3.10638353,0,0,EVENT
8923d68035452b16,M5,L3,LONG,4749.41,2026-05-08T17:00:00,NA,2026-05-12T01:45:00,2026-05-12T01:50:00,4744.64,4755.36,4744.22,4752.03,3.10638353,0,0,EVENT
47ef54ef8cfd8711,M5,L3,LONG,4764.79,2026-05-07T18:00:00,NA,2026-05-12T02:50:00,2026-05-12T02:55:00,4760.34,4769.66,4759.47,4766.09,4.09175993,1,0,EVENT
991611aa8b8ddc0f,M5,L4,SHORT,4722.29,2026-05-12T04:45:00,24,2026-05-12T06:45:00,2026-05-12T06:50:00,4724.60,4724.60,4719.11,4720.51,4.86056260,1,0,EVENT
7e16e6939bd92741,M5,L2,SHORT,4711.26,2026-05-12T02:50:00,NA,2026-05-12T08:05:00,2026-05-12T08:10:00,4718.45,4718.66,4709.61,4711.13,4.84131480,1,0,EVENT
be75ff2808bc270d,M5,L3,SHORT,4708.00,2026-05-11T19:00:00,NA,2026-05-12T09:00:00,2026-05-12T09:05:00,4714.17,4714.34,4704.06,4706.86,4.95518422,1,0,EVENT
11c3e74d30370cdb,M5,L4,SHORT,4696.92,2026-05-12T10:35:00,25,2026-05-12T12:40:00,2026-05-12T12:45:00,4701.91,4702.48,4694.36,4695.34,4.23835029,1,0,EVENT
f3fd1e0394d70591,M5,L3,SHORT,4686.45,2026-05-12T10:00:00,NA,2026-05-12T16:15:00,2026-05-12T16:20:00,4689.01,4689.16,4679.23,4685.69,7.07219183,1,0,EVENT
7b2e3ff2337c9edb,M5,L3,SHORT,4685.11,2026-05-12T13:00:00,NA,2026-05-12T16:55:00,2026-05-12T17:00:00,4691.40,4691.46,4676.80,4678.68,7.86142254,1,1,EVENT
83fee772305c418c,M5,L1,SHORT,4648.11,2026-05-11T00:00:00,NA,2026-05-12T18:20:00,2026-05-12T18:25:00,4662.22,4662.48,4638.69,4642.84,8.08359054,1,1,EVENT
a492b3fd987e0452,M5,L3,SHORT,4648.11,2026-05-11T08:00:00,NA,2026-05-12T18:20:00,2026-05-12T18:25:00,4662.22,4662.48,4638.69,4642.84,8.08359054,1,1,EVENT
3e1137d85ba761d7,M5,L3,LONG,4711.53,2026-05-12T15:00:00,NA,2026-05-12T22:50:00,2026-05-12T22:55:00,4709.70,4713.72,4709.43,4712.61,3.77493524,0,0,EVENT
b44557dde14ebf19,M5,L4,LONG,4723.83,2026-05-13T01:15:00,21,2026-05-13T03:00:00,2026-05-13T03:05:00,4716.94,4725.30,4714.89,4724.83,4.38653178,1,0,EVENT
2f41cb560ce20d8f,M5,L4,SHORT,4714.89,2026-05-13T01:40:00,27,2026-05-13T03:55:00,2026-05-13T04:00:00,4716.83,4718.27,4714.00,4714.49,4.76280845,1,0,EVENT
dc37ab06bf41394d,M5,L2,SHORT,4687.67,2026-05-13T02:50:00,NA,2026-05-13T12:20:00,2026-05-13T12:25:00,4690.72,4692.20,4686.03,4686.77,3.83225892,1,0,EVENT
55e5324fbc251746,M5,L3,SHORT,4687.67,2026-05-13T05:00:00,NA,2026-05-13T12:20:00,2026-05-13T12:25:00,4690.72,4692.20,4686.03,4686.77,3.83225892,1,0,EVENT
d323ab572c88c065,M5,L3,SHORT,4686.03,2026-05-13T12:00:00,NA,2026-05-13T15:25:00,2026-05-13T15:30:00,4687.68,4688.82,4683.25,4684.71,4.39529610,1,0,EVENT
075ad9c368c181db,M5,L3,SHORT,4677.53,2026-05-13T21:00:00,NA,2026-05-14T06:40:00,2026-05-14T06:45:00,4680.51,4681.22,4675.85,4676.38,6.00482273,1,0,EVENT
4bce7786e8ade2b1,M5,L3,LONG,4707.07,2026-05-14T04:00:00,NA,2026-05-14T07:30:00,2026-05-14T07:35:00,4702.40,4710.75,4701.47,4709.17,6.39028639,1,0,EVENT
45efa3c9279d8735,M5,L3,LONG,4709.80,2026-05-13T19:00:00,NA,2026-05-14T10:30:00,2026-05-14T10:35:00,4705.53,4710.70,4702.99,4710.31,5.30812446,1,0,EVENT
15fb7d258566bacc,M5,L3,LONG,4710.60,2026-05-13T13:00:00,NA,2026-05-14T10:35:00,2026-05-14T10:40:00,4710.29,4718.78,4710.28,4712.36,5.47968700,1,0,EVENT
87269c05abbe0f03,M5,L3,SHORT,4688.50,2026-05-14T12:00:00,NA,2026-05-14T16:25:00,2026-05-14T16:30:00,4694.85,4697.06,4688.06,4688.28,6.08513009,1,1,EVENT
d02aeb010937cd32,M5,L1,SHORT,4669.43,2026-05-13T00:00:00,NA,2026-05-14T21:40:00,2026-05-14T21:45:00,4670.25,4671.68,4668.29,4668.47,3.57091683,0,0,EVENT
80dd2fcff9a68a5a,M5,L3,SHORT,4668.69,2026-05-14T07:00:00,NA,2026-05-14T21:40:00,2026-05-14T21:45:00,4670.25,4671.68,4668.29,4668.47,3.57091683,0,0,EVENT
7dc861131883bde8,M5,L3,SHORT,4666.69,2026-05-14T16:00:00,NA,2026-05-14T22:25:00,2026-05-14T22:30:00,4667.87,4669.03,4663.24,4663.35,3.08299934,0,0,EVENT
fd6881a53a609ac4,M5,L1,SHORT,4644.30,2026-05-14T00:00:00,NA,2026-05-15T03:25:00,2026-05-15T03:30:00,4644.63,4644.76,4629.29,4630.03,5.78842969,1,0,EVENT
56a5a83ae66031d6,M5,L3,SHORT,4638.13,2026-05-12T18:00:00,NA,2026-05-15T03:25:00,2026-05-15T03:30:00,4644.63,4644.76,4629.29,4630.03,5.78842969,1,0,EVENT
d4931aa360680f08,M5,L3,SHORT,4607.19,2026-05-15T04:00:00,NA,2026-05-15T07:40:00,2026-05-15T07:45:00,4611.29,4613.36,4604.30,4605.75,5.41140983,1,0,EVENT
1a7d1385795ee9ca,M5,L2,SHORT,4604.30,2026-05-15T02:50:00,NA,2026-05-15T08:00:00,2026-05-15T08:05:00,4605.84,4606.55,4599.05,4599.95,5.39054863,1,0,EVENT
d92d72d82a91c2e9,M5,L3,SHORT,4531.79,2026-05-15T12:00:00,NA,2026-05-15T16:35:00,2026-05-15T16:40:00,4542.53,4542.68,4526.55,4528.70,8.14809437,1,1,EVENT
202b0e89599ee774,M5,L1,SHORT,4511.50,2026-05-15T00:00:00,NA,2026-05-18T03:30:00,2026-05-18T03:35:00,4515.88,4519.07,4487.66,4492.26,7.38061034,1,0,EVENT
ac19b4dffbd6536c,M5,L3,SHORT,4511.50,2026-05-15T16:00:00,NA,2026-05-18T03:30:00,2026-05-18T03:35:00,4515.88,4519.07,4487.66,4492.26,7.38061034,1,0,EVENT
0e8d76417763ae8c,M5,L4,LONG,4542.87,2026-05-18T04:50:00,22,2026-05-18T06:40:00,2026-05-18T06:45:00,4535.30,4548.01,4533.74,4545.62,9.03123307,1,0,EVENT
25b2b7c54c347b24,M5,L2,LONG,4549.71,2026-05-18T02:50:00,NA,2026-05-18T10:25:00,2026-05-18T10:30:00,4539.39,4551.28,4539.17,4550.57,6.32632342,1,0,EVENT
25f9ff650b163a7a,M5,L3,LONG,4559.96,2026-05-18T10:00:00,NA,2026-05-18T14:40:00,2026-05-18T14:45:00,4554.71,4567.11,4551.95,4562.13,6.18197848,1,0,EVENT
6be034536c516915,M5,L3,LONG,4566.62,2026-05-15T17:00:00,NA,2026-05-18T15:40:00,2026-05-18T15:45:00,4561.63,4569.57,4558.55,4569.56,6.82754480,1,0,EVENT
d01b06ae38e02611,M5,L3,LONG,4572.57,2026-05-15T13:00:00,NA,2026-05-18T16:20:00,2026-05-18T16:25:00,4566.09,4572.97,4565.50,4572.86,7.54918539,1,0,EVENT
b1e0897bef71d14a,M5,L1,LONG,4584.18,2026-05-18T00:00:00,NA,2026-05-19T02:10:00,2026-05-19T02:15:00,4580.14,4586.84,4579.96,4585.57,3.48654482,0,0,EVENT
0dffb4abfc98ef63,M5,L3,LONG,4584.18,2026-05-18T16:00:00,NA,2026-05-19T02:10:00,2026-05-19T02:15:00,4580.14,4586.84,4579.96,4585.57,3.48654482,0,0,EVENT
583904ea201baa92,M5,L2,SHORT,4537.95,2026-05-19T02:50:00,NA,2026-05-19T08:20:00,2026-05-19T08:25:00,4541.97,4542.48,4530.95,4535.36,4.08936231,1,0,EVENT
2eb3450135659566,M5,L4,LONG,4555.30,2026-05-19T09:15:00,20,2026-05-19T10:55:00,2026-05-19T11:00:00,4552.16,4559.36,4552.13,4557.21,5.99218509,1,0,EVENT
8c20190958c6e9c6,M5,L3,SHORT,4529.76,2026-05-18T09:00:00,NA,2026-05-19T13:40:00,2026-05-19T13:45:00,4540.96,4541.51,4525.43,4529.16,4.65542169,1,0,EVENT
1e7e143d5ecc0389,M5,L3,SHORT,4525.43,2026-05-19T13:00:00,NA,2026-05-19T16:00:00,2026-05-19T16:05:00,4537.21,4537.35,4522.03,4523.61,5.47879658,1,0,EVENT
03bc80ef08dfc099,M5,L1,SHORT,4480.37,2026-05-18T00:00:00,NA,2026-05-19T16:40:00,2026-05-19T16:45:00,4483.36,4483.53,4470.22,4476.12,9.94324846,1,1,EVENT
2acf91ec09a99633,M5,L3,SHORT,4480.37,2026-05-18T03:00:00,NA,2026-05-19T16:40:00,2026-05-19T16:45:00,4483.36,4483.53,4470.22,4476.12,9.94324846,1,1,EVENT
a2f7354e1e570621,M5,L3,SHORT,4477.43,2026-05-20T01:00:00,NA,2026-05-20T04:25:00,2026-05-20T04:30:00,4484.48,4485.72,4472.80,4473.64,7.15801906,1,0,EVENT
1e9cf649a27f373d,M5,L1,SHORT,4464.68,2026-05-19T00:00:00,NA,2026-05-20T05:40:00,2026-05-20T05:45:00,4469.73,4471.69,4460.75,4460.75,8.50337982,1,0,EVENT
96d207c5847e2b6e,M5,L3,SHORT,4464.68,2026-05-19T16:00:00,NA,2026-05-20T05:40:00,2026-05-20T05:45:00,4469.73,4471.69,4460.75,4460.75,8.50337982,1,0,EVENT
af51593d75ff9f2f,M5,L2,LONG,4509.02,2026-05-20T02:50:00,NA,2026-05-20T17:30:00,2026-05-20T17:35:00,4506.88,4528.69,4506.87,4524.56,8.00049974,1,1,EVENT
28e9bab8fc4dc724,M5,L3,LONG,4509.02,2026-05-20T03:00:00,NA,2026-05-20T17:30:00,2026-05-20T17:35:00,4506.88,4528.69,4506.87,4524.56,8.00049974,1,1,EVENT
bfef6e0c45c88a81,M5,L4,LONG,4538.09,2026-05-20T19:45:00,21,2026-05-20T21:30:00,2026-05-20T21:35:00,4534.96,4539.76,4534.94,4539.66,4.11615656,0,0,EVENT
e5d46849d4b0d57c,M5,L3,LONG,4547.92,2026-05-19T14:00:00,NA,2026-05-20T22:35:00,2026-05-20T22:40:00,4545.55,4550.05,4545.19,4548.26,3.44228957,0,0,EVENT
59321dae0959b6e2,M5,L1,LONG,4552.62,2026-05-20T00:00:00,NA,2026-05-21T04:10:00,2026-05-21T04:15:00,4549.57,4560.05,4549.38,4559.89,5.22302527,1,0,EVENT
8ce52b5ad72c98a2,M5,L3,LONG,4559.36,2026-05-19T10:00:00,NA,2026-05-21T04:10:00,2026-05-21T04:15:00,4549.57,4560.05,4549.38,4559.89,5.22302527,1,0,EVENT
06d7a76d31d5950c,M5,L3,SHORT,4534.54,2026-05-21T02:00:00,NA,2026-05-21T05:45:00,2026-05-21T05:50:00,4536.35,4537.31,4531.52,4534.43,5.81936036,1,0,EVENT
64e7dbccd8ba43b2,M5,L2,SHORT,4527.19,2026-05-21T02:50:00,NA,2026-05-21T08:15:00,2026-05-21T08:20:00,4530.80,4531.08,4526.13,4527.16,3.86840340,1,0,EVENT
2ea40e953f384a31,M5,L3,SHORT,4512.02,2026-05-21T10:00:00,NA,2026-05-21T13:35:00,2026-05-21T13:40:00,4514.57,4517.95,4507.64,4508.60,6.16332025,1,0,EVENT
a070dbddf928f7fb,M5,L3,LONG,4543.20,2026-05-21T12:00:00,NA,2026-05-21T20:40:00,2026-05-21T20:45:00,4542.37,4548.37,4542.33,4548.25,6.45741038,1,1,EVENT
ff3c156ddf60e26b,M5,L2,SHORT,4518.59,2026-05-22T02:50:00,NA,2026-05-22T08:55:00,2026-05-22T09:00:00,4528.93,4528.94,4507.32,4511.33,3.59489027,1,0,EVENT
19d3ce91ff45115c,M5,L3,SHORT,4518.59,2026-05-22T05:00:00,NA,2026-05-22T08:55:00,2026-05-22T09:00:00,4528.93,4528.94,4507.32,4511.33,3.59489027,1,0,EVENT
0b1ae40c4cb67fa2,M5,L3,LONG,4534.32,2026-05-22T08:00:00,NA,2026-05-22T13:05:00,2026-05-22T13:10:00,4529.64,4536.72,4529.62,4535.56,4.32709135,1,0,EVENT
cb916a6be0e053a7,M5,L3,SHORT,4510.15,2026-05-22T13:00:00,NA,2026-05-22T17:00:00,2026-05-22T17:05:00,4513.88,4514.16,4503.12,4507.69,6.11578479,1,1,EVENT
0f8cea27ed515953,M5,L3,SHORT,4507.32,2026-05-22T08:00:00,NA,2026-05-22T17:10:00,2026-05-22T17:15:00,4510.04,4511.07,4490.60,4497.53,6.45126341,1,1,EVENT
e3e0194880e0be14,M5,L1,LONG,4546.83,2026-05-22T00:00:00,NA,2026-05-25T01:00:00,2026-05-25T01:05:00,4536.69,4552.90,4532.73,4551.46,3.01186918,0,0,EVENT
b0d40b240e7df1a7,M5,L3,LONG,4546.83,2026-05-22T01:00:00,NA,2026-05-25T01:00:00,2026-05-25T01:05:00,4536.69,4552.90,4532.73,4551.46,3.01186918,0,0,EVENT
10bf4d6016f17658,M5,L4,LONG,4511.16,2026-05-22T22:05:00,23,2026-05-25T01:00:00,2026-05-25T01:05:00,4536.69,4552.90,4532.73,4551.46,3.01186918,0,0,OPEN_BEYOND_LEVEL
0cb148d648565a4b,M5,L3,LONG,4559.28,2026-05-21T20:00:00,NA,2026-05-25T01:45:00,2026-05-25T01:50:00,4558.09,4565.76,4557.88,4565.17,5.58437439,0,0,EVENT
4c2846b2fd5c19bb,M5,L3,LONG,4570.76,2026-05-21T04:00:00,NA,2026-05-25T02:05:00,2026-05-25T02:10:00,4568.13,4574.25,4567.69,4572.74,5.32042266,0,0,EVENT
3ee1b2fbb92664b1,M5,L2,SHORT,4556.54,2026-05-25T02:50:00,NA,2026-05-25T08:20:00,2026-05-25T08:25:00,4562.82,4562.90,4556.36,4556.51,2.69214051,1,0,EVENT
dc1bb10fd2d391c5,M5,L3,LONG,4577.84,2026-05-25T20:00:00,NA,2026-05-26T02:10:00,2026-05-26T02:15:00,4576.32,4579.17,4575.37,4578.99,2.14430986,0,0,EVENT
9950a3a0d6dd99a0,M5,L3,SHORT,4563.33,2026-05-25T20:00:00,NA,2026-05-26T02:30:00,2026-05-26T02:35:00,4568.31,4568.60,4560.54,4560.85,2.82340155,0,0,EVENT
80cb162c41939bcd,M5,L3,SHORT,4553.00,2026-05-25T15:00:00,NA,2026-05-26T03:00:00,2026-05-26T03:05:00,4559.69,4560.21,4549.35,4550.80,3.82015218,1,0,EVENT
19e0ee0f9330a8d5,M5,L3,SHORT,4550.48,2026-05-25T09:00:00,NA,2026-05-26T03:05:00,2026-05-26T03:10:00,4550.79,4552.59,4548.85,4549.57,4.32299845,1,0,EVENT
c2c4ebe8c7adccc3,M5,L1,SHORT,4532.73,2026-05-25T00:00:00,NA,2026-05-26T04:35:00,2026-05-26T04:40:00,4538.83,4539.10,4527.70,4529.72,5.39345221,1,0,EVENT
7775a082a614a1f4,M5,L3,SHORT,4527.70,2026-05-26T04:00:00,NA,2026-05-26T07:40:00,2026-05-26T07:45:00,4527.76,4529.16,4525.24,4526.17,3.28249194,1,0,EVENT
9958cec3887a0cc4,M5,L2,SHORT,4523.55,2026-05-26T02:50:00,NA,2026-05-26T10:35:00,2026-05-26T10:40:00,4526.00,4526.43,4521.69,4523.19,4.24426180,1,0,EVENT
522ceafc15a4c433,M5,L3,SHORT,4503.65,2026-05-22T23:00:00,NA,2026-05-26T15:35:00,2026-05-26T15:40:00,4510.36,4510.38,4501.45,4502.36,5.97345424,1,0,EVENT
d21ed61776ae511d,M5,L3,SHORT,4500.64,2026-05-26T15:00:00,NA,2026-05-26T20:30:00,2026-05-26T20:35:00,4501.58,4501.78,4498.20,4500.23,3.63080577,1,1,EVENT
78cc258c9bb4d1bd,M5,L3,SHORT,4488.78,2026-05-21T16:00:00,NA,2026-05-26T21:00:00,2026-05-26T21:05:00,4491.04,4493.30,4485.04,4487.71,3.90087770,1,1,EVENT
f4e37eb11119e7f3,M5,L2,SHORT,4495.90,2026-05-27T02:50:00,NA,2026-05-27T08:40:00,2026-05-27T08:45:00,4499.63,4500.14,4491.74,4493.35,4.68907233,1,0,EVENT
5143a5cd49146523,M5,L1,SHORT,4482.54,2026-05-26T00:00:00,NA,2026-05-27T10:10:00,2026-05-27T10:15:00,4484.83,4484.88,4480.13,4480.24,4.95710108,1,0,EVENT
6c84b3382c94d93f,M5,L3,SHORT,4482.54,2026-05-26T21:00:00,NA,2026-05-27T10:10:00,2026-05-27T10:15:00,4484.83,4484.88,4480.13,4480.24,4.95710108,1,0,EVENT
05d1c2a0cd3a82d9,M5,L3,SHORT,4475.85,2026-05-27T10:00:00,NA,2026-05-27T13:30:00,2026-05-27T13:35:00,4477.00,4477.25,4472.48,4473.90,3.90527902,1,0,EVENT
9dbaa41acb95e57f,M5,L3,SHORT,4467.11,2026-05-20T17:00:00,NA,2026-05-27T13:35:00,2026-05-27T13:40:00,4473.87,4475.91,4462.13,4463.82,3.96704480,1,0,EVENT
d111569f75b4e67c,M5,L3,SHORT,4453.50,2026-05-20T06:00:00,NA,2026-05-27T13:45:00,2026-05-27T13:50:00,4465.72,4466.99,4444.07,4448.59,4.86811516,1,0,EVENT
d35f200dbcb911e1,M5,L4,LONG,4455.26,2026-05-27T21:35:00,20,2026-05-27T23:15:00,2026-05-27T23:20:00,4455.20,4458.88,4455.20,4458.24,2.76535512,0,0,EVENT
e7011e12a70a4b99,M5,L1,SHORT,4401.49,2026-05-27T00:00:00,NA,2026-05-28T05:45:00,2026-05-28T05:50:00,4402.05,4402.30,4393.57,4396.10,6.43621104,1,0,EVENT
e085ec616a669da3,M5,L3,SHORT,4401.49,2026-05-27T16:00:00,NA,2026-05-28T05:45:00,2026-05-28T05:50:00,4402.05,4402.30,4393.57,4396.10,6.43621104,1,0,EVENT
cb093a34371057c8,M5,L2,LONG,4458.69,2026-05-28T02:50:00,NA,2026-05-28T17:10:00,2026-05-28T17:15:00,4438.75,4467.66,4432.33,4464.43,8.62288282,1,1,EVENT
ff05f4cc939ba846,M5,L3,LONG,4458.69,2026-05-28T04:00:00,NA,2026-05-28T17:10:00,2026-05-28T17:15:00,4438.75,4467.66,4432.33,4464.43,8.62288282,1,1,EVENT
5f2263d58d7c2e42,M5,L3,LONG,4467.32,2026-05-28T01:00:00,NA,2026-05-28T17:40:00,2026-05-28T17:45:00,4459.42,4471.51,4458.49,4468.95,10.90238687,1,1,EVENT
c125554e95f24e19,M5,L1,LONG,4516.51,2026-05-28T00:00:00,NA,2026-05-29T04:15:00,2026-05-29T04:20:00,4514.94,4520.73,4514.58,4518.69,4.79034807,1,0,EVENT
09a0db0326d340d8,M5,L3,LONG,4517.37,2026-05-27T07:00:00,NA,2026-05-29T04:15:00,2026-05-29T04:20:00,4514.94,4520.73,4514.58,4518.69,4.79034807,1,0,EVENT
dade682ec6f7a146,M5,L2,LONG,4520.73,2026-05-29T02:50:00,NA,2026-05-29T09:50:00,2026-05-29T09:55:00,4517.87,4523.12,4516.91,4522.03,4.93812809,1,0,EVENT
4c55834ed2f005a1,M5,L3,LONG,4520.73,2026-05-29T04:00:00,NA,2026-05-29T09:50:00,2026-05-29T09:55:00,4517.87,4523.12,4516.91,4522.03,4.93812809,1,0,EVENT
e125e04ba4dd2c13,M5,L3,LONG,4538.19,2026-05-27T01:00:00,NA,2026-05-29T13:30:00,2026-05-29T13:35:00,4530.52,4539.25,4530.37,4538.82,4.48021491,1,0,EVENT
2af077cf06de6f81,M5,L3,LONG,4540.53,2026-05-26T13:00:00,NA,2026-05-29T13:35:00,2026-05-29T13:40:00,4538.83,4543.32,4538.24,4541.38,4.79448528,1,0,EVENT
458c5a709e36d0d0,M5,L3,LONG,4543.32,2026-05-29T13:00:00,NA,2026-05-29T17:00:00,2026-05-29T17:05:00,4536.85,4549.34,4535.18,4547.99,5.92811040,1,1,EVENT
807ffcd56f0f928e,M5,L3,LONG,4580.28,2026-05-26T02:00:00,NA,2026-05-29T18:05:00,2026-05-29T18:10:00,4578.28,4589.89,4573.64,4588.04,9.49001650,1,1,EVENT
fd72bdc77dbe97fc,M5,L4,SHORT,4534.79,2026-06-01T01:45:00,27,2026-06-01T04:00:00,2026-06-01T04:05:00,4540.66,4541.53,4531.82,4534.14,4.69750543,1,0,EVENT
45442d46bb6b4ee4,M5,L3,SHORT,4517.96,2026-06-01T01:00:00,NA,2026-06-01T06:05:00,2026-06-01T06:10:00,4524.67,4524.84,4517.39,4517.61,4.50035073,1,0,EVENT
781c460e1381a08f,M5,L3,SHORT,4512.74,2026-05-29T15:00:00,NA,2026-06-01T06:40:00,2026-06-01T06:45:00,4515.48,4515.69,4509.88,4510.66,4.74567455,1,0,EVENT
2b6f584b25bd88ac,M5,L2,SHORT,4508.62,2026-06-01T02:50:00,NA,2026-06-01T09:20:00,2026-06-01T09:25:00,4511.01,4511.01,4504.96,4506.18,4.69379712,1,0,EVENT
653f7b2235ee92e9,M5,L1,SHORT,4489.05,2026-05-29T00:00:00,NA,2026-06-01T16:10:00,2026-06-01T16:15:00,4501.16,4501.16,4472.39,4484.26,5.41043051,1,0,EVENT
98f4dfa922713dc2,M5,L3,SHORT,4489.05,2026-05-29T02:00:00,NA,2026-06-01T16:10:00,2026-06-01T16:15:00,4501.16,4501.16,4472.39,4484.26,5.41043051,1,0,EVENT
46b3b3eef55d8dfa,M5,L3,LONG,4497.20,2026-06-02T03:00:00,NA,2026-06-02T06:40:00,2026-06-02T06:45:00,4494.62,4497.21,4494.24,4497.21,5.56791358,1,0,EVENT
055fb0b992e52f6d,M5,L3,LONG,4512.94,2026-06-01T14:00:00,NA,2026-06-02T07:55:00,2026-06-02T08:00:00,4512.80,4518.20,4512.80,4517.34,4.05380352,1,0,EVENT
3eba42f912ec9fe8,M5,L2,LONG,4518.20,2026-06-02T02:50:00,NA,2026-06-02T08:10:00,2026-06-02T08:15:00,4515.91,4518.72,4515.17,4518.66,3.89032300,1,0,EVENT
10407be38e5c1014,M5,L3,SHORT,4521.33,2026-06-02T12:00:00,NA,2026-06-02T15:45:00,2026-06-02T15:50:00,4524.86,4525.97,4519.96,4520.32,4.22114200,1,0,EVENT
e52ffadd5a723d06,M5,L4,SHORT,4498.09,2026-06-02T17:35:00,20,2026-06-02T19:15:00,2026-06-02T19:20:00,4498.22,4498.42,4494.35,4494.82,4.46369068,1,1,EVENT
8293250f815ef708,M5,L3,SHORT,4478.70,2026-06-02T21:00:00,NA,2026-06-03T02:10:00,2026-06-03T02:15:00,4482.17,4483.28,4474.44,4477.02,3.44847849,0,0,EVENT
67e4f8ca2960150a,M5,L1,SHORT,4462.91,2026-06-02T00:00:00,NA,2026-06-03T08:40:00,2026-06-03T08:45:00,4466.92,4467.07,4460.17,4462.01,4.03031378,1,0,EVENT
0404b87de9e825bc,M5,L2,SHORT,4463.71,2026-06-03T02:50:00,NA,2026-06-03T08:40:00,2026-06-03T08:45:00,4466.92,4467.07,4460.17,4462.01,4.03031378,1,0,EVENT
26b18853e033b428,M5,L3,SHORT,4462.28,2026-06-03T02:00:00,NA,2026-06-03T08:40:00,2026-06-03T08:45:00,4466.92,4467.07,4460.17,4462.01,4.03031378,1,0,EVENT
d73e443cdaa7354d,M5,L3,SHORT,4447.73,2026-06-01T17:00:00,NA,2026-06-03T11:50:00,2026-06-03T11:55:00,4454.21,4454.96,4442.73,4444.90,5.05707438,1,0,EVENT
89b679282d731d98,M5,L3,SHORT,4438.99,2026-06-03T12:00:00,NA,2026-06-03T16:40:00,2026-06-03T16:45:00,4448.69,4450.08,4427.35,4427.40,5.91406643,1,1,EVENT
65b433496b626a10,M5,L4,LONG,4445.46,2026-06-03T18:25:00,20,2026-06-03T20:05:00,2026-06-03T20:10:00,4444.64,4448.40,4443.28,4447.01,4.66722651,1,1,EVENT
6cba2b5c55043e69,M5,L4,LONG,4442.89,2026-06-03T20:20:00,20,2026-06-03T22:00:00,2026-06-03T22:05:00,4442.03,4449.36,4441.42,4449.16,3.18274712,0,0,EVENT
9fcda6c88f0edf26,M5,L3,SHORT,4433.83,2026-06-03T19:00:00,NA,2026-06-03T23:40:00,2026-06-03T23:45:00,4433.80,4434.44,4432.00,4433.22,3.08170579,0,0,OPEN_BEYOND_LEVEL
53ba7012c494e481,M5,L3,LONG,4468.16,2026-06-03T14:00:00,NA,2026-06-04T04:20:00,2026-06-04T04:25:00,4464.70,4473.59,4464.64,4469.83,6.01652090,1,0,EVENT
24bb82684d39f8c4,M5,L4,LONG,4469.51,2026-06-04T10:20:00,29,2026-06-04T12:45:00,2026-06-04T12:50:00,4467.99,4472.30,4467.52,4470.72,4.58170594,1,0,EVENT
5c1b9445c70876b0,M5,L2,LONG,4483.98,2026-06-04T02:50:00,NA,2026-06-04T14:25:00,2026-06-04T14:30:00,4478.87,4491.48,4477.60,4489.53,4.44844067,1,0,EVENT
73d6997faaf3621d,M5,L3,LONG,4488.14,2026-06-03T07:00:00,NA,2026-06-04T14:25:00,2026-06-04T14:30:00,4478.87,4491.48,4477.60,4489.53,4.44844067,1,0,EVENT
3ef06fadf936e38c,M5,L1,LONG,4496.80,2026-06-03T00:00:00,NA,2026-06-04T14:45:00,2026-06-04T14:50:00,4491.43,4504.23,4491.43,4501.24,5.39762947,1,0,EVENT
e9bc415745be8527,M5,L3,LONG,4496.80,2026-06-03T03:00:00,NA,2026-06-04T14:45:00,2026-06-04T14:50:00,4491.43,4504.23,4491.43,4501.24,5.39762947,1,0,EVENT
c56f02a6ebc1976c,M5,L3,SHORT,4472.75,2026-06-04T21:00:00,NA,2026-06-05T01:50:00,2026-06-05T01:55:00,4473.58,4474.28,4469.50,4469.64,2.99634457,0,0,EVENT
dbf0a71e6b10132a,M5,L3,SHORT,4457.30,2026-06-04T17:00:00,NA,2026-06-05T03:10:00,2026-06-05T03:15:00,4461.21,4462.51,4454.41,4455.29,3.90146404,1,0,EVENT
acca93f7cb2c8bc3,M5,L3,SHORT,4443.00,2026-06-04T04:00:00,NA,2026-06-05T05:40:00,2026-06-05T05:45:00,4445.20,4445.21,4438.37,4442.93,6.19006645,1,0,EVENT
dff26ca70ae922d4,M5,L4,LONG,4444.67,2026-06-05T05:55:00,24,2026-06-05T07:55:00,2026-06-05T08:00:00,4444.27,4446.66,4444.02,4444.99,3.93608445,1,0,EVENT
3d52af311e0c832d,M5,L2,LONG,4469.98,2026-06-05T02:50:00,NA,2026-06-05T14:50:00,2026-06-05T14:55:00,4467.01,4475.39,4466.78,4472.10,3.35043287,1,0,EVENT
e651e9049d65ab3b,M5,L1,SHORT,4423.79,2026-06-04T00:00:00,NA,2026-06-05T15:50:00,2026-06-05T15:55:00,4440.21,4440.73,4416.95,4416.95,6.38093465,1,0,EVENT
fb41a44df986a428,M5,L2,SHORT,4435.26,2026-06-05T02:50:00,NA,2026-06-05T15:50:00,2026-06-05T15:55:00,4440.21,4440.73,4416.95,4416.95,6.38093465,1,0,EVENT
31e3cccc8ef119af,M5,L3,SHORT,4423.79,2026-06-04T01:00:00,NA,2026-06-05T15:50:00,2026-06-05T15:55:00,4440.21,4440.73,4416.95,4416.95,6.38093465,1,0,EVENT
314b4b8601cdb77b,M5,L1,SHORT,4311.69,2026-06-05T00:00:00,NA,2026-06-08T05:30:00,2026-06-08T05:35:00,4314.83,4316.79,4308.72,4309.61,7.65355841,1,0,EVENT
d31187757251342f,M5,L3,SHORT,4310.02,2026-06-08T01:00:00,NA,2026-06-08T05:30:00,2026-06-08T05:35:00,4314.83,4316.79,4308.72,4309.61,7.65355841,1,0,EVENT
c4c2f66b7539c465,M5,L2,SHORT,4300.25,2026-06-08T02:50:00,NA,2026-06-08T08:30:00,2026-06-08T08:35:00,4311.82,4313.32,4286.71,4287.03,5.14788815,1,0,EVENT
841429ef8b3686ba,M5,L3,SHORT,4300.25,2026-06-08T04:00:00,NA,2026-06-08T08:30:00,2026-06-08T08:35:00,4311.82,4313.32,4286.71,4287.03,5.14788815,1,0,EVENT
9cd09682a17a0fbe,M5,L3,LONG,4316.86,2026-06-08T10:00:00,NA,2026-06-08T14:10:00,2026-06-08T14:15:00,4306.34,4318.57,4304.59,4318.52,6.52867927,1,0,EVENT
9496feb0ccce77f6,M5,L4,LONG,4330.43,2026-06-08T22:20:00,20,2026-06-09T01:00:00,2026-06-09T01:05:00,4331.79,4333.40,4326.48,4326.81,2.92492175,0,0,OPEN_BEYOND_LEVEL
81b5c141ee41064a,M5,L3,SHORT,4314.79,2026-06-08T17:00:00,NA,2026-06-09T02:45:00,2026-06-09T02:50:00,4319.71,4320.05,4313.60,4313.84,3.01527422,1,0,EVENT
d8cabb36750f54aa,M5,L4,SHORT,4331.08,2026-06-09T05:20:00,23,2026-06-09T07:15:00,2026-06-09T07:20:00,4332.26,4332.98,4329.40,4330.09,4.65574315,1,0,EVENT
056b3b0f981b5a69,M5,L2,LONG,4342.15,2026-06-09T02:50:00,NA,2026-06-09T08:30:00,2026-06-09T08:35:00,4332.56,4343.91,4331.53,4342.75,4.18977890,1,0,EVENT
7806cb82a6fae856,M5,L3,LONG,4346.66,2026-06-08T16:00:00,NA,2026-06-09T08:40:00,2026-06-09T08:45:00,4343.37,4351.42,4342.50,4348.14,4.72730936,1,0,EVENT
bccb04e054e7dc8f,M5,L3,SHORT,4324.28,2026-06-09T07:00:00,NA,2026-06-09T11:00:00,2026-06-09T11:05:00,4326.61,4327.20,4322.68,4323.19,4.78821585,1,0,EVENT
f62b14c8858eeee2,M5,L4,SHORT,4334.74,2026-06-09T13:55:00,28,2026-06-09T16:15:00,2026-06-09T16:20:00,4341.02,4342.05,4334.12,4334.12,4.42337360,1,0,EVENT
4bd76c944fd9e402,M5,L3,LONG,4351.42,2026-06-09T08:00:00,NA,2026-06-09T16:45:00,2026-06-09T16:50:00,4330.33,4363.67,4329.17,4352.24,4.92356317,1,1,EVENT
9533e7672f78faeb,M5,L2,SHORT,4312.97,2026-06-09T02:50:00,NA,2026-06-09T17:15:00,2026-06-09T17:20:00,4321.24,4323.09,4305.93,4311.32,8.07791863,1,1,EVENT
99dbb1442c0dbf9a,M5,L3,SHORT,4312.97,2026-06-09T02:00:00,NA,2026-06-09T17:15:00,2026-06-09T17:20:00,4321.24,4323.09,4305.93,4311.32,8.07791863,1,1,EVENT
edfee958c3c09822,M5,L3,SHORT,4272.99,2026-06-08T12:00:00,NA,2026-06-09T18:35:00,2026-06-09T18:40:00,4274.53,4274.64,4263.16,4270.17,10.62768903,1,1,EVENT
aea35a20e6b0a7f3,M5,L1,SHORT,4268.54,2026-06-08T00:00:00,NA,2026-06-09T19:05:00,2026-06-09T19:10:00,4273.84,4274.45,4260.77,4263.70,10.39479291,1,1,EVENT
103facbf82c3635a,M5,L3,SHORT,4268.54,2026-06-08T08:00:00,NA,2026-06-09T19:05:00,2026-06-09T19:10:00,4273.84,4274.45,4260.77,4263.70,10.39479291,1,1,EVENT
d8aa9fe72ecfc7d1,M5,L1,SHORT,4236.78,2026-06-09T00:00:00,NA,2026-06-10T01:50:00,2026-06-10T01:55:00,4239.23,4240.96,4232.39,4235.05,4.88879333,0,0,EVENT
28d3d3294ddc167d,M5,L3,SHORT,4236.78,2026-06-09T19:00:00,NA,2026-06-10T01:50:00,2026-06-10T01:55:00,4239.23,4240.96,4232.39,4235.05,4.88879333,0,0,EVENT
6814434b903ef0d9,M5,L2,SHORT,4172.26,2026-06-10T02:50:00,NA,2026-06-10T11:00:00,2026-06-10T11:05:00,4186.18,4187.42,4161.43,4164.19,5.99568726,1,0,EVENT
580eefc500df6528,M5,L3,SHORT,4172.26,2026-06-10T07:00:00,NA,2026-06-10T11:00:00,2026-06-10T11:05:00,4186.18,4187.42,4161.43,4164.19,5.99568726,1,0,EVENT
4656f987b36db1c6,M5,L4,SHORT,4163.04,2026-06-10T11:15:00,22,2026-06-10T13:05:00,2026-06-10T13:10:00,4169.33,4169.66,4155.56,4159.57,6.98140093,1,0,EVENT
40de5539b91d1c34,M5,L1,SHORT,4066.95,2026-06-10T00:00:00,NA,2026-06-11T01:00:00,2026-06-11T01:05:00,4072.70,4072.97,4058.61,4063.45,5.10841079,0,0,EVENT
88f32021860ce662,M5,L3,SHORT,4077.47,2026-06-11T12:00:00,NA,2026-06-11T15:10:00,2026-06-11T15:15:00,4079.90,4079.91,4072.77,4076.35,5.81136680,1,0,EVENT
078acaccf1be48a5,M5,L2,LONG,4118.08,2026-06-11T02:50:00,NA,2026-06-11T20:30:00,2026-06-11T20:35:00,4101.89,4149.53,4101.51,4149.27,7.98779199,1,1,EVENT
b9a18ffc75fb2863,M5,L3,LONG,4118.08,2026-06-11T04:00:00,NA,2026-06-11T20:30:00,2026-06-11T20:35:00,4101.89,4149.53,4101.51,4149.27,7.98779199,1,1,EVENT
69b66a1f572993b6,M5,L3,LONG,4186.35,2026-06-10T16:00:00,NA,2026-06-11T22:10:00,2026-06-11T22:15:00,4174.13,4189.32,4173.06,4188.32,10.23711922,0,0,EVENT
88e95b101856a977,M5,L1,LONG,4220.10,2026-06-11T00:00:00,NA,2026-06-12T01:40:00,2026-06-12T01:45:00,4215.36,4228.17,4214.82,4225.80,6.32675380,0,0,EVENT
a41455a2e972d20b,M5,L3,LONG,4222.08,2026-06-10T09:00:00,NA,2026-06-12T01:40:00,2026-06-12T01:45:00,4215.36,4228.17,4214.82,4225.80,6.32675380,0,0,EVENT
e21b55b07c5c0eae,M5,L4,LONG,4220.13,2026-06-11T22:35:00,25,2026-06-12T01:40:00,2026-06-12T01:45:00,4215.36,4228.17,4214.82,4225.80,6.32675380,0,0,EVENT
3c7053f145bd1c2b,M5,L3,LONG,4228.17,2026-06-12T12:00:00,NA,2026-06-12T21:15:00,2026-06-12T21:20:00,4226.99,4229.74,4225.25,4229.36,5.67917508,1,1,EVENT
926240905b5aa7cd,M5,L1,LONG,4246.64,2026-06-12T00:00:00,NA,2026-06-15T01:00:00,2026-06-15T01:05:00,4272.67,4303.00,4261.81,4300.97,3.37564835,0,0,OPEN_BEYOND_LEVEL
9cbaf47220e6c448,M5,L3,LONG,4246.64,2026-06-12T01:00:00,NA,2026-06-15T01:00:00,2026-06-15T01:05:00,4272.67,4303.00,4261.81,4300.97,3.37564835,0,0,OPEN_BEYOND_LEVEL
15f29c347feff9d5,M5,L3,LONG,4309.03,2026-06-15T01:00:00,NA,2026-06-15T04:30:00,2026-06-15T04:35:00,4303.61,4315.42,4301.27,4312.48,7.01414354,1,0,EVENT
77e027a606f30216,M5,L2,LONG,4335.43,2026-06-15T02:50:00,NA,2026-06-15T11:30:00,2026-06-15T11:35:00,4328.61,4343.65,4327.89,4343.48,4.75253890,1,0,EVENT
83d00a789084cba1,M5,L3,LONG,4335.43,2026-06-15T05:00:00,NA,2026-06-15T11:30:00,2026-06-15T11:35:00,4328.61,4343.65,4327.89,4343.48,4.75253890,1,0,EVENT
e54899258ffaa7a2,M5,L3,LONG,4345.45,2026-06-15T11:00:00,NA,2026-06-15T14:30:00,2026-06-15T14:35:00,4340.99,4346.83,4340.99,4345.97,3.55862272,1,0,EVENT
b7840af2bb3b635f,M5,L4,LONG,4343.32,2026-06-15T12:05:00,29,2026-06-15T14:30:00,2026-06-15T14:35:00,4340.99,4346.83,4340.99,4345.97,3.55862272,1,0,EVENT
d32fd0fb30eb90dd,M5,L3,LONG,4363.67,2026-06-09T16:00:00,NA,2026-06-15T17:05:00,2026-06-15T17:10:00,4358.92,4369.51,4357.91,4365.99,6.02452065,1,1,EVENT
0a880eb6a8072cd6,M5,L3,SHORT,4324.65,2026-06-15T15:00:00,NA,2026-06-15T20:35:00,2026-06-15T20:40:00,4325.94,4327.73,4321.89,4324.34,4.61361185,1,1,EVENT
d4a0a74716f5e64d,M5,L4,SHORT,4310.07,2026-06-16T01:40:00,20,2026-06-16T03:20:00,2026-06-16T03:25:00,4311.58,4312.10,4307.82,4308.95,3.69399704,1,0,EVENT
71c75d9650a2b25f,M5,L2,LONG,4333.12,2026-06-16T02:50:00,NA,2026-06-16T10:55:00,2026-06-16T11:00:00,4331.79,4335.63,4331.73,4335.17,3.91382438,1,0,EVENT
8328039a8fd7d9c2,M5,L3,LONG,4333.12,2026-06-16T06:00:00,NA,2026-06-16T10:55:00,2026-06-16T11:00:00,4331.79,4335.63,4331.73,4335.17,3.91382438,1,0,EVENT
90b6915db675eda8,M5,L4,SHORT,4336.17,2026-06-16T20:50:00,24,2026-06-16T22:50:00,2026-06-16T22:55:00,4337.70,4339.18,4333.48,4333.92,2.73291791,0,0,EVENT
2aa7c6a3644f287b,M5,L3,LONG,4346.98,2026-06-16T19:00:00,NA,2026-06-17T04:05:00,2026-06-17T04:10:00,4341.89,4349.61,4340.79,4347.68,3.38399556,1,0,EVENT
05b6c1553adeee75,M5,L3,SHORT,4328.55,2026-06-17T03:00:00,NA,2026-06-17T07:25:00,2026-06-17T07:30:00,4329.44,4329.48,4324.14,4324.55,3.20264558,1,0,EVENT
a6a9927a29265784,M5,L3,LONG,4335.68,2026-06-17T12:00:00,NA,2026-06-17T16:20:00,2026-06-17T16:25:00,4332.03,4338.48,4331.23,4336.35,4.01020206,1,0,EVENT
c1ae6b1db0069e2c,M5,L1,LONG,4354.89,2026-06-16T00:00:00,NA,2026-06-17T17:20:00,2026-06-17T17:25:00,4341.67,4362.25,4341.10,4358.32,4.45126992,1,1,EVENT
6247a9591d3ff5bb,M5,L2,LONG,4349.61,2026-06-17T02:50:00,NA,2026-06-17T17:20:00,2026-06-17T17:25:00,4341.67,4362.25,4341.10,4358.32,4.45126992,1,1,EVENT
22dc9240e93841f7,M5,L3,LONG,4354.89,2026-06-16T15:00:00,NA,2026-06-17T17:20:00,2026-06-17T17:25:00,4341.67,4362.25,4341.10,4358.32,4.45126992,1,1,EVENT
3efa6b87ac5b4072,M5,L3,LONG,4369.51,2026-06-15T17:00:00,NA,2026-06-17T20:30:00,2026-06-17T20:35:00,4361.32,4382.43,4360.84,4377.83,4.01149561,1,1,EVENT
74bf84b44d1f5275,M5,L2,SHORT,4317.60,2026-06-17T02:50:00,NA,2026-06-17T21:00:00,2026-06-17T21:05:00,4380.04,4380.04,4316.42,4316.65,5.56822699,1,1,EVENT
937c43608564e510,M5,L3,SHORT,4317.02,2026-06-17T11:00:00,NA,2026-06-17T21:00:00,2026-06-17T21:05:00,4380.04,4380.04,4316.42,4316.65,5.56822699,1,1,EVENT
3b2595f6de3f3187,M5,L1,SHORT,4305.85,2026-06-16T00:00:00,NA,2026-06-17T21:05:00,2026-06-17T21:10:00,4316.60,4319.04,4285.83,4294.88,9.71478220,1,1,EVENT
26eae0edacac017d,M5,L3,SHORT,4300.92,2026-06-15T09:00:00,NA,2026-06-17T21:05:00,2026-06-17T21:10:00,4316.60,4319.04,4285.83,4294.88,9.71478220,1,1,EVENT
731c625e3c602aef,M5,L4,LONG,4271.48,2026-06-17T23:20:00,21,2026-06-18T02:05:00,2026-06-18T02:10:00,4264.89,4274.17,4264.45,4273.90,6.94127267,0,0,EVENT
4337994ddc777668,M5,L2,SHORT,4272.39,2026-06-18T02:50:00,NA,2026-06-18T11:55:00,2026-06-18T12:00:00,4277.41,4277.41,4265.60,4266.70,5.25616303,1,0,EVENT
6b76fcb5bf7cba4e,M5,L3,SHORT,4239.89,2026-06-18T14:00:00,NA,2026-06-18T18:25:00,2026-06-18T18:30:00,4240.41,4242.32,4234.42,4235.72,7.84159616,1,1,EVENT
cca294dee52a4cea,M5,L1,SHORT,4218.95,2026-06-17T00:00:00,NA,2026-06-18T19:45:00,2026-06-18T19:50:00,4221.89,4222.24,4217.46,4217.77,6.88050085,1,1,EVENT
46a203efd4916467,M5,L3,SHORT,4218.95,2026-06-17T22:00:00,NA,2026-06-18T19:45:00,2026-06-18T19:50:00,4221.89,4222.24,4217.46,4217.77,6.88050085,1,1,EVENT
38afa65ba474faa4,M5,L3,SHORT,4214.01,2026-06-18T19:00:00,NA,2026-06-18T22:00:00,2026-06-18T22:05:00,4218.38,4218.99,4211.78,4212.52,4.27628713,0,0,EVENT
ad095a19fc09705b,M5,L1,SHORT,4201.52,2026-06-18T00:00:00,NA,2026-06-19T02:00:00,2026-06-19T02:05:00,4207.36,4208.23,4199.10,4200.51,3.42557952,0,0,EVENT
9859fe1bee255afd,M5,L3,SHORT,4201.52,2026-06-18T22:00:00,NA,2026-06-19T02:00:00,2026-06-19T02:05:00,4207.36,4208.23,4199.10,4200.51,3.42557952,0,0,EVENT
a208b8b7bee45880,M5,L3,SHORT,4177.07,2026-06-12T17:00:00,NA,2026-06-19T05:15:00,2026-06-19T05:20:00,4179.83,4180.17,4175.08,4175.80,4.17049733,1,0,EVENT
0f4a58a03721c012,M5,L3,SHORT,4170.28,2026-06-12T10:00:00,NA,2026-06-19T06:00:00,2026-06-19T06:05:00,4176.29,4177.23,4169.36,4169.59,4.04809018,1,0,EVENT
c7982ae0f6608ef1,M5,L2,SHORT,4125.09,2026-06-19T02:50:00,NA,2026-06-19T08:00:00,2026-06-19T08:05:00,4125.74,4127.19,4122.81,4124.66,5.42132950,1,0,EVENT
cd50f94f292a4fc4,M5,L3,LONG,4178.55,2026-06-19T11:00:00,NA,2026-06-19T15:55:00,2026-06-19T16:00:00,4173.03,4180.09,4169.58,4179.08,5.99446271,1,0,EVENT
5fb906fb5923b90e,M5,L3,SHORT,4141.90,2026-06-19T14:00:00,NA,2026-06-22T01:00:00,2026-06-22T01:05:00,4141.66,4158.31,4139.30,4156.71,3.75745772,0,0,OPEN_BEYOND_LEVEL
ccbb7005df286db2,M5,L3,LONG,4182.88,2026-06-19T16:00:00,NA,2026-06-22T03:45:00,2026-06-22T03:50:00,4175.72,4184.21,4175.56,4183.59,6.13877923,1,0,EVENT
59c409d9980e72c9,M5,L1,LONG,4213.51,2026-06-19T00:00:00,NA,2026-06-22T04:05:00,2026-06-22T04:10:00,4206.22,4216.04,4204.28,4213.85,7.81630476,1,0,EVENT
84ba321d5bad2494,M5,L3,LONG,4207.35,2026-06-22T09:00:00,NA,2026-06-22T12:05:00,2026-06-22T12:10:00,4202.23,4209.46,4201.48,4208.47,3.95935055,1,0,EVENT
4ac82ccba45bf560,M5,L3,SHORT,4188.66,2026-06-22T11:00:00,NA,2026-06-22T16:25:00,2026-06-22T16:30:00,4190.29,4191.47,4185.42,4186.92,4.56840924,1,1,EVENT
bf0e7dfc30152748,M5,L3,SHORT,4170.68,2026-06-22T07:00:00,NA,2026-06-22T18:45:00,2026-06-22T18:50:00,4180.89,4181.06,4170.15,4170.15,5.85045511,1,1,EVENT
a53ee326fcc0d354,M5,L3,SHORT,4169.80,2026-06-22T18:00:00,NA,2026-06-23T04:30:00,2026-06-23T04:35:00,4178.21,4178.66,4168.34,4169.28,5.39944982,1,0,EVENT
372d5a8a7fbb57c2,M5,L1,SHORT,4136.52,2026-06-22T00:00:00,NA,2026-06-23T06:15:00,2026-06-23T06:20:00,4142.04,4144.06,4132.20,4133.27,5.85064399,1,0,EVENT
286034cbb3953650,M5,L3,SHORT,4136.52,2026-06-22T02:00:00,NA,2026-06-23T06:15:00,2026-06-23T06:20:00,4142.04,4144.06,4132.20,4133.27,5.85064399,1,0,EVENT
80865bd976c0a885,M5,L3,SHORT,4121.77,2026-06-19T08:00:00,NA,2026-06-23T07:55:00,2026-06-23T08:00:00,4134.57,4134.65,4115.06,4118.15,4.36694966,1,0,EVENT
762cb7e2376f6923,M5,L2,SHORT,4115.06,2026-06-23T02:50:00,NA,2026-06-23T09:05:00,2026-06-23T09:10:00,4123.00,4123.42,4113.31,4113.55,6.85584494,1,0,EVENT
076cc7838a63f9c4,M5,L3,LONG,4133.33,2026-06-23T13:00:00,NA,2026-06-23T16:50:00,2026-06-23T16:55:00,4131.19,4140.43,4130.82,4137.35,7.28919858,1,1,EVENT
c43cedf3344b8edb,M5,L3,SHORT,4105.44,2026-06-23T16:00:00,NA,2026-06-24T01:30:00,2026-06-24T01:35:00,4105.97,4108.37,4097.11,4098.83,3.78204766,0,0,EVENT
bad427914b810b98,M5,L1,SHORT,4090.90,2026-06-23T00:00:00,NA,2026-06-24T02:35:00,2026-06-24T02:40:00,4094.87,4095.30,4080.88,4083.93,4.10151867,0,0,EVENT
c675ab675d3cf7d4,M5,L3,SHORT,4090.90,2026-06-23T11:00:00,NA,2026-06-24T02:35:00,2026-06-24T02:40:00,4094.87,4095.30,4080.88,4083.93,4.10151867,0,0,EVENT
57b0f3d143db02e8,M5,L2,SHORT,4050.46,2026-06-24T02:50:00,NA,2026-06-24T14:05:00,2026-06-24T14:10:00,4052.03,4053.53,4048.00,4049.19,5.02863651,1,0,EVENT
4775047b8fc8d0d6,M5,L3,SHORT,4050.46,2026-06-24T06:00:00,NA,2026-06-24T14:05:00,2026-06-24T14:10:00,4052.03,4053.53,4048.00,4049.19,5.02863651,1,0,EVENT
015663e224214a7f,M5,L4,SHORT,3983.68,2026-06-25T07:00:00,20,2026-06-25T08:40:00,2026-06-25T08:45:00,3985.05,3986.53,3981.82,3983.23,6.97670099,1,0,EVENT
c17514028ec09b0d,M5,L3,LONG,4002.04,2026-06-25T11:00:00,NA,2026-06-25T15:40:00,2026-06-25T15:45:00,3998.15,4006.84,3991.94,4005.38,7.16641044,1,0,EVENT
d2df8852d557e7dd,M5,L2,LONG,4016.34,2026-06-25T02:50:00,NA,2026-06-25T16:00:00,2026-06-25T16:05:00,4012.37,4034.00,4011.98,4029.12,8.21176928,1,0,EVENT
a77f5f4c14e83fa0,M5,L3,LONG,4018.60,2026-06-25T02:00:00,NA,2026-06-25T16:00:00,2026-06-25T16:05:00,4012.37,4034.00,4011.98,4029.12,8.21176928,1,0,EVENT
c552b596569fa3ac,M5,L4,LONG,4036.78,2026-06-25T19:35:00,20,2026-06-25T21:15:00,2026-06-25T21:20:00,4032.61,4040.47,4032.12,4037.96,5.41576073,1,1,EVENT
448a70376087fa37,M5,L2,LONG,4029.47,2026-06-26T02:50:00,NA,2026-06-26T09:55:00,2026-06-26T10:00:00,4023.71,4033.16,4023.15,4032.12,5.32025735,1,0,EVENT
388d59380f0dd673,M5,L1,LONG,4044.19,2026-06-25T00:00:00,NA,2026-06-26T12:15:00,2026-06-26T12:20:00,4039.50,4046.94,4034.50,4046.42,4.37732088,1,0,EVENT
ea5a900f79d37662,M5,L3,LONG,4044.19,2026-06-25T21:00:00,NA,2026-06-26T12:15:00,2026-06-26T12:20:00,4039.50,4046.94,4034.50,4046.42,4.37732088,1,0,EVENT
7363dd7fb6e47db3,M5,L2,SHORT,4048.30,2026-06-29T02:50:00,NA,2026-06-29T08:30:00,2026-06-29T08:35:00,4049.40,4050.28,4040.43,4045.44,4.78447491,1,0,EVENT
869632774f5e78df,M5,L3,SHORT,4048.30,2026-06-29T03:00:00,NA,2026-06-29T08:30:00,2026-06-29T08:35:00,4049.40,4050.28,4040.43,4045.44,4.78447491,1,0,EVENT
a13737ceeada8c44,M5,L3,SHORT,4035.89,2026-06-26T15:00:00,NA,2026-06-29T12:50:00,2026-06-29T12:55:00,4040.26,4040.26,4032.77,4034.40,4.94672690,1,0,EVENT
43816ac0f68788b0,M5,L4,LONG,4038.79,2026-06-29T13:15:00,20,2026-06-29T14:55:00,2026-06-29T15:00:00,4037.90,4042.30,4037.07,4039.21,4.59849505,1,0,EVENT
7e2305656d8fb8fc,M5,L3,SHORT,4024.48,2026-06-29T12:00:00,NA,2026-06-29T17:05:00,2026-06-29T17:10:00,4027.07,4028.14,4015.14,4015.53,6.32342199,1,1,EVENT
91103ea0b603eb89,M5,L3,SHORT,4005.26,2026-06-29T22:00:00,NA,2026-06-30T03:05:00,2026-06-30T03:10:00,4008.49,4008.49,4003.25,4004.45,3.57798241,1,0,EVENT
5973fdc771645d1d,M5,L1,SHORT,4000.00,2026-06-29T00:00:00,NA,2026-06-30T03:35:00,2026-06-30T03:40:00,4001.83,4002.46,3995.45,3995.79,4.39694768,1,0,EVENT
66ce5ecf4801da91,M5,L3,SHORT,4000.00,2026-06-29T17:00:00,NA,2026-06-30T03:35:00,2026-06-30T03:40:00,4001.83,4002.46,3995.45,3995.79,4.39694768,1,0,EVENT
ee7153c20be8b6bb,M5,L3,SHORT,3983.05,2026-06-26T05:00:00,NA,2026-06-30T04:00:00,2026-06-30T04:05:00,3987.14,3987.21,3976.02,3980.02,5.09914296,1,0,EVENT
784681e1c0a2d2e1,M5,L3,SHORT,3964.52,2026-06-24T16:00:00,NA,2026-06-30T04:05:00,2026-06-30T04:10:00,3979.99,3980.07,3943.38,3963.56,5.53420418,1,0,EVENT
21f6b9b6c8d769a0,M5,L3,SHORT,3959.19,2026-06-24T21:00:00,NA,2026-06-30T04:10:00,2026-06-30T04:15:00,3963.52,3969.28,3954.62,3957.96,7.75961817,1,0,EVENT
799a5ff17c44353b,M5,L2,LONG,4018.03,2026-06-30T02:50:00,NA,2026-06-30T09:30:00,2026-06-30T09:35:00,4011.99,4031.26,4011.01,4030.29,6.94894876,1,0,EVENT
9770ab735d13a016,M5,L3,LONG,4024.60,2026-06-30T01:00:00,NA,2026-06-30T09:30:00,2026-06-30T09:35:00,4011.99,4031.26,4011.01,4030.29,6.94894876,1,0,EVENT
6a2aff61b89e0181,M5,L3,LONG,4032.07,2026-06-29T20:00:00,NA,2026-06-30T09:45:00,2026-06-30T09:50:00,4024.83,4033.35,4023.77,4032.22,8.10635220,1,0,EVENT
84d77225a869b781,M5,L3,SHORT,4012.31,2026-06-30T12:00:00,NA,2026-06-30T15:55:00,2026-06-30T16:00:00,4014.37,4014.69,4008.72,4009.92,4.33047324,1,0,EVENT
d4da82292a50e212,M5,L3,LONG,4037.61,2026-06-30T11:00:00,NA,2026-06-30T17:05:00,2026-06-30T17:10:00,4026.32,4045.07,4025.47,4043.26,6.66046614,1,1,EVENT
1722ca925344c622,M5,L3,LONG,4052.50,2026-06-29T15:00:00,NA,2026-06-30T17:20:00,2026-06-30T17:25:00,4049.35,4063.39,4047.83,4062.65,7.76830325,1,1,EVENT
022386976b3a66bd,M5,L4,SHORT,4024.57,2026-06-30T18:25:00,20,2026-06-30T20:05:00,2026-06-30T20:10:00,4026.74,4026.77,4021.19,4022.40,4.37215384,1,1,EVENT
dbcf21e6c3c6fe76,M5,L3,SHORT,4008.72,2026-06-30T15:00:00,NA,2026-06-30T23:55:00,2026-07-01T00:00:00,4010.52,4010.57,4006.15,4007.59,2.47151746,0,0,EVENT
b14439e17da20a8b,M5,L2,SHORT,3970.16,2026-07-01T02:50:00,NA,2026-07-01T09:05:00,2026-07-01T09:10:00,3974.77,3975.86,3964.57,3966.86,3.95187916,1,0,EVENT
2560edb6aa6f29aa,M5,L3,SHORT,3970.16,2026-07-01T05:00:00,NA,2026-07-01T09:05:00,2026-07-01T09:10:00,3974.77,3975.86,3964.57,3966.86,3.95187916,1,0,EVENT
b4b7c544b161c1d6,M5,L2,LONG,4009.75,2026-07-01T02:50:00,NA,2026-07-01T14:05:00,2026-07-01T14:10:00,4006.80,4010.80,4006.68,4010.52,4.45406632,1,0,EVENT
62fa3aee8155fe31,M5,L1,LONG,4063.39,2026-06-30T00:00:00,NA,2026-07-01T16:35:00,2026-07-01T16:40:00,4048.10,4071.91,4046.62,4070.72,7.86336460,1,1,EVENT
127451c8ca5485a4,M5,L3,LONG,4068.56,2026-06-29T10:00:00,NA,2026-07-01T16:35:00,2026-07-01T16:40:00,4048.10,4071.91,4046.62,4070.72,7.86336460,1,1,EVENT
60c41a01dbcf3e88,M5,L3,LONG,4097.57,2026-06-24T09:00:00,NA,2026-07-01T16:40:00,2026-07-01T16:45:00,4070.89,4100.16,4069.60,4098.16,9.10812427,1,1,EVENT
38f19e5fedb89aa5,M5,L2,LONG,4074.12,2026-07-02T02:50:00,NA,2026-07-02T09:15:00,2026-07-02T09:20:00,4068.38,4074.91,4067.20,4074.59,4.90996576,1,0,EVENT
5427571fa02097b9,M5,L3,LONG,4074.12,2026-07-02T06:00:00,NA,2026-07-02T09:15:00,2026-07-02T09:20:00,4068.38,4074.91,4067.20,4074.59,4.90996576,1,0,EVENT
709b64038a9948da,M5,L1,LONG,4115.75,2026-07-01T00:00:00,NA,2026-07-02T15:30:00,2026-07-02T15:35:00,4099.56,4127.56,4098.96,4127.34,4.86263352,1,0,EVENT
9f39bdb7073da962,M5,L3,LONG,4115.75,2026-07-01T17:00:00,NA,2026-07-02T15:30:00,2026-07-02T15:35:00,4099.56,4127.56,4098.96,4127.34,4.86263352,1,0,EVENT
e0f518a95bdbfaef,M5,L1,LONG,4144.07,2026-07-02T00:00:00,NA,2026-07-03T03:50:00,2026-07-03T03:55:00,4141.05,4148.59,4139.96,4147.48,5.18163991,1,0,EVENT
9e7e657b1f8c2b5c,M5,L3,LONG,4144.07,2026-07-02T16:00:00,NA,2026-07-03T03:50:00,2026-07-03T03:55:00,4141.05,4148.59,4139.96,4147.48,5.18163991,1,0,EVENT
eb8ee9f1e05965b9,M5,L4,SHORT,4176.32,2026-07-03T04:55:00,24,2026-07-03T06:55:00,2026-07-03T07:00:00,4176.68,4176.91,4175.27,4176.01,4.47549559,1,0,EVENT
c30b8dc328a7e934,M5,L3,SHORT,4168.45,2026-07-03T12:00:00,NA,2026-07-03T16:05:00,2026-07-03T16:10:00,4173.84,4174.37,4166.42,4166.81,3.51810620,1,0,EVENT
419c883bfc908b8e,M5,L3,SHORT,4160.47,2026-07-03T09:00:00,NA,2026-07-03T17:05:00,2026-07-03T17:10:00,4166.59,4166.89,4155.43,4158.92,3.88331204,1,1,EVENT
c0b41402ed2e890b,M5,L3,LONG,4186.59,2026-07-03T11:00:00,NA,2026-07-06T01:00:00,2026-07-06T01:05:00,4188.21,4188.29,4172.92,4180.40,2.88799698,0,0,OPEN_BEYOND_LEVEL
58d3062f0c1e835f,M5,L1,LONG,4195.45,2026-07-03T00:00:00,NA,2026-07-06T02:25:00,2026-07-06T02:30:00,4189.58,4201.75,4189.29,4200.27,4.07757063,0,0,EVENT
55f45513ef9c7c93,M5,L3,LONG,4195.45,2026-07-03T04:00:00,NA,2026-07-06T02:25:00,2026-07-06T02:30:00,4189.58,4201.75,4189.29,4200.27,4.07757063,0,0,EVENT
a9c0cc6ee13f412e,M5,L2,SHORT,4157.50,2026-07-06T02:50:00,NA,2026-07-06T08:00:00,2026-07-06T08:05:00,4159.71,4160.98,4154.09,4154.14,3.81236808,1,0,EVENT
9825e6668b5863dc,M5,L3,SHORT,4155.43,2026-07-03T17:00:00,NA,2026-07-06T08:00:00,2026-07-06T08:05:00,4159.71,4160.98,4154.09,4154.14,3.81236808,1,0,EVENT
6ba74698ece40573,M5,L3,SHORT,4144.80,2026-07-06T08:00:00,NA,2026-07-06T12:25:00,2026-07-06T12:30:00,4147.06,4147.39,4141.57,4143.65,3.51687212,1,0,EVENT
242654806a26f914,M5,L3,SHORT,4136.64,2026-07-06T12:00:00,NA,2026-07-06T15:40:00,2026-07-06T15:45:00,4139.68,4140.13,4131.50,4133.37,3.90385482,1,0,EVENT
0f39ae41d9b091b6,M5,L3,LONG,4159.56,2026-07-06T14:00:00,NA,2026-07-06T20:45:00,2026-07-06T20:50:00,4156.74,4159.97,4156.24,4159.57,3.95918422,1,1,EVENT
9519bc7c76eecf8a,M5,L3,LONG,4166.25,2026-07-06T10:00:00,NA,2026-07-07T01:00:00,2026-07-07T01:05:00,4166.31,4168.43,4162.83,4164.69,1.93620353,0,0,OPEN_BEYOND_LEVEL
7ae3b3400d8388dc,M5,L3,LONG,4167.45,2026-07-06T21:00:00,NA,2026-07-07T01:30:00,2026-07-07T01:35:00,4166.07,4168.37,4166.07,4168.37,2.02840602,0,0,EVENT
384f79e2ca340e8d,M5,L1,SHORT,4128.52,2026-07-06T00:00:00,NA,2026-07-07T06:45:00,2026-07-07T06:50:00,4129.60,4129.60,4124.36,4126.24,4.47857270,1,0,EVENT
3eaf4c945c536f81,M5,L3,SHORT,4128.52,2026-07-06T17:00:00,NA,2026-07-07T06:45:00,2026-07-07T06:50:00,4129.60,4129.60,4124.36,4126.24,4.47857270,1,0,EVENT
fa777d328cd4aba4,M5,L2,SHORT,4124.36,2026-07-07T02:50:00,NA,2026-07-07T08:10:00,2026-07-07T08:15:00,4126.13,4127.37,4122.04,4122.34,4.06954902,1,0,EVENT
232ff8221650aab7,M5,L4,LONG,4133.50,2026-07-07T09:20:00,22,2026-07-07T11:10:00,2026-07-07T11:15:00,4130.23,4139.38,4129.97,4137.03,3.99179233,1,0,EVENT
a8f79111cfd52e81,M5,L3,LONG,4139.38,2026-07-07T11:00:00,NA,2026-07-07T14:15:00,2026-07-07T14:20:00,4133.23,4142.65,4133.05,4141.00,3.24782655,1,0,EVENT
028769cef459d667,M5,L2,LONG,4163.44,2026-07-07T02:50:00,NA,2026-07-07T15:05:00,2026-07-07T15:10:00,4159.17,4171.20,4158.15,4169.56,4.30962909,1,0,EVENT
1678ac4644c45475,M5,L3,LONG,4168.48,2026-07-07T01:00:00,NA,2026-07-07T15:05:00,2026-07-07T15:10:00,4159.17,4171.20,4158.15,4169.56,4.30962909,1,0,EVENT
df799802dbdc4ffe,M5,L3,SHORT,4135.91,2026-07-07T18:00:00,NA,2026-07-07T21:45:00,2026-07-07T21:50:00,4141.95,4142.59,4131.97,4134.74,3.04057151,0,0,EVENT
a89de8ce7e13d164,M5,L3,SHORT,4116.61,2026-07-07T08:00:00,NA,2026-07-07T22:05:00,2026-07-07T22:10:00,4121.73,4121.88,4108.11,4111.06,4.55774216,0,0,EVENT
48b7e3bda264423b,M5,L3,SHORT,4100.39,2026-07-02T19:00:00,NA,2026-07-07T22:15:00,2026-07-07T22:20:00,4105.77,4105.80,4092.28,4098.90,5.45749196,0,0,EVENT
8b4fd685976b475c,M5,L3,LONG,4126.69,2026-07-08T03:00:00,NA,2026-07-08T06:05:00,2026-07-08T06:10:00,4125.70,4129.85,4122.34,4127.15,6.17122354,1,0,EVENT
c21ef072851fa7fa,M5,L2,LONG,4131.12,2026-07-08T02:50:00,NA,2026-07-08T09:10:00,2026-07-08T09:15:00,4125.67,4131.70,4124.61,4131.48,4.28607332,1,0,EVENT
5c1d758131b37c27,M5,L1,SHORT,4092.28,2026-07-07T00:00:00,NA,2026-07-08T11:15:00,2026-07-08T11:20:00,4117.75,4120.97,4080.81,4088.45,4.27116944,1,0,EVENT
6903635a01f58b55,M5,L2,SHORT,4096.15,2026-07-08T02:50:00,NA,2026-07-08T11:15:00,2026-07-08T11:20:00,4117.75,4120.97,4080.81,4088.45,4.27116944,1,0,EVENT
81efb52e86aad355,M5,L3,SHORT,4092.28,2026-07-07T22:00:00,NA,2026-07-08T11:15:00,2026-07-08T11:20:00,4117.75,4120.97,4080.81,4088.45,4.27116944,1,0,EVENT
85e5d9692865caa4,M5,L3,SHORT,4057.42,2026-07-02T14:00:00,NA,2026-07-08T11:55:00,2026-07-08T12:00:00,4063.60,4065.10,4052.26,4056.69,8.78867332,1,0,EVENT
255bd84b2ea261e6,M5,L3,SHORT,4053.24,2026-07-02T08:00:00,NA,2026-07-08T12:05:00,2026-07-08T12:10:00,4055.53,4056.35,4050.25,4051.83,8.85747852,1,0,EVENT
8fa98454ba3a029d,M5,L3,SHORT,4040.52,2026-07-08T13:00:00,NA,2026-07-08T17:40:00,2026-07-08T17:45:00,4043.14,4049.12,4035.22,4036.33,8.38534852,1,1,EVENT
354228f767833641,M5,L3,SHORT,4028.50,2026-07-01T23:00:00,NA,2026-07-08T18:20:00,2026-07-08T18:25:00,4031.80,4035.96,4026.42,4026.42,8.19857352,1,1,EVENT
0aa30bdd99aa5b8e,M5,L3,LONG,4086.45,2026-07-08T15:00:00,NA,2026-07-08T21:45:00,2026-07-08T21:50:00,4079.41,4091.49,4078.77,4090.79,5.41487491,0,0,EVENT
1dc4dfbbcbb097de,M5,L4,SHORT,4073.48,2026-07-09T01:05:00,20,2026-07-09T02:45:00,2026-07-09T02:50:00,4075.26,4076.36,4071.93,4072.68,2.89468656,1,0,EVENT
80ecd1850b57c9f6,M5,L2,LONG,4089.73,2026-07-09T02:50:00,NA,2026-07-09T09:00:00,2026-07-09T09:05:00,4082.04,4099.69,4081.51,4092.86,4.85277050,1,0,EVENT
1b29d7bc03fc9f80,M5,L3,LONG,4091.49,2026-07-08T21:00:00,NA,2026-07-09T09:00:00,2026-07-09T09:05:00,4082.04,4099.69,4081.51,4092.86,4.85277050,1,0,EVENT
2b7506f84302b252,M5,L3,LONG,4117.74,2026-07-09T11:00:00,NA,2026-07-09T15:35:00,2026-07-09T15:40:00,4115.87,4121.68,4114.82,4120.83,4.82848992,1,0,EVENT
e60f4226fc03c6df,M5,L1,LONG,4133.94,2026-07-08T00:00:00,NA,2026-07-09T19:30:00,2026-07-09T19:35:00,4132.74,4138.01,4132.13,4134.52,4.22851350,1,1,EVENT
bc45c852ae03368b,M5,L3,LONG,4133.94,2026-07-08T08:00:00,NA,2026-07-09T19:30:00,2026-07-09T19:35:00,4132.74,4138.01,4132.13,4134.52,4.22851350,1,1,EVENT
ab4a1219d7f7bc6d,M5,L3,SHORT,4118.87,2026-07-09T22:00:00,NA,2026-07-10T03:30:00,2026-07-10T03:35:00,4119.52,4119.56,4114.38,4115.76,2.37174907,1,0,EVENT
0b09526b9b1bf62d,M5,L2,SHORT,4108.77,2026-07-10T02:50:00,NA,2026-07-10T10:40:00,2026-07-10T10:45:00,4111.69,4111.70,4105.39,4106.77,3.44705775,1,0,EVENT
906e1844cd7d4490,M5,L3,SHORT,4108.77,2026-07-10T04:00:00,NA,2026-07-10T10:40:00,2026-07-10T10:45:00,4111.69,4111.70,4105.39,4106.77,3.44705775,1,0,EVENT
117a4ac50ca7f2f4,M5,L3,SHORT,4093.78,2026-07-09T13:00:00,NA,2026-07-10T16:25:00,2026-07-10T16:30:00,4096.96,4098.03,4085.64,4087.35,5.01738136,1,1,EVENT
b5c06d61c2a18bfd,M5,L4,SHORT,4100.03,2026-07-10T19:55:00,20,2026-07-10T21:35:00,2026-07-10T21:40:00,4103.32,4103.44,4099.48,4099.78,2.87010530,0,0,EVENT
f70d44344514df02,M5,L3,LONG,4117.63,2026-07-10T15:00:00,NA,2026-07-10T23:50:00,2026-07-10T23:55:00,4113.33,4119.56,4112.69,4118.78,2.31163626,0,0,EVENT
4452b4d50f6aa997,M5,L1,SHORT,4072.52,2026-07-10T00:00:00,NA,2026-07-13T02:00:00,2026-07-13T02:05:00,4076.64,4076.66,4068.48,4070.38,5.45773531,0,0,EVENT
8fae6c95dbf24454,M5,L3,SHORT,4072.52,2026-07-10T17:00:00,NA,2026-07-13T02:00:00,2026-07-13T02:05:00,4076.64,4076.66,4068.48,4070.38,5.45773531,0,0,EVENT
932a709ca13ecc43,M5,L3,SHORT,4061.18,2026-07-13T03:00:00,NA,2026-07-13T06:10:00,2026-07-13T06:15:00,4061.42,4061.91,4053.02,4058.08,5.62229514,1,0,EVENT
187b395d0c2c93af,M5,L3,SHORT,4054.27,2026-07-09T06:00:00,NA,2026-07-13T07:40:00,2026-07-13T07:45:00,4056.62,4056.84,4053.16,4054.06,4.12958920,1,0,EVENT
15a41ab6290415d1,M5,L3,LONG,4073.05,2026-07-13T08:00:00,NA,2026-07-13T11:10:00,2026-07-13T11:15:00,4071.34,4074.94,4069.76,4073.96,4.83283176,1,0,EVENT
e17fb835f135ce40,M5,L2,SHORT,4050.30,2026-07-13T02:50:00,NA,2026-07-13T16:55:00,2026-07-13T17:00:00,4051.65,4052.93,4041.96,4043.07,5.56788428,1,1,EVENT
9eae90b6573209b0,M5,L3,SHORT,4043.79,2026-07-13T09:00:00,NA,2026-07-13T16:55:00,2026-07-13T17:00:00,4051.65,4052.93,4041.96,4043.07,5.56788428,1,1,EVENT
aa83a24e9b7030d1,M5,L3,SHORT,4021.79,2026-07-08T18:00:00,NA,2026-07-13T17:15:00,2026-07-13T17:20:00,4035.84,4037.23,4007.33,4021.64,6.45802408,1,1,EVENT
e5bc6ff479cfad3c,M5,L3,LONG,4014.39,2026-07-14T01:00:00,NA,2026-07-14T05:10:00,2026-07-14T05:15:00,4011.81,4017.73,4011.25,4016.67,6.21156622,1,0,EVENT
2fdf0dcf066feb3a,M5,L2,LONG,4023.37,2026-07-14T02:50:00,NA,2026-07-14T08:30:00,2026-07-14T08:35:00,4022.79,4030.08,4022.51,4028.66,3.25145813,1,0,EVENT
434d23a97b7786ff,M5,L4,LONG,4024.00,2026-07-14T12:40:00,20,2026-07-14T14:20:00,2026-07-14T14:25:00,4022.95,4028.15,4022.64,4027.88,3.79985762,1,0,EVENT
4cf0143336000f81,M5,L3,LONG,4080.74,2026-07-13T11:00:00,NA,2026-07-14T15:30:00,2026-07-14T15:35:00,4084.81,4101.49,4084.81,4095.89,4.08770768,1,0,OPEN_BEYOND_LEVEL
6b611a457903fbcc,M5,L4,SHORT,4048.20,2026-07-14T23:30:00,20,2026-07-15T02:10:00,2026-07-15T02:15:00,4049.43,4049.43,4046.93,4047.52,2.23346630,0,0,EVENT
f3c3f982316c8df3,M5,L3,SHORT,4042.76,2026-07-14T21:00:00,NA,2026-07-15T04:40:00,2026-07-15T04:45:00,4046.34,4046.39,4036.53,4038.73,3.92494622,1,0,EVENT
f5e8be630e31d7ea,M5,L2,SHORT,4028.03,2026-07-15T02:50:00,NA,2026-07-15T08:10:00,2026-07-15T08:15:00,4031.06,4031.50,4025.14,4026.07,3.28858388,1,0,EVENT
a7d44a8e2a8cec36,M5,L4,SHORT,4028.03,2026-07-15T06:15:00,23,2026-07-15T08:10:00,2026-07-15T08:15:00,4031.06,4031.50,4025.14,4026.07,3.28858388,1,0,EVENT
6ffe289ddec19a9f,M5,L2,LONG,4062.05,2026-07-15T02:50:00,NA,2026-07-15T15:35:00,2026-07-15T15:40:00,4054.39,4066.13,4053.78,4063.61,4.17783955,1,0,EVENT
d85e59203dd773b9,M5,L3,LONG,4062.05,2026-07-15T04:00:00,NA,2026-07-15T15:35:00,2026-07-15T15:40:00,4054.39,4066.13,4053.78,4063.61,4.17783955,1,0,EVENT
464326f703dd23e1,M5,L4,SHORT,4053.32,2026-07-15T16:15:00,23,2026-07-15T18:10:00,2026-07-15T18:15:00,4054.65,4054.86,4043.26,4044.14,5.42184758,1,1,EVENT
af9352fa5f03bc3b,M5,L3,LONG,4074.09,2026-07-15T16:00:00,NA,2026-07-15T21:25:00,2026-07-15T21:30:00,4070.81,4075.43,4069.48,4074.23,4.83058940,0,0,EVENT
fb7aaf59f6ad0251,M5,L4,SHORT,4054.03,2026-07-16T02:10:00,20,2026-07-16T03:50:00,2026-07-16T03:55:00,4059.30,4061.00,4053.32,4053.41,3.04360907,1,0,EVENT
ac6a7cd9cae785a2,M5,L3,SHORT,4026.93,2026-07-15T19:00:00,NA,2026-07-16T08:50:00,2026-07-16T08:55:00,4027.62,4030.71,4025.54,4026.90,3.47581861,1,0,EVENT
b96ac3a4c08182f5,M5,L2,SHORT,4024.02,2026-07-16T02:50:00,NA,2026-07-16T15:20:00,2026-07-16T15:25:00,4028.81,4029.14,4020.41,4021.04,6.34240669,1,0,EVENT
d4a2bb5c86c3591f,M5,L3,SHORT,4022.96,2026-07-16T09:00:00,NA,2026-07-16T15:20:00,2026-07-16T15:25:00,4028.81,4029.14,4020.41,4021.04,6.34240669,1,0,EVENT
7ba8131120b80ebd,M5,L1,SHORT,4017.36,2026-07-15T00:00:00,NA,2026-07-16T15:35:00,2026-07-16T15:40:00,4022.65,4022.83,4014.86,4015.07,6.92606323,1,0,EVENT
618b2367b1abef75,M5,L3,SHORT,4017.36,2026-07-15T11:00:00,NA,2026-07-16T15:35:00,2026-07-16T15:40:00,4022.65,4022.83,4014.86,4015.07,6.92606323,1,0,EVENT
ad6424ce6819fd64,M5,L3,SHORT,4013.76,2026-07-14T12:00:00,NA,2026-07-16T15:40:00,2026-07-16T15:45:00,4015.06,4015.29,4000.44,4002.75,7.00063014,1,0,EVENT
8a2bad969df3b935,M5,L3,SHORT,3983.55,2026-07-14T03:00:00,NA,2026-07-16T16:00:00,2026-07-16T16:05:00,3992.32,3996.86,3975.33,3978.19,7.65190045,1,0,EVENT
d0f88b1d14b9b569,M5,L3,SHORT,3973.62,2026-07-16T16:00:00,NA,2026-07-16T23:15:00,2026-07-16T23:20:00,3974.88,3975.20,3972.38,3972.66,4.18305647,0,0,EVENT
1456c2bb0e1ac9d4,M5,L2,SHORT,3970.70,2026-07-17T02:50:00,NA,2026-07-17T15:40:00,2026-07-17T15:45:00,3977.84,3978.41,3965.47,3969.61,4.33138569,1,0,EVENT
0041c7992b25c37e,M5,L3,SHORT,3970.70,2026-07-17T05:00:00,NA,2026-07-17T15:40:00,2026-07-17T15:45:00,3977.84,3978.41,3965.47,3969.61,4.33138569,1,0,EVENT
659df27e8559ad4c,M5,L1,SHORT,3969.29,2026-07-16T00:00:00,NA,2026-07-17T15:45:00,2026-07-17T15:50:00,3969.58,3973.17,3965.41,3967.15,4.94628671,1,0,EVENT
7212307944d1d587,M5,L3,SHORT,3969.29,2026-07-16T22:00:00,NA,2026-07-17T15:45:00,2026-07-17T15:50:00,3969.58,3973.17,3965.41,3967.15,4.94628671,1,0,EVENT
cd94a8dfbcbeab77,M5,L2,LONG,4008.70,2026-07-17T02:50:00,NA,2026-07-17T18:00:00,2026-07-17T18:05:00,4001.19,4013.72,3997.71,4012.44,7.50187069,1,1,EVENT
90d2798d80ed65cb,M5,L3,LONG,4008.70,2026-07-17T06:00:00,NA,2026-07-17T18:00:00,2026-07-17T18:05:00,4001.19,4013.72,3997.71,4012.44,7.50187069,1,1,EVENT
4746e6a9c649f2c2,M5,L3,LONG,4016.89,2026-07-16T18:00:00,NA,2026-07-17T18:50:00,2026-07-17T18:55:00,4016.47,4021.09,4016.46,4020.26,7.30637694,1,1,EVENT
bfe772845b8840ff,M5,L1,LONG,4023.76,2026-07-17T00:00:00,NA,2026-07-20T05:45:00,2026-07-20T05:50:00,4014.86,4028.71,4013.97,4025.06,5.30204877,1,0,EVENT
92ac83b78892695d,M5,L3,LONG,4023.76,2026-07-17T19:00:00,NA,2026-07-20T05:45:00,2026-07-20T05:50:00,4014.86,4028.71,4013.97,4025.06,5.30204877,1,0,EVENT
db7d5c0f09d52ce8,M5,L2,LONG,4028.71,2026-07-20T02:50:00,NA,2026-07-20T11:20:00,2026-07-20T11:25:00,4025.23,4030.68,4023.16,4029.32,4.27616374,1,0,EVENT
aa7ba241fbddffdb,M5,L3,LONG,4028.71,2026-07-20T05:00:00,NA,2026-07-20T11:20:00,2026-07-20T11:25:00,4025.23,4030.68,4023.16,4029.32,4.27616374,1,0,EVENT
80274ed5c7caa54d,M5,L3,LONG,4030.68,2026-07-20T11:00:00,NA,2026-07-20T14:30:00,2026-07-20T14:35:00,4022.22,4040.88,4021.52,4036.86,3.00962344,1,0,EVENT
ce10e3e6af11b880,M5,L4,SHORT,4006.46,2026-07-20T15:05:00,22,2026-07-20T16:55:00,2026-07-20T17:00:00,4010.07,4012.03,4005.73,4005.78,4.94205793,1,1,EVENT
3646a779bd19b73a,M5,L3,SHORT,4002.15,2026-07-20T10:00:00,NA,2026-07-20T17:05:00,2026-07-20T17:10:00,4003.92,4005.74,4000.69,4000.89,5.15269281,1,1,EVENT
8abdab0c48d3bcd2,M5,L4,SHORT,4005.00,2026-07-20T22:40:00,24,2026-07-21T01:40:00,2026-07-21T01:45:00,4007.90,4008.08,4002.84,4004.20,2.51133868,0,0,EVENT
792d3b9820b8740d,M5,L3,LONG,4017.99,2026-07-20T22:00:00,NA,2026-07-21T03:35:00,2026-07-21T03:40:00,4017.31,4022.11,4016.61,4019.08,4.18740059,1,0,EVENT
209347accb754be5,M5,L3,LONG,4019.54,2026-07-20T18:00:00,NA,2026-07-21T03:40:00,2026-07-21T03:45:00,4019.05,4023.90,4018.36,4022.48,4.28115769,1,0,EVENT
9ab7ffc77b3afa8a,M5,L1,LONG,4040.88,2026-07-20T00:00:00,NA,2026-07-21T06:20:00,2026-07-21T06:25:00,4037.42,4041.98,4037.11,4041.81,4.65565709,1,0,EVENT
fc927dcdbd1ce3e0,M5,L3,LONG,4040.88,2026-07-20T14:00:00,NA,2026-07-21T06:20:00,2026-07-21T06:25:00,4037.42,4041.98,4037.11,4041.81,4.65565709,1,0,EVENT
9125ae0234d1afea,M5,L3,LONG,4043.34,2026-07-16T15:00:00,NA,2026-07-21T06:25:00,2026-07-21T06:30:00,4041.82,4051.52,4041.41,4047.47,4.67096730,1,0,EVENT
eb33decb8f14c82b,M5,L2,LONG,4051.67,2026-07-21T02:50:00,NA,2026-07-21T08:25:00,2026-07-21T08:30:00,4051.08,4056.47,4051.03,4054.46,3.28883048,1,0,EVENT
6d3954bf61a7479e,M5,L3,LONG,4069.04,2026-07-16T01:00:00,NA,2026-07-21T09:10:00,2026-07-21T09:15:00,4067.76,4072.47,4066.80,4071.36,3.87679543,1,0,EVENT
d39336902f73d69a,M5,L3,LONG,4081.43,2026-07-15T21:00:00,NA,2026-07-21T09:45:00,2026-07-21T09:50:00,4077.19,4084.10,4077.19,4083.00,4.09680518,1,0,EVENT
f5ca75162657c097,M5,L3,SHORT,4059.23,2026-07-21T11:00:00,NA,2026-07-21T14:00:00,2026-07-21T14:05:00,4063.05,4063.72,4056.38,4056.87,3.32201185,1,0,EVENT
e02a725638378f3c,M5,L3,LONG,4083.34,2026-07-21T18:00:00,NA,2026-07-21T21:25:00,2026-07-21T21:30:00,4081.33,4087.34,4081.17,4083.83,3.07663033,0,0,EVENT
112c4040d25413cb,M5,L3,LONG,4084.10,2026-07-21T09:00:00,NA,2026-07-21T21:30:00,2026-07-21T21:35:00,4083.84,4085.61,4081.29,4084.52,3.29758531,0,0,EVENT
851535ff48b709e2,M5,L1,LONG,4087.34,2026-07-21T00:00:00,NA,2026-07-22T03:05:00,2026-07-22T03:10:00,4082.73,4090.19,4081.41,4088.11,2.37877110,1,0,EVENT
e27d19b2f59f3a03,M5,L3,LONG,4087.34,2026-07-21T21:00:00,NA,2026-07-22T03:05:00,2026-07-22T03:10:00,4082.73,4090.19,4081.41,4088.11,2.37877110,1,0,EVENT
ac35c4ca68c37c0e,M5,L2,LONG,4141.67,2026-07-22T02:50:00,NA,2026-07-22T16:30:00,2026-07-22T16:35:00,4131.88,4146.93,4131.88,4142.28,4.80639829,1,1,EVENT
e4faca059ef02ca6,M5,L3,LONG,4141.67,2026-07-22T06:00:00,NA,2026-07-22T16:30:00,2026-07-22T16:35:00,4131.88,4146.93,4131.88,4142.28,4.80639829,1,1,EVENT
370a7345c3b1b04f,M5,L3,SHORT,4114.61,2026-07-23T01:00:00,NA,2026-07-23T05:00:00,2026-07-23T05:05:00,4117.87,4118.87,4113.00,4113.78,5.38899485,1,0,EVENT
19476dc4d42cc12a,M5,L2,SHORT,4112.10,2026-07-23T02:50:00,NA,2026-07-23T10:05:00,2026-07-23T10:10:00,4115.21,4116.30,4109.62,4110.44,3.54376294,1,0,EVENT
5d5654817a57f869,M5,L3,SHORT,4112.10,2026-07-23T05:00:00,NA,2026-07-23T10:05:00,2026-07-23T10:10:00,4115.21,4116.30,4109.62,4110.44,3.54376294,1,0,EVENT
01096e47091051e1,M5,L3,SHORT,4107.17,2026-07-22T15:00:00,NA,2026-07-23T10:10:00,2026-07-23T10:15:00,4110.48,4110.50,4102.04,4106.67,3.76777987,1,0,EVENT
0fb2ec356ba5e0d6,M5,L4,SHORT,4086.06,2026-07-23T12:25:00,22,2026-07-23T14:15:00,2026-07-23T14:20:00,4087.70,4089.24,4084.31,4085.65,3.68796005,1,0,EVENT
0a7b245bed4d2d36,M5,L1,SHORT,4076.78,2026-07-22T00:00:00,NA,2026-07-23T15:20:00,2026-07-23T15:25:00,4077.75,4078.32,4070.38,4071.70,4.67081031,1,0,EVENT
d62b36d129c071ec,M5,L3,SHORT,4076.78,2026-07-22T03:00:00,NA,2026-07-23T15:20:00,2026-07-23T15:25:00,4077.75,4078.32,4070.38,4071.70,4.67081031,1,0,EVENT
c02e838a2784f7df,M5,L3,SHORT,4044.53,2026-07-21T16:00:00,NA,2026-07-23T16:10:00,2026-07-23T16:15:00,4047.01,4047.31,4040.48,4040.93,6.44881902,1,0,EVENT
3abee60bd44fce35,M5,L4,SHORT,4045.71,2026-07-23T18:35:00,24,2026-07-23T20:35:00,2026-07-23T20:40:00,4047.44,4047.45,4044.23,4044.75,3.88223362,1,1,EVENT
dc275a955ecda5ae,M5,L4,SHORT,4046.65,2026-07-23T22:55:00,38,2026-07-24T03:05:00,2026-07-24T03:10:00,4047.16,4047.49,4044.88,4045.60,1.89989090,1,0,EVENT
c583fbc7de89ff15,M5,L1,SHORT,4040.11,2026-07-23T00:00:00,NA,2026-07-24T05:45:00,2026-07-24T05:50:00,4041.62,4041.81,4026.42,4026.43,3.27476956,1,0,EVENT
fea9d22e2502440d,M5,L3,SHORT,4040.11,2026-07-23T17:00:00,NA,2026-07-24T05:45:00,2026-07-24T05:50:00,4041.62,4041.81,4026.42,4026.43,3.27476956,1,0,EVENT
d09fa1a6755bc2cf,M5,L2,SHORT,4023.09,2026-07-24T02:50:00,NA,2026-07-24T08:55:00,2026-07-24T09:00:00,4023.63,4023.96,4022.02,4023.05,3.82732745,1,0,EVENT
ce2afd59bae1d7ac,M5,L3,SHORT,4023.09,2026-07-24T05:00:00,NA,2026-07-24T08:55:00,2026-07-24T09:00:00,4023.63,4023.96,4022.02,4023.05,3.82732745,1,0,EVENT
1f57d0937bc4c941,M5,L2,LONG,4050.94,2026-07-24T02:50:00,NA,2026-07-24T10:30:00,2026-07-24T10:35:00,4048.73,4053.63,4047.91,4053.63,3.78570405,1,0,EVENT
5e99feb8209bc25a,M5,L3,LONG,4051.22,2026-07-23T23:00:00,NA,2026-07-24T10:30:00,2026-07-24T10:35:00,4048.73,4053.63,4047.91,4053.63,3.78570405,1,0,EVENT
90370c397f9b1c91,M5,L3,LONG,4063.86,2026-07-24T13:00:00,NA,2026-07-24T16:55:00,2026-07-24T17:00:00,4059.74,4068.69,4056.95,4067.57,4.97360837,1,1,EVENT
01c1218e5f3549b7,M5,L1,LONG,4082.06,2026-07-24T00:00:00,NA,2026-07-27T01:00:00,2026-07-27T01:05:00,4086.86,4097.34,4083.11,4089.54,2.24833400,0,0,OPEN_BEYOND_LEVEL
6c9e4feed2cf1d34,M5,L3,LONG,4082.06,2026-07-24T18:00:00,NA,2026-07-27T01:00:00,2026-07-27T01:05:00,4086.86,4097.34,4083.11,4089.54,2.24833400,0,0,OPEN_BEYOND_LEVEL
8af57427a8f60aa4,M5,L2,SHORT,4085.10,2026-07-27T02:50:00,NA,2026-07-27T15:15:00,2026-07-27T15:20:00,4087.65,4088.99,4082.31,4084.42,3.57517891,1,0,EVENT
5e08237a6089ce52,M5,L3,SHORT,4084.41,2026-07-27T08:00:00,NA,2026-07-27T15:20:00,2026-07-27T15:25:00,4084.43,4085.15,4081.70,4083.11,3.79695185,1,0,EVENT
e002a379460ad3dc,M5,L3,SHORT,4070.61,2026-07-27T20:00:00,NA,2026-07-28T02:45:00,2026-07-28T02:50:00,4072.04,4072.59,4069.87,4070.13,1.86982906,1,0,EVENT
8e2b1df7c2fd030a,M5,L1,SHORT,4065.32,2026-07-27T00:00:00,NA,2026-07-28T03:20:00,2026-07-28T03:25:00,4065.38,4066.36,4060.16,4060.85,2.83539163,1,0,EVENT
87106078c83a3284,M5,L3,SHORT,4065.32,2026-07-27T17:00:00,NA,2026-07-28T03:20:00,2026-07-28T03:25:00,4065.38,4066.36,4060.16,4060.85,2.83539163,1,0,EVENT
0639fed4d89d0056,M5,L3,SHORT,4049.20,2026-07-24T22:00:00,NA,2026-07-28T04:25:00,2026-07-28T04:30:00,4050.13,4050.16,4046.35,4047.30,3.97389296,1,0,EVENT
3c5770672ee08606,M5,L3,SHORT,4044.67,2026-07-24T16:00:00,NA,2026-07-28T05:00:00,2026-07-28T05:05:00,4045.15,4045.94,4042.52,4043.82,3.92211200,1,0,EVENT
5b1424adb245680b,M5,L2,SHORT,4040.28,2026-07-28T02:50:00,NA,2026-07-28T08:30:00,2026-07-28T08:35:00,4043.17,4045.67,4037.21,4037.58,2.56171121,1,0,EVENT
ed29078817fd094f,M5,L3,SHORT,4034.92,2026-07-28T08:00:00,NA,2026-07-28T12:35:00,2026-07-28T12:40:00,4037.86,4038.24,4029.61,4032.20,3.41099406,1,0,EVENT
f2553807fe3b9277,M5,L3,SHORT,4022.02,2026-07-24T08:00:00,NA,2026-07-28T13:05:00,2026-07-28T13:10:00,4024.52,4027.00,4021.82,4021.96,4.19738510,1,0,EVENT
3711c7f4a9fd8b95,M5,L3,LONG,4038.15,2026-07-28T15:00:00,NA,2026-07-28T18:40:00,2026-07-28T18:45:00,4037.01,4042.10,4036.80,4041.46,5.48987704,1,1,EVENT
9388d5b7d2f93476,M5,L3,SHORT,4021.60,2026-07-28T21:00:00,NA,2026-07-29T01:20:00,2026-07-29T01:25:00,4022.23,4023.48,4017.24,4017.93,2.50357675,0,0,EVENT
bb762946c27822ea,M5,L3,SHORT,4017.06,2026-07-28T13:00:00,NA,2026-07-29T01:35:00,2026-07-29T01:40:00,4017.38,4017.44,4014.17,4015.04,3.15774713,0,0,EVENT
6a8d697d85b750ad,M5,L3,SHORT,4013.84,2026-07-29T01:00:00,NA,2026-07-29T04:00:00,2026-07-29T04:05:00,4021.78,4021.83,4010.32,4011.96,4.11301678,1,0,EVENT
ed22319e4677a376,M5,L3,LONG,4031.18,2026-07-29T01:00:00,NA,2026-07-29T05:20:00,2026-07-29T05:25:00,4027.39,4035.43,4026.76,4033.25,4.71207211,1,0,EVENT
b39bc939790b99b4,M5,L2,LONG,4037.80,2026-07-29T02:50:00,NA,2026-07-29T08:40:00,2026-07-29T08:45:00,4031.66,4039.57,4031.18,4039.13,3.05889314,1,0,EVENT
19adcfc0c2c12eb8,M5,L3,LONG,4037.80,2026-07-29T05:00:00,NA,2026-07-29T08:40:00,2026-07-29T08:45:00,4031.66,4039.57,4031.18,4039.13,3.05889314,1,0,EVENT
598fa487a236e5a9,M5,L3,SHORT,4020.64,2026-07-29T07:00:00,NA,2026-07-29T15:15:00,2026-07-29T15:20:00,4027.12,4027.58,4018.91,4018.95,2.77456789,1,0,EVENT
e0a7b3c2b39a72a7,M5,L1,SHORT,4011.50,2026-07-28T00:00:00,NA,2026-07-29T16:50:00,2026-07-29T16:55:00,4015.08,4015.14,4006.58,4009.19,4.79430371,1,1,EVENT
2c1e20bb228707d3,M5,L2,SHORT,4010.32,2026-07-29T02:50:00,NA,2026-07-29T16:50:00,2026-07-29T16:55:00,4015.08,4015.14,4006.58,4009.19,4.79430371,1,1,EVENT
1071bce8472deebd,M5,L3,SHORT,4010.32,2026-07-29T04:00:00,NA,2026-07-29T16:50:00,2026-07-29T16:55:00,4015.08,4015.14,4006.58,4009.19,4.79430371,1,1,EVENT
fc873ba954314502,M5,L3,LONG,4047.06,2026-07-28T18:00:00,NA,2026-07-29T20:20:00,2026-07-29T20:25:00,4045.23,4050.59,4044.69,4047.36,5.83820457,1,1,EVENT
af41abdf2231121b,M5,L3,LONG,4055.18,2026-07-28T11:00:00,NA,2026-07-29T21:00:00,2026-07-29T21:05:00,4043.52,4085.71,4040.35,4066.88,5.49950990,1,1,EVENT
ec1fbd2d52fab239,M5,L1,LONG,4082.68,2026-07-28T00:00:00,NA,2026-07-29T21:40:00,2026-07-29T21:45:00,4071.21,4086.92,4069.99,4083.40,10.50107116,0,0,EVENT
cf6b5d59055f37ed,M5,L3,LONG,4093.93,2026-07-27T19:00:00,NA,2026-07-29T21:45:00,2026-07-29T21:50:00,4083.39,4100.97,4082.10,4099.62,10.96028036,0,0,EVENT
106258f76586acf8,M5,L3,LONG,4104.15,2026-07-27T14:00:00,NA,2026-07-29T21:50:00,2026-07-29T21:55:00,4099.59,4109.86,4092.73,4104.95,11.52526034,0,0,EVENT
47d6518672dc9c2d,M5,L3,LONG,4106.01,2026-07-27T10:00:00,NA,2026-07-29T21:55:00,2026-07-29T22:00:00,4104.86,4109.35,4101.14,4106.80,11.92559888,0,0,EVENT
334c1352e1bf29d8,M5,L2,SHORT,4044.38,2026-07-30T02:50:00,NA,2026-07-30T08:15:00,2026-07-30T08:20:00,4045.93,4046.33,4037.49,4041.98,3.80221876,1,0,EVENT
0448d82812aa6e17,M5,L2,LONG,4092.92,2026-07-30T02:50:00,NA,2026-07-30T16:45:00,2026-07-30T16:50:00,4088.94,4101.58,4085.63,4094.96,8.27111681,1,1,EVENT
e118be47709bcbaf,M5,L3,LONG,4100.38,2026-07-30T02:00:00,NA,2026-07-30T16:50:00,2026-07-30T16:55:00,4095.00,4103.05,4093.39,4102.54,8.81960847,1,1,EVENT
1d769a0f0cea0dca,M5,L1,LONG,4116.53,2026-07-29T00:00:00,NA,2026-07-30T19:20:00,2026-07-30T19:25:00,4113.93,4119.18,4113.62,4118.87,6.42118128,1,1,EVENT
2a5756d7d87bf301,M5,L3,LONG,4116.53,2026-07-29T22:00:00,NA,2026-07-30T19:20:00,2026-07-30T19:25:00,4113.93,4119.18,4113.62,4118.87,6.42118128,1,1,EVENT
22d915eb04d7aa48,M5,L4,LONG,4079.41,2026-07-31T05:45:00,20,2026-07-31T07:25:00,2026-07-31T07:30:00,4078.52,4080.05,4077.58,4079.97,2.95533687,1,0,EVENT
2168815a5e33e57b,M5,L2,SHORT,4072.03,2026-07-31T02:50:00,NA,2026-07-31T10:30:00,2026-07-31T10:35:00,4072.67,4072.93,4069.16,4069.65,3.33405118,1,0,EVENT
5056973c5186257c,M5,L3,SHORT,4072.03,2026-07-31T06:00:00,NA,2026-07-31T10:30:00,2026-07-31T10:35:00,4072.67,4072.93,4069.16,4069.65,3.33405118,1,0,EVENT
523c3bcb8be45d03,M5,L3,SHORT,4065.03,2026-07-30T16:00:00,NA,2026-07-31T11:00:00,2026-07-31T11:05:00,4067.73,4067.73,4062.76,4063.39,3.35709117,1,0,EVENT
ffacfcb4bdda363d,M5,L3,SHORT,4050.29,2026-07-31T12:00:00,NA,2026-07-31T15:25:00,2026-07-31T15:30:00,4050.79,4052.20,4047.03,4047.19,3.68215631,1,0,EVENT
80c7fb0a8474312f,M5,L1,SHORT,4028.44,2026-07-30T00:00:00,NA,2026-07-31T16:35:00,2026-07-31T16:40:00,4035.59,4037.17,4027.01,4027.72,5.07615431,1,1,EVENT
ee7db9d948a445f6,M5,L3,SHORT,4028.44,2026-07-30T08:00:00,NA,2026-07-31T16:35:00,2026-07-31T16:40:00,4035.59,4037.17,4027.01,4027.72,5.07615431,1,1,EVENT
357e55522df7fe38,M5,L2,SHORT,4047.32,2026-08-03T02:50:00,NA,2026-08-03T12:30:00,2026-08-03T12:35:00,4052.62,4053.44,4046.67,4047.04,3.57841030,1,0,EVENT
8684df9963838eb7,M5,L3,SHORT,4047.32,2026-08-03T04:00:00,NA,2026-08-03T12:30:00,2026-08-03T12:35:00,4052.62,4053.44,4046.67,4047.04,3.57841030,1,0,EVENT
5535bb462d3f3e27,M5,L3,SHORT,4041.36,2026-07-31T23:00:00,NA,2026-08-03T16:10:00,2026-08-03T16:15:00,4044.03,4044.55,4038.77,4038.80,4.66695295,1,0,EVENT
29cbc6397a275c04,M5,L4,SHORT,4033.31,2026-08-03T18:55:00,23,2026-08-03T20:50:00,2026-08-03T20:55:00,4034.08,4034.36,4030.46,4030.64,2.62425879,1,1,EVENT
5f6ef8007d783de4,M5,L3,LONG,4058.17,2026-08-03T23:00:00,NA,2026-08-04T03:00:00,2026-08-04T03:05:00,4053.79,4063.49,4052.98,4059.64,2.05519327,1,0,EVENT
e9dd920b5dad8e68,M5,L4,LONG,4054.95,2026-08-04T01:15:00,21,2026-08-04T03:00:00,2026-08-04T03:05:00,4053.79,4063.49,4052.98,4059.64,2.05519327,1,0,EVENT
9e6f3b0fa8a608ec,M5,L3,LONG,4064.57,2026-08-03T15:00:00,NA,2026-08-04T03:05:00,2026-08-04T03:10:00,4059.62,4067.52,4059.29,4067.25,2.65910804,1,0,EVENT
8c205c06c234c48e,M5,L2,LONG,4069.40,2026-08-04T02:50:00,NA,2026-08-04T11:00:00,2026-08-04T11:05:00,4065.50,4072.85,4064.55,4069.98,3.20497856,1,0,EVENT
7ab68dd7853e6e3e,M5,L3,LONG,4069.40,2026-08-04T03:00:00,NA,2026-08-04T11:00:00,2026-08-04T11:05:00,4065.50,4072.85,4064.55,4069.98,3.20497856,1,0,EVENT
5003251084b2de83,M5,L3,SHORT,4051.13,2026-08-04T07:00:00,NA,2026-08-04T12:10:00,2026-08-04T12:15:00,4051.11,4051.29,4048.54,4050.69,3.28104135,1,0,OPEN_BEYOND_LEVEL
c0ade691648ebe2b,M5,L3,LONG,4072.85,2026-08-04T11:00:00,NA,2026-08-04T14:45:00,2026-08-04T14:50:00,4069.61,4079.90,4067.12,4076.35,4.01457117,1,0,EVENT
72e9153d739a10ee,M5,L1,LONG,4083.79,2026-08-03T00:00:00,NA,2026-08-04T16:35:00,2026-08-04T16:40:00,4083.32,4088.99,4082.95,4088.26,6.98657794,1,1,EVENT
03bb885a2434fe75,M5,L3,LONG,4087.50,2026-07-31T09:00:00,NA,2026-08-04T16:35:00,2026-08-04T16:40:00,4083.32,4088.99,4082.95,4088.26,6.98657794,1,1,EVENT
01271c4dd0cb65ae,M5,L3,LONG,4094.08,2026-08-04T16:00:00,NA,2026-08-04T20:00:00,2026-08-04T20:05:00,4093.29,4102.52,4092.43,4102.22,4.08392997,1,1,EVENT
47ec303d9ea9fc6a,M5,L3,LONG,4085.79,2026-08-05T01:00:00,NA,2026-08-05T04:10:00,2026-08-05T04:15:00,4082.02,4086.93,4081.76,4085.85,3.32032017,1,0,EVENT
3737f1a1cf8156d8,M5,L1,LONG,4106.40,2026-08-04T00:00:00,NA,2026-08-05T05:30:00,2026-08-05T05:35:00,4103.62,4108.38,4101.47,4107.78,4.17475105,1,0,EVENT
94f91ad7e7af4d65,M5,L3,LONG,4106.40,2026-08-04T20:00:00,NA,2026-08-05T05:30:00,2026-08-05T05:35:00,4103.62,4108.38,4101.47,4107.78,4.17475105,1,0,EVENT
4d009f1d308e29aa,M5,L3,LONG,4117.42,2026-07-30T23:00:00,NA,2026-08-05T05:35:00,2026-08-05T05:40:00,4107.77,4122.00,4107.70,4120.33,4.37012597,1,0,EVENT
dcbf9bab8a1cbed3,M5,L3,LONG,4120.44,2026-07-30T17:00:00,NA,2026-08-05T05:40:00,2026-08-05T05:45:00,4120.37,4128.74,4119.95,4128.19,5.07940269,1,0,EVENT
120a66cf0bf866b5,M5,L2,LONG,4141.47,2026-08-05T02:50:00,NA,2026-08-05T08:30:00,2026-08-05T08:35:00,4139.61,4146.44,4139.61,4143.51,3.38895326,1,0,EVENT
55450829db1a1cee,M5,L3,LONG,4179.53,2026-08-05T10:00:00,NA,2026-08-05T14:30:00,2026-08-05T14:35:00,4176.09,4181.72,4174.12,4180.69,4.20056075,1,0,EVENT
c5a3e1adf060a47b,M5,L1,LONG,4267.82,2026-08-05T00:00:00,NA,2026-08-06T02:35:00,2026-08-06T02:40:00,4265.02,4279.79,4265.02,4277.91,3.42402009,0,0,EVENT
a778304d9b231e67,M5,L3,LONG,4267.82,2026-08-05T21:00:00,NA,2026-08-06T02:35:00,2026-08-06T02:40:00,4265.02,4279.79,4265.02,4277.91,3.42402009,0,0,EVENT
e28679b64892c17b,M5,L2,SHORT,4252.91,2026-08-06T02:50:00,NA,2026-08-06T09:50:00,2026-08-06T09:55:00,4254.78,4255.91,4251.04,4252.33,4.71821599,1,0,EVENT
a809b033d78167d6,M5,L3,SHORT,4242.92,2026-08-05T23:00:00,NA,2026-08-06T16:05:00,2026-08-06T16:10:00,4252.36,4252.76,4230.74,4231.70,5.70334862,1,0,EVENT
637a7ae523c2f883,M5,L3,LONG,4251.25,2026-08-06T22:00:00,NA,2026-08-07T02:50:00,2026-08-07T02:55:00,4248.55,4252.22,4248.55,4251.80,2.80495286,1,0,EVENT
863b2a646a0bbdd0,M5,L3,SHORT,4233.00,2026-08-06T22:00:00,NA,2026-08-07T03:45:00,2026-08-07T03:50:00,4234.74,4236.91,4231.32,4231.32,3.99668284,1,0,EVENT
9d777ddf467144ea,M5,L2,LONG,4269.09,2026-08-07T02:50:00,NA,2026-08-07T08:10:00,2026-08-07T08:15:00,4267.03,4271.27,4266.09,4269.37,4.08555700,1,0,EVENT
b4ae935bae9f15b2,M5,L3,LONG,4275.35,2026-08-06T17:00:00,NA,2026-08-07T08:45:00,2026-08-07T08:50:00,4271.55,4276.98,4271.47,4276.37,4.41823584,1,0,EVENT
356c7c08148d74a1,M5,L3,LONG,4284.74,2026-08-06T12:00:00,NA,2026-08-07T09:10:00,2026-08-07T09:15:00,4282.24,4291.33,4281.69,4286.69,4.55291705,1,0,EVENT
782d1c32f0c8a047,M5,L1,LONG,4304.06,2026-08-06T00:00:00,NA,2026-08-07T11:30:00,2026-08-07T11:35:00,4294.82,4314.84,4294.09,4314.05,4.32120025,1,0,EVENT
2fc90d83744577cd,M5,L3,LONG,4304.06,2026-08-06T05:00:00,NA,2026-08-07T11:30:00,2026-08-07T11:35:00,4294.82,4314.84,4294.09,4314.05,4.32120025,1,0,EVENT
78ba84489db1beb2,M5,L3,SHORT,4327.67,2026-08-07T20:00:00,NA,2026-08-10T04:00:00,2026-08-10T04:05:00,4332.16,4340.82,4327.04,4327.33,4.23975393,1,0,EVENT
8f24a7101b9fe615,M5,L2,LONG,4347.05,2026-08-10T02:50:00,NA,2026-08-10T08:50:00,2026-08-10T08:55:00,4345.73,4352.17,4345.26,4348.46,4.24478704,1,0,EVENT
574bd8c49c045c8a,M5,L3,LONG,4352.56,2026-08-10T01:00:00,NA,2026-08-10T09:40:00,2026-08-10T09:45:00,4348.61,4355.85,4347.00,4355.18,4.38187845,1,0,EVENT
0308d14b71bb91c3,M5,L3,LONG,4361.99,2026-08-10T10:00:00,NA,2026-08-10T19:05:00,2026-08-10T19:10:00,4358.07,4363.41,4356.78,4363.29,4.95508018,1,1,EVENT
be84bd3d73c26eae,M5,L1,LONG,4371.81,2026-08-07T00:00:00,NA,2026-08-10T21:30:00,2026-08-10T21:35:00,4365.87,4380.78,4365.14,4379.58,3.40237531,0,0,EVENT
6a0be632377fb8a3,M5,L3,LONG,4371.81,2026-08-07T15:00:00,NA,2026-08-10T21:30:00,2026-08-10T21:35:00,4365.87,4380.78,4365.14,4379.58,3.40237531,0,0,EVENT
3cde1c4521a7f431,M5,L1,LONG,4395.15,2026-08-10T00:00:00,NA,2026-08-11T01:40:00,2026-08-11T01:45:00,4393.68,4396.04,4393.35,4395.20,2.78174319,0,0,EVENT
ca5438d32e7d48c1,M5,L2,SHORT,4393.68,2026-08-11T02:50:00,NA,2026-08-11T08:25:00,2026-08-11T08:30:00,4397.90,4398.16,4390.75,4392.40,4.68978150,1,0,EVENT
e3c1ec7a8bf7973a,M5,L3,SHORT,4393.68,2026-08-11T04:00:00,NA,2026-08-11T08:25:00,2026-08-11T08:30:00,4397.90,4398.16,4390.75,4392.40,4.68978150,1,0,EVENT
4fb64ba94278389e,M5,L4,LONG,4369.74,2026-08-11T09:30:00,24,2026-08-11T11:30:00,2026-08-11T11:35:00,4369.15,4372.43,4368.69,4371.18,5.21872810,1,0,EVENT
a938ef26fc3bdbbc,M5,L4,LONG,4376.65,2026-08-11T11:30:00,22,2026-08-11T13:20:00,2026-08-11T13:25:00,4372.48,4378.02,4372.41,4377.73,3.68296078,1,0,EVENT
9cba5d7c35094a81,M5,L3,LONG,4404.18,2026-08-11T16:00:00,NA,2026-08-12T05:40:00,2026-08-12T05:45:00,4399.69,4408.24,4399.31,4405.55,3.96189653,1,0,EVENT
4128084fa3ced394,M5,L2,LONG,4415.98,2026-08-12T02:50:00,NA,2026-08-12T12:20:00,2026-08-12T12:25:00,4415.50,4424.44,4413.37,4423.68,3.43379613,1,0,EVENT
edfaa3c649bd7388,M5,L3,LONG,4415.98,2026-08-12T06:00:00,NA,2026-08-12T12:20:00,2026-08-12T12:25:00,4415.50,4424.44,4413.37,4423.68,3.43379613,1,0,EVENT
bedacb9187bff5c6,M5,L3,LONG,4424.44,2026-08-12T12:00:00,NA,2026-08-12T15:25:00,2026-08-12T15:30:00,4406.73,4425.24,4404.72,4425.24,3.33254498,1,0,EVENT
2b35654b4af5dfb3,M5,L1,LONG,4435.13,2026-08-11T00:00:00,NA,2026-08-12T15:55:00,2026-08-12T16:00:00,4427.70,4438.30,4426.60,4437.51,8.94777933,1,0,EVENT
d0fc5600c9c13d04,M5,L3,LONG,4435.13,2026-08-11T05:00:00,NA,2026-08-12T15:55:00,2026-08-12T16:00:00,4427.70,4438.30,4426.60,4437.51,8.94777933,1,0,EVENT
1c546dfaf152b77a,M5,L3,LONG,4418.33,2026-08-12T22:00:00,NA,2026-08-13T03:05:00,2026-08-13T03:10:00,4416.32,4422.29,4415.24,4420.99,2.60721712,1,0,EVENT
0a1c3811d969e3f9,M5,L1,LONG,4441.41,2026-08-12T00:00:00,NA,2026-08-13T03:30:00,2026-08-13T03:35:00,4428.30,4449.75,4424.35,4444.39,4.11149918,1,0,EVENT
a5c44532bd435b06,M5,L3,LONG,4441.41,2026-08-12T16:00:00,NA,2026-08-13T03:30:00,2026-08-13T03:35:00,4428.30,4449.75,4424.35,4444.39,4.11149918,1,0,EVENT
ef0f792c9850d3e6,M5,L3,SHORT,4396.26,2026-08-12T21:00:00,NA,2026-08-13T07:00:00,2026-08-13T07:05:00,4400.21,4400.41,4394.70,4396.08,4.35410341,1,0,EVENT
ff10a4b1e117bb3b,M5,L2,SHORT,4391.63,2026-08-13T01:20:00,NA,2026-08-13T08:40:00,2026-08-13T08:45:00,4399.76,4400.86,4386.39,4387.66,4.60597232,1,0,EVENT
381022496b1b4f3d,M5,L3,SHORT,4383.95,2026-08-12T08:00:00,NA,2026-08-13T08:55:00,2026-08-13T09:00:00,4384.55,4386.14,4380.54,4382.98,5.34143994,1,0,EVENT
a81d6d011c883e65,M5,L3,SHORT,4379.73,2026-08-12T15:00:00,NA,2026-08-13T09:00:00,2026-08-13T09:05:00,4382.99,4385.54,4376.32,4378.15,5.35990851,1,0,EVENT
ca2c295d475a6e8a,M5,L1,SHORT,4362.48,2026-08-12T00:00:00,NA,2026-08-13T18:30:00,2026-08-13T18:35:00,4365.19,4365.31,4357.57,4360.52,7.18203076,1,1,EVENT
ad601606fc5a6674,M5,L3,SHORT,4362.48,2026-08-12T02:00:00,NA,2026-08-13T18:30:00,2026-08-13T18:35:00,4365.19,4365.31,4357.57,4360.52,7.18203076,1,1,EVENT
6a24e0b958cdd466,M5,L3,SHORT,4360.22,2026-08-11T21:00:00,NA,2026-08-13T19:05:00,2026-08-13T19:10:00,4363.40,4363.54,4358.52,4358.73,6.44119421,1,1,EVENT
d77ae90ec946b6d5,M5,L3,SHORT,4356.77,2026-08-11T10:00:00,NA,2026-08-13T19:10:00,2026-08-13T19:15:00,4358.65,4360.16,4354.01,4355.16,6.33968034,1,1,EVENT
cfc5637b89a4d01f,M5,L3,SHORT,4351.25,2026-08-13T19:00:00,NA,2026-08-13T22:10:00,2026-08-13T22:15:00,4353.57,4353.72,4346.19,4346.81,3.66906249,0,0,EVENT
e83e5479bebf2abf,M5,L1,SHORT,4343.56,2026-08-13T00:00:00,NA,2026-08-14T03:25:00,2026-08-14T03:30:00,4347.29,4347.35,4339.43,4339.43,4.36673251,1,0,EVENT
fcb58e659a2dbdbc,M5,L3,SHORT,4343.56,2026-08-13T22:00:00,NA,2026-08-14T03:25:00,2026-08-14T03:30:00,4347.29,4347.35,4339.43,4339.43,4.36673251,1,0,EVENT
f9855157923af23c,M5,L3,SHORT,4316.69,2026-08-10T16:00:00,NA,2026-08-14T04:30:00,2026-08-14T04:35:00,4319.62,4319.70,4313.36,4313.56,6.76368776,1,0,EVENT
6e9fc1b31201f0f9,M5,L3,SHORT,4313.44,2026-08-10T04:00:00,NA,2026-08-14T05:10:00,2026-08-14T05:15:00,4317.36,4317.55,4310.87,4312.43,6.40802777,1,0,EVENT
29d74b612ee880fe,M5,L4,LONG,4323.77,2026-08-14T04:25:00,23,2026-08-14T06:20:00,2026-08-14T06:25:00,4322.79,4326.07,4322.41,4325.18,5.46400711,1,0,EVENT
d243ef2a437a6bc3,M5,L4,SHORT,4322.41,2026-08-14T06:20:00,21,2026-08-14T08:05:00,2026-08-14T08:10:00,4325.14,4325.60,4320.04,4320.04,2.83709723,1,0,EVENT
d3fe07a907542142,M5,L2,LONG,4362.04,2026-08-14T02:50:00,NA,2026-08-14T14:40:00,2026-08-14T14:45:00,4361.71,4363.49,4361.48,4362.43,3.15152032,1,0,EVENT
4b8e95564679a24f,M5,L3,LONG,4364.12,2026-08-14T02:00:00,NA,2026-08-14T14:50:00,2026-08-14T14:55:00,4361.80,4368.20,4361.76,4367.08,3.00498436,1,0,EVENT
dc0398b32dd12aab,M5,L4,SHORT,4376.23,2026-08-14T20:05:00,20,2026-08-14T21:45:00,2026-08-14T21:50:00,4376.50,4376.85,4370.82,4374.09,3.41173255,0,0,EVENT
520cf2bc13f3186c,M5,L3,SHORT,4370.82,2026-08-14T21:00:00,NA,2026-08-17T02:35:00,2026-08-17T02:40:00,4370.92,4371.77,4367.12,4370.40,3.68908026,0,0,EVENT
08a67b608a3700d5,M5,L1,LONG,4397.02,2026-08-14T00:00:00,NA,2026-08-17T03:50:00,2026-08-17T03:55:00,4395.28,4398.57,4394.40,4397.96,4.70506431,1,0,EVENT
b831677e639f8da8,M5,L3,LONG,4397.02,2026-08-14T16:00:00,NA,2026-08-17T03:50:00,2026-08-17T03:55:00,4395.28,4398.57,4394.40,4397.96,4.70506431,1,0,EVENT
37091d5b5589f518,M5,L3,LONG,4402.21,2026-08-13T16:00:00,NA,2026-08-17T04:00:00,2026-08-17T04:05:00,4400.80,4409.13,4399.09,4407.68,4.66421361,1,0,EVENT
d1abf13c234da3b6,M5,L3,SHORT,4386.96,2026-08-17T08:00:00,NA,2026-08-17T15:25:00,2026-08-17T15:30:00,4392.90,4393.67,4382.26,4385.83,3.65610500,1,0,EVENT
12e7ceac970c9a05,M5,L3,LONG,4405.89,2026-08-17T13:00:00,NA,2026-08-17T16:55:00,2026-08-17T17:00:00,4401.57,4416.23,4401.53,4408.80,5.59899532,1,1,EVENT
4d10be736b641aba,M5,L3,LONG,4411.36,2026-08-17T10:00:00,NA,2026-08-17T17:10:00,2026-08-17T17:15:00,4405.29,4412.87,4403.84,4412.42,6.02730784,1,1,EVENT
9e310c185599590a,M5,L2,LONG,4416.46,2026-08-17T02:50:00,NA,2026-08-17T17:15:00,2026-08-17T17:20:00,4412.40,4420.88,4411.89,4418.42,6.24178586,1,1,EVENT
98be3012b173acb6,M5,L3,LONG,4416.46,2026-08-17T04:00:00,NA,2026-08-17T17:15:00,2026-08-17T17:20:00,4412.40,4420.88,4411.89,4418.42,6.24178586,1,1,EVENT
1e8fe39fd8e7afd3,M5,L1,LONG,4428.85,2026-08-17T00:00:00,NA,2026-08-18T03:25:00,2026-08-18T03:30:00,4427.95,4431.56,4425.21,4431.39,3.95512159,1,0,EVENT
d97c0b5efc9b523f,M5,L3,LONG,4428.85,2026-08-17T19:00:00,NA,2026-08-18T03:25:00,2026-08-18T03:30:00,4427.95,4431.56,4425.21,4431.39,3.95512159,1,0,EVENT
1ee9662b5707980f,M5,L3,SHORT,4398.00,2026-08-17T21:00:00,NA,2026-08-18T05:30:00,2026-08-18T05:35:00,4402.36,4402.80,4395.92,4396.30,4.70566686,1,0,EVENT
bc08bd048f74d54b,M5,L2,SHORT,4388.86,2026-08-18T02:50:00,NA,2026-08-18T08:30:00,2026-08-18T08:35:00,4391.38,4391.61,4386.02,4386.90,2.93906907,1,0,EVENT
919ba0b23d84ad45,M5,L4,SHORT,4388.86,2026-08-18T06:40:00,22,2026-08-18T08:30:00,2026-08-18T08:35:00,4391.38,4391.61,4386.02,4386.90,2.93906907,1,0,EVENT
bb58ea30206b24ba,M5,L3,LONG,4403.68,2026-08-18T10:00:00,NA,2026-08-18T17:00:00,2026-08-18T17:05:00,4394.61,4406.48,4393.36,4404.22,6.79192252,1,1,EVENT
1746e285dc99896a,M5,L3,SHORT,4386.02,2026-08-18T08:00:00,NA,2026-08-18T17:35:00,2026-08-18T17:40:00,4389.67,4390.13,4382.05,4382.84,7.73107809,1,1,EVENT
9f35febef3d0fa9f,M5,L1,SHORT,4367.12,2026-08-17T00:00:00,NA,2026-08-18T17:55:00,2026-08-18T18:00:00,4378.73,4383.04,4363.65,4366.53,8.51438935,1,1,EVENT
0d4b6821a7c0b8be,M5,L3,SHORT,4367.12,2026-08-17T02:00:00,NA,2026-08-18T17:55:00,2026-08-18T18:00:00,4378.73,4383.04,4363.65,4366.53,8.51438935,1,1,EVENT
df4d02a828e8afd9,M5,L4,SHORT,4360.95,2026-08-18T18:50:00,22,2026-08-18T20:40:00,2026-08-18T20:45:00,4362.65,4365.10,4358.65,4358.67,4.92892153,1,1,EVENT
33ca295ef70e0504,M5,L3,SHORT,4351.63,2026-08-18T18:00:00,NA,2026-08-18T22:40:00,2026-08-18T22:45:00,4354.83,4357.63,4349.61,4349.78,3.58510177,0,0,EVENT
9be183e6ea0a82b9,M5,L4,SHORT,4352.42,2026-08-18T20:45:00,23,2026-08-18T22:40:00,2026-08-18T22:45:00,4354.83,4357.63,4349.61,4349.78,3.58510177,0,0,EVENT
e8bb61b3d2495d06,M5,L1,SHORT,4329.07,2026-08-18T00:00:00,NA,2026-08-19T02:35:00,2026-08-19T02:40:00,4330.76,4331.79,4327.17,4328.87,3.83101528,0,0,EVENT
35cdaf6efac0e786,M5,L2,LONG,4362.02,2026-08-19T02:50:00,NA,2026-08-19T11:40:00,2026-08-19T11:45:00,4360.12,4363.08,4359.44,4362.61,4.05034545,1,0,EVENT
beff13ff70a8c442,M5,L3,LONG,4362.02,2026-08-19T05:00:00,NA,2026-08-19T11:40:00,2026-08-19T11:45:00,4360.12,4363.08,4359.44,4362.61,4.05034545,1,0,EVENT
0acec40f0b087eb5,M5,L3,LONG,4363.23,2026-08-19T10:00:00,NA,2026-08-19T13:10:00,2026-08-19T13:15:00,4361.45,4364.25,4360.87,4363.74,3.38853443,1,0,EVENT
24a88c7f177bfdfb,M5,L3,LONG,4406.87,2026-08-18T16:00:00,NA,2026-08-19T15:35:00,2026-08-19T15:40:00,4384.50,4416.74,4382.86,4412.65,4.47057988,1,0,EVENT
93172f725b45178c,M5,L1,LONG,4436.25,2026-08-18T00:00:00,NA,2026-08-19T15:55:00,2026-08-19T16:00:00,4428.52,4442.34,4426.41,4438.83,8.02351395,1,0,EVENT
9f56cefd3e26e9b9,M5,L3,LONG,4436.25,2026-08-18T04:00:00,NA,2026-08-19T15:55:00,2026-08-19T16:00:00,4428.52,4442.34,4426.41,4438.83,8.02351395,1,0,EVENT
2d003ab969cb1406,M5,L3,LONG,4449.75,2026-08-13T03:00:00,NA,2026-08-19T16:10:00,2026-08-19T16:15:00,4441.58,4460.91,4441.34,4456.27,9.62222673,1,0,EVENT
e2ec9d085f9ea52f,M5,L3,LONG,4499.34,2026-08-19T19:00:00,NA,2026-08-19T22:05:00,2026-08-19T22:10:00,4496.94,4505.84,4495.28,4505.12,5.24779537,0,0,EVENT
303a10d76525741b,M5,L2,SHORT,4484.38,2026-08-20T02:50:00,NA,2026-08-20T08:25:00,2026-08-20T08:30:00,4486.37,4486.37,4482.92,4483.18,3.60067296,1,0,EVENT
87e133b02c30826d,M5,L3,SHORT,4484.38,2026-08-20T04:00:00,NA,2026-08-20T08:25:00,2026-08-20T08:30:00,4486.37,4486.37,4482.92,4483.18,3.60067296,1,0,EVENT
1de7a96e25a5c3a8,M5,L3,SHORT,4477.88,2026-08-20T08:00:00,NA,2026-08-20T14:40:00,2026-08-20T14:45:00,4481.72,4482.55,4474.27,4474.73,4.14708554,1,0,EVENT
19a385859c29fa68,M5,L3,SHORT,4472.10,2026-08-19T21:00:00,NA,2026-08-20T14:45:00,2026-08-20T14:50:00,4474.76,4475.73,4465.74,4471.17,4.44229371,1,0,EVENT
74a0b30610c7656b,M5,L3,LONG,4498.72,2026-08-20T11:00:00,NA,2026-08-20T17:40:00,2026-08-20T17:45:00,4495.85,4501.22,4493.72,4499.26,7.28778138,1,1,EVENT
d4f76568c359c26a,M5,L1,LONG,4524.22,2026-08-19T00:00:00,NA,2026-08-20T18:00:00,2026-08-20T18:05:00,4515.95,4536.70,4515.06,4535.75,7.33608559,1,1,EVENT
126a56a449b88c98,M5,L2,LONG,4521.24,2026-08-20T02:50:00,NA,2026-08-20T18:00:00,2026-08-20T18:05:00,4515.95,4536.70,4515.06,4535.75,7.33608559,1,1,EVENT
4eda35a257dd3835,M5,L3,LONG,4527.31,2026-08-20T01:00:00,NA,2026-08-20T18:00:00,2026-08-20T18:05:00,4515.95,4536.70,4515.06,4535.75,7.33608559,1,1,EVENT
4aa5bee18109fc52,M5,L3,LONG,4532.17,2026-08-20T22:00:00,NA,2026-08-21T04:30:00,2026-08-21T04:35:00,4529.46,4538.89,4528.45,4537.27,4.83985053,1,0,EVENT
fd3b5294305f50a5,M5,L1,LONG,4540.90,2026-08-20T00:00:00,NA,2026-08-21T07:15:00,2026-08-21T07:20:00,4540.22,4541.29,4537.45,4541.29,4.74582169,1,0,EVENT
a587031352b0cf1f,M5,L3,LONG,4540.90,2026-08-20T18:00:00,NA,2026-08-21T07:15:00,2026-08-21T07:20:00,4540.22,4541.29,4537.45,4541.29,4.74582169,1,0,EVENT
44bdce724fb71b47,M5,L3,LONG,4543.84,2026-08-21T04:00:00,NA,2026-08-21T07:25:00,2026-08-21T07:30:00,4543.19,4547.26,4542.63,4546.79,4.69604013,1,0,EVENT
851bfe4cb0c960ee,M5,L2,LONG,4547.91,2026-08-21T02:50:00,NA,2026-08-21T08:50:00,2026-08-21T08:55:00,4546.17,4549.14,4543.24,4547.92,4.70482298,1,0,EVENT
69ed56d365beef48,M5,L4,LONG,4568.01,2026-08-21T09:35:00,20,2026-08-21T11:15:00,2026-08-21T11:20:00,4565.55,4573.43,4563.94,4572.66,5.19832844,1,0,EVENT
72883a0414e0e647,M5,L3,LONG,4604.53,2026-08-21T14:00:00,NA,2026-08-21T18:30:00,2026-08-21T18:35:00,4602.92,4606.13,4599.62,4606.07,7.56453377,1,1,EVENT
7d6c8523af739129,M5,L1,LONG,4632.21,2026-08-21T00:00:00,NA,2026-08-24T03:05:00,2026-08-24T03:10:00,4626.98,4639.12,4626.98,4635.02,4.87114604,1,0,EVENT
c0c88388ef33c4e8,M5,L3,LONG,4632.21,2026-08-21T20:00:00,NA,2026-08-24T03:05:00,2026-08-24T03:10:00,4626.98,4639.12,4626.98,4635.02,4.87114604,1,0,EVENT
7fc4f7b66d518361,M5,L3,SHORT,4602.74,2026-08-21T23:00:00,NA,2026-08-24T03:35:00,2026-08-24T03:40:00,4602.85,4608.77,4601.19,4601.34,7.56238041,1,0,EVENT
33282de2e7c3c980,M5,L3,SHORT,4629.64,2026-08-24T08:00:00,NA,2026-08-24T11:25:00,2026-08-24T11:30:00,4636.03,4639.82,4629.42,4629.42,6.43403357,1,0,EVENT
fde9ca1625a7e2f3,M5,L4,LONG,4650.17,2026-08-24T12:45:00,21,2026-08-24T14:30:00,2026-08-24T14:35:00,4646.49,4652.27,4643.50,4652.10,4.98660437,1,0,EVENT
984df1b58e49ae06,M5,L2,LONG,4656.83,2026-08-24T02:50:00,NA,2026-08-24T14:35:00,2026-08-24T14:40:00,4652.12,4670.13,4650.76,4660.56,5.25684691,1,0,EVENT
23eae26b3164cf4d,M5,L3,LONG,4659.87,2026-08-24T09:00:00,NA,2026-08-24T14:35:00,2026-08-24T14:40:00,4652.12,4670.13,4650.76,4660.56,5.25684691,1,0,EVENT
1bfc04db255355c9,M5,L3,SHORT,4628.81,2026-08-24T11:00:00,NA,2026-08-24T21:15:00,2026-08-24T21:20:00,4632.00,4634.32,4627.58,4628.29,7.34507457,1,1,EVENT
2969679285b2eacf,M5,L1,LONG,4680.88,2026-08-24T00:00:00,NA,2026-08-25T03:05:00,2026-08-25T03:10:00,4677.26,4687.46,4675.44,4681.68,4.08875661,1,0,EVENT
0b9ac635b3fbd6df,M5,L3,LONG,4680.88,2026-08-24T16:00:00,NA,2026-08-25T03:05:00,2026-08-25T03:10:00,4677.26,4687.46,4675.44,4681.68,4.08875661,1,0,EVENT
2335ea9dd6902f5b,M5,L3,SHORT,4625.10,2026-08-24T21:00:00,NA,2026-08-25T06:00:00,2026-08-25T06:05:00,4629.57,4631.51,4622.25,4623.92,9.51080424,1,0,EVENT
dee17d1781e84eb2,M5,L2,SHORT,4615.74,2026-08-25T02:50:00,NA,2026-08-25T16:20:00,2026-08-25T16:25:00,4625.94,4626.25,4612.79,4614.51,6.16207072,1,0,EVENT
b6ca82ceade3e599,M5,L3,SHORT,4615.74,2026-08-25T05:00:00,NA,2026-08-25T16:20:00,2026-08-25T16:25:00,4625.94,4626.25,4612.79,4614.51,6.16207072,1,0,EVENT
aceb4f47c5e5ae0e,M5,L3,LONG,4647.41,2026-08-25T14:00:00,NA,2026-08-25T18:30:00,2026-08-25T18:35:00,4639.82,4651.21,4639.80,4648.84,7.06495405,1,1,EVENT
57719a955538af4e,M5,L3,LONG,4653.44,2026-08-25T09:00:00,NA,2026-08-25T18:35:00,2026-08-25T18:40:00,4648.85,4658.41,4648.17,4655.94,7.37531448,1,1,EVENT
e69808d950838597,M5,L3,LONG,4659.51,2026-08-25T18:00:00,NA,2026-08-25T22:10:00,2026-08-25T22:15:00,4659.25,4663.15,4658.87,4662.17,4.02846041,0,0,EVENT
22a84c99fcc805f4,M5,L2,SHORT,4629.18,2026-08-26T02:50:00,NA,2026-08-26T09:20:00,2026-08-26T09:25:00,4634.18,4634.61,4625.98,4627.02,4.07923707,1,0,EVENT
fc26b0189d02df3b,M5,L3,SHORT,4629.18,2026-08-26T04:00:00,NA,2026-08-26T09:20:00,2026-08-26T09:25:00,4634.18,4634.61,4625.98,4627.02,4.07923707,1,0,EVENT
b503db995d11c7f4,M5,L1,SHORT,4605.33,2026-08-25T00:00:00,NA,2026-08-26T17:55:00,2026-08-26T18:00:00,4607.52,4612.30,4602.85,4602.93,7.31647526,1,1,EVENT
352233036ed3f03f,M5,L3,SHORT,4605.33,2026-08-25T16:00:00,NA,2026-08-26T17:55:00,2026-08-26T18:00:00,4607.52,4612.30,4602.85,4602.93,7.31647526,1,1,EVENT
8420b7ae4aabc5d2,M5,L3,SHORT,4594.47,2026-08-24T03:00:00,NA,2026-08-26T18:10:00,2026-08-26T18:15:00,4597.80,4599.93,4588.13,4588.97,8.01672964,1,1,EVENT
012950b1d7314f02,M5,L3,LONG,4604.57,2026-08-26T21:00:00,NA,2026-08-27T01:15:00,2026-08-27T01:20:00,4602.50,4612.35,4602.41,4610.67,3.49425417,0,0,EVENT
900f6a15d8d5a317,M5,L3,LONG,4634.11,2026-08-26T15:00:00,NA,2026-08-27T04:50:00,2026-08-27T04:55:00,4629.81,4635.42,4629.08,4634.86,6.54153223,1,0,EVENT
ca5210ea428f6a56,M5,L2,SHORT,4600.47,2026-08-27T02:50:00,NA,2026-08-27T09:55:00,2026-08-27T10:00:00,4601.83,4602.50,4598.00,4600.30,4.54388822,1,0,EVENT
54976e53ece6be7e,M5,L1,SHORT,4582.89,2026-08-26T00:00:00,NA,2026-08-27T12:40:00,2026-08-27T12:45:00,4584.47,4584.47,4581.09,4582.37,4.85881985,1,0,EVENT
31c976574a65884e,M5,L3,SHORT,4582.89,2026-08-26T18:00:00,NA,2026-08-27T12:40:00,2026-08-27T12:45:00,4584.47,4584.47,4581.09,4582.37,4.85881985,1,0,EVENT
befaf87535a275d2,M5,L3,LONG,4601.14,2026-08-27T15:00:00,NA,2026-08-27T18:40:00,2026-08-27T18:45:00,4599.61,4605.71,4599.36,4601.20,6.13691524,1,1,EVENT
c4aba824e947271f,M5,L3,LONG,4616.65,2026-08-27T19:00:00,NA,2026-08-27T22:05:00,2026-08-27T22:10:00,4613.47,4618.01,4612.69,4616.97,3.80815871,0,0,EVENT
78301d64c714beff,M5,L2,SHORT,4575.16,2026-08-28T02:50:00,NA,2026-08-28T08:35:00,2026-08-28T08:40:00,4578.93,4579.45,4574.82,4574.83,3.42007784,1,0,EVENT
0a8ee0c171b1e05d,M5,L3,SHORT,4575.16,2026-08-28T05:00:00,NA,2026-08-28T08:35:00,2026-08-28T08:40:00,4578.93,4579.45,4574.82,4574.83,3.42007784,1,0,EVENT
b86ed21df8f6e49f,M5,L2,LONG,4602.49,2026-08-28T02:50:00,NA,2026-08-28T09:50:00,2026-08-28T09:55:00,4599.63,4606.72,4596.69,4604.22,4.39881175,1,0,EVENT
624af53fd60e019a,M5,L3,LONG,4611.37,2026-08-28T02:00:00,NA,2026-08-28T09:55:00,2026-08-28T10:00:00,4604.23,4613.24,4603.92,4612.72,4.80103948,1,0,EVENT
6ebe3ec57af4fd4f,M5,L1,SHORT,4564.55,2026-08-27T00:00:00,NA,2026-08-28T17:10:00,2026-08-28T17:15:00,4573.90,4574.14,4543.75,4546.19,11.97158003,1,1,EVENT
ac5a6e64274b288a,M5,L3,SHORT,4563.53,2026-08-21T15:00:00,NA,2026-08-28T17:10:00,2026-08-28T17:15:00,4573.90,4574.14,4543.75,4546.19,11.97158003,1,1,EVENT
e7ff52902a4ba799,M5,L1,SHORT,4445.44,2026-08-28T00:00:00,NA,2026-08-31T01:00:00,2026-08-31T01:05:00,4439.78,4447.05,4425.38,4446.10,5.23605031,0,0,OPEN_BEYOND_LEVEL
0ebaa787aef6b93f,M5,L3,SHORT,4445.44,2026-08-28T21:00:00,NA,2026-08-31T01:00:00,2026-08-31T01:05:00,4439.78,4447.05,4425.38,4446.10,5.23605031,0,0,OPEN_BEYOND_LEVEL
5b66d3350d71e799,M5,L3,SHORT,4425.38,2026-08-31T01:00:00,NA,2026-08-31T05:10:00,2026-08-31T05:15:00,4428.82,4432.58,4422.82,4424.32,10.57110147,1,0,EVENT
892be4f46411b8c9,M5,L4,LONG,4437.85,2026-08-31T17:35:00,22,2026-08-31T19:25:00,2026-08-31T19:30:00,4435.93,4438.63,4435.13,4438.37,5.80604552,1,1,EVENT
d742fa9c1b9eb18c,M5,L3,LONG,4440.20,2026-08-31T19:00:00,NA,2026-08-31T22:25:00,2026-08-31T22:30:00,4439.09,4442.41,4438.14,4440.47,3.57794351,0,0,EVENT
869951487d921c14,M5,L2,SHORT,4425.41,2026-09-01T02:50:00,NA,2026-09-01T10:35:00,2026-09-01T10:40:00,4425.43,4425.71,4413.36,4414.08,4.56654618,1,0,EVENT
890e1f3e4e72cb07,M5,L3,SHORT,4415.70,2026-08-31T16:00:00,NA,2026-09-01T10:35:00,2026-09-01T10:40:00,4425.43,4425.71,4413.36,4414.08,4.56654618,1,0,EVENT
0e99ec1c79148f48,M5,L1,SHORT,4396.49,2026-08-31T00:00:00,NA,2026-09-01T11:05:00,2026-09-01T11:10:00,4411.25,4418.77,4394.07,4395.83,5.68859903,1,0,EVENT
e2e259af60fa198b,M5,L3,SHORT,4396.49,2026-08-31T05:00:00,NA,2026-09-01T11:05:00,2026-09-01T11:10:00,4411.25,4418.77,4394.07,4395.83,5.68859903,1,0,EVENT
95b006bb076604f9,M5,L4,SHORT,4374.90,2026-09-01T13:15:00,20,2026-09-01T14:55:00,2026-09-01T15:00:00,4379.08,4379.08,4372.00,4374.49,5.13214796,1,0,EVENT
fd400f88ae519949,M5,L3,SHORT,4326.21,2026-09-01T16:00:00,NA,2026-09-01T22:35:00,2026-09-01T22:40:00,4329.89,4330.52,4322.93,4323.05,4.21974914,0,0,EVENT
c1ea5e19fc006b75,M5,L1,SHORT,4322.81,2026-09-01T00:00:00,NA,2026-09-02T03:35:00,2026-09-02T03:40:00,4322.79,4329.94,4322.30,4327.05,5.55048709,1,0,OPEN_BEYOND_LEVEL
e46e9691a39ab73e,M5,L3,SHORT,4322.81,2026-09-01T22:00:00,NA,2026-09-02T03:35:00,2026-09-02T03:40:00,4322.79,4329.94,4322.30,4327.05,5.55048709,1,0,OPEN_BEYOND_LEVEL
b4d6210bcf9ed454,M5,L4,SHORT,4319.49,2026-09-02T10:10:00,20,2026-09-02T11:50:00,2026-09-02T11:55:00,4321.81,4322.12,4313.21,4314.52,4.85955634,1,0,EVENT
dcef391dfb839d2e,M5,L3,LONG,4331.58,2026-09-02T11:00:00,NA,2026-09-02T14:35:00,2026-09-02T14:40:00,4330.01,4332.82,4328.96,4332.25,5.18354818,1,0,EVENT
32170519d5a10a0e,M5,L2,LONG,4334.49,2026-09-02T02:50:00,NA,2026-09-02T15:00:00,2026-09-02T15:05:00,4332.33,4335.76,4329.04,4334.75,5.27721905,1,0,EVENT
819ee16a39cf70d8,M5,L3,LONG,4335.62,2026-09-02T02:00:00,NA,2026-09-02T15:20:00,2026-09-02T15:25:00,4331.44,4344.48,4329.95,4338.90,5.33965153,1,0,EVENT
8a812c7e2b9c4075,M5,L3,LONG,4387.17,2026-09-01T14:00:00,NA,2026-09-02T17:05:00,2026-09-02T17:10:00,4384.08,4396.68,4383.95,4391.06,8.29286267,1,1,EVENT
2f5bc15b993d0206,M5,L1,LONG,4397.64,2026-09-02T00:00:00,NA,2026-09-03T04:05:00,2026-09-03T04:10:00,4395.52,4402.99,4392.55,4402.55,4.21982875,1,0,EVENT
724dbe76cbd60011,M5,L3,LONG,4397.64,2026-09-02T17:00:00,NA,2026-09-03T04:05:00,2026-09-03T04:10:00,4395.52,4402.99,4392.55,4402.55,4.21982875,1,0,EVENT
2c261ce85f3ea466,M5,L2,LONG,4438.39,2026-09-03T02:50:00,NA,2026-09-03T11:30:00,2026-09-03T11:35:00,4438.34,4439.56,4435.90,4439.01,5.65802700,1,0,EVENT
c3feb2a6b6640ae1,M5,L3,LONG,4443.72,2026-09-03T11:00:00,NA,2026-09-03T14:55:00,2026-09-03T15:00:00,4440.12,4445.92,4439.77,4444.22,4.13497230,1,0,EVENT
efcc8f286a07dd85,M5,L3,LONG,4446.00,2026-09-01T08:00:00,NA,2026-09-03T15:00:00,2026-09-03T15:05:00,4444.20,4448.57,4441.16,4448.32,4.27890285,1,0,EVENT
e871432b1fbc1382,M5,L3,LONG,4464.06,2026-08-31T14:00:00,NA,2026-09-03T15:30:00,2026-09-03T15:35:00,4446.98,4469.88,4446.00,4466.85,4.89374423,1,0,EVENT
f548b8b9ac4965bc,M5,L3,LONG,4472.06,2026-08-31T03:00:00,NA,2026-09-03T15:35:00,2026-09-03T15:40:00,4466.86,4478.79,4459.82,4475.70,6.24990536,1,0,EVENT
a5ae3a0649d92f46,M5,L3,SHORT,4468.51,2026-09-04T01:00:00,NA,2026-09-04T06:55:00,2026-09-04T07:00:00,4469.50,4469.90,4467.02,4467.03,3.82929640,1,0,EVENT
b0824bcfcf494053,M5,L2,SHORT,4465.49,2026-09-04T02:50:00,NA,2026-09-04T09:30:00,2026-09-04T09:35:00,4468.86,4469.76,4464.52,4464.88,4.00726384,1,0,EVENT
34fa0fd395a0e351,M5,L2,LONG,4487.34,2026-09-04T02:50:00,NA,2026-09-04T10:45:00,2026-09-04T10:50:00,4485.76,4490.80,4484.75,4488.06,4.28235685,1,0,EVENT
1c5e2c6a22eea0a3,M5,L3,LONG,4487.34,2026-09-04T04:00:00,NA,2026-09-04T10:45:00,2026-09-04T10:50:00,4485.76,4490.80,4484.75,4488.06,4.28235685,1,0,EVENT
02fba7e50dfe5044,M5,L3,SHORT,4418.26,2026-09-03T09:00:00,NA,2026-09-04T15:30:00,2026-09-04T15:35:00,4470.64,4472.15,4374.22,4394.68,4.10567333,1,0,EVENT
f3da55ce6ebcd3d8,M5,L1,SHORT,4381.10,2026-09-03T00:00:00,NA,2026-09-04T16:00:00,2026-09-04T16:05:00,4393.81,4394.65,4365.65,4379.26,12.64063218,1,0,EVENT
50e540ef2dbacdde,M5,L3,SHORT,4381.10,2026-09-03T02:00:00,NA,2026-09-04T16:00:00,2026-09-04T16:05:00,4393.81,4394.65,4365.65,4379.26,12.64063218,1,0,EVENT
dc6cd4ea86c87b31,M5,L3,SHORT,4411.80,2026-09-04T21:00:00,NA,2026-09-07T04:05:00,2026-09-07T04:10:00,4412.05,4413.24,4401.69,4403.01,5.11155928,1,0,EVENT
290179844752ea47,M5,L2,SHORT,4389.72,2026-09-07T02:50:00,NA,2026-09-07T09:00:00,2026-09-07T09:05:00,4394.09,4394.64,4385.21,4387.68,4.52138698,1,0,EVENT
3dc0241dd20b7f5c,M5,L3,SHORT,4389.72,2026-09-07T04:00:00,NA,2026-09-07T09:00:00,2026-09-07T09:05:00,4394.09,4394.64,4385.21,4387.68,4.52138698,1,0,EVENT
1df4bd81c72589bd,M5,L3,LONG,4413.18,2026-09-07T08:00:00,NA,2026-09-07T11:05:00,2026-09-07T11:10:00,4412.36,4414.71,4409.74,4413.92,5.31402521,1,0,EVENT
cc3b516cff978a50,M5,L3,SHORT,4385.21,2026-09-07T09:00:00,NA,2026-09-07T14:30:00,2026-09-07T14:35:00,4389.43,4389.85,4381.16,4382.49,3.75855474,1,0,EVENT
5fb77fb88bac398d,M5,L3,LONG,4419.56,2026-09-07T17:00:00,NA,2026-09-08T02:35:00,2026-09-08T02:40:00,4417.60,4422.79,4417.50,4420.45,2.61031642,0,0,EVENT
a5ebea49bae70082,M5,L3,LONG,4423.79,2026-09-07T11:00:00,NA,2026-09-08T02:40:00,2026-09-08T02:45:00,4420.40,4427.95,4419.23,4427.43,2.80172239,0,0,EVENT
1925ca66e58bf337,M5,L1,LONG,4435.17,2026-09-07T00:00:00,NA,2026-09-08T04:45:00,2026-09-08T04:50:00,4433.49,4440.65,4433.49,4440.62,5.41053459,1,0,EVENT
41ec0c4dea5c4042,M5,L3,LONG,4440.66,2026-09-08T04:00:00,NA,2026-09-08T07:00:00,2026-09-08T07:05:00,4437.81,4442.09,4437.81,4441.58,4.19748883,1,0,EVENT
888293cb41387f4d,M5,L2,SHORT,4415.11,2026-09-08T02:50:00,NA,2026-09-08T09:05:00,2026-09-08T09:10:00,4415.29,4415.58,4411.16,4413.39,4.45473091,1,0,EVENT
c863b61c2341c99b,M5,L3,SHORT,4403.08,2026-09-07T21:00:00,NA,2026-09-08T09:15:00,2026-09-08T09:20:00,4411.48,4411.49,4401.68,4401.71,4.48208940,1,0,EVENT
5c255eae215aa549,M5,L3,SHORT,4385.33,2026-09-08T15:00:00,NA,2026-09-08T19:05:00,2026-09-08T19:10:00,4394.79,4394.79,4380.40,4381.16,5.61817168,1,1,EVENT
21e820deacd6bc64,M5,L1,SHORT,4381.16,2026-09-07T00:00:00,NA,2026-09-08T21:45:00,2026-09-08T21:50:00,4385.54,4386.57,4362.42,4363.64,3.53987805,0,0,EVENT
d2bf4511c2672a52,M5,L3,SHORT,4364.47,2026-09-02T19:00:00,NA,2026-09-08T21:45:00,2026-09-08T21:50:00,4385.54,4386.57,4362.42,4363.64,3.53987805,0,0,EVENT
1565700ba3ffdeab,M5,L1,SHORT,4343.75,2026-09-08T00:00:00,NA,2026-09-09T03:20:00,2026-09-09T03:25:00,4348.06,4348.58,4342.83,4343.09,3.89279361,1,0,EVENT
f30d212f777b15a6,M5,L3,SHORT,4343.75,2026-09-08T23:00:00,NA,2026-09-09T03:20:00,2026-09-09T03:25:00,4348.06,4348.58,4342.83,4343.09,3.89279361,1,0,EVENT
57d9f4483749f16e,M5,L2,LONG,4384.37,2026-09-09T02:50:00,NA,2026-09-09T08:05:00,2026-09-09T08:10:00,4381.51,4385.15,4381.42,4384.80,3.07420653,1,0,EVENT
da9242b5951786c4,M5,L3,LONG,4384.37,2026-09-09T05:00:00,NA,2026-09-09T08:05:00,2026-09-09T08:10:00,4381.51,4385.15,4381.42,4384.80,3.07420653,1,0,EVENT
d37b5c480720afef,M5,L3,LONG,4413.07,2026-09-08T16:00:00,NA,2026-09-09T14:45:00,2026-09-09T14:50:00,4405.54,4414.51,4403.48,4414.09,3.15448080,1,0,EVENT
10115ba30f2c695d,M5,L3,SHORT,4386.26,2026-09-09T13:00:00,NA,2026-09-09T18:15:00,2026-09-09T18:20:00,4389.69,4393.41,4380.09,4384.65,9.50404063,1,1,EVENT
bba7d6612db4839c,M5,L3,LONG,4414.70,2026-09-10T01:00:00,NA,2026-09-10T04:05:00,2026-09-10T04:10:00,4409.57,4418.78,4407.33,4417.92,4.33397535,1,0,EVENT
09e41ea47923d09b,M5,L2,LONG,4421.13,2026-09-10T02:50:00,NA,2026-09-10T08:30:00,2026-09-10T08:35:00,4420.76,4427.63,4417.52,4425.73,3.40850549,1,0,EVENT
67e400c48a2042f2,M5,L3,LONG,4421.46,2026-09-09T21:00:00,NA,2026-09-10T08:30:00,2026-09-10T08:35:00,4420.76,4427.63,4417.52,4425.73,3.40850549,1,0,EVENT
8978104a0061e07f,M5,L3,SHORT,4405.66,2026-09-10T07:00:00,NA,2026-09-10T10:30:00,2026-09-10T10:35:00,4408.41,4410.72,4404.11,4404.60,4.56700971,1,0,EVENT
bf5a3c899eb7ed08,M5,L2,SHORT,4389.80,2026-09-10T02:50:00,NA,2026-09-10T13:30:00,2026-09-10T13:35:00,4394.08,4394.67,4383.65,4384.87,4.40444861,1,0,EVENT
67c4c215ff6adf30,M5,L3,SHORT,4389.80,2026-09-10T03:00:00,NA,2026-09-10T13:30:00,2026-09-10T13:35:00,4394.08,4394.67,4383.65,4384.87,4.40444861,1,0,EVENT
8e880fd88e6285a7,M5,L3,SHORT,4375.16,2026-09-09T18:00:00,NA,2026-09-10T14:55:00,2026-09-10T15:00:00,4380.43,4380.43,4374.27,4374.56,5.52163955,1,0,EVENT
38a76bb784fa123e,M5,L1,SHORT,4341.17,2026-09-09T00:00:00,NA,2026-09-10T15:35:00,2026-09-10T15:40:00,4342.21,4343.06,4324.01,4326.89,8.16110685,1,0,EVENT
53f20ea4df007042,M5,L3,SHORT,4341.17,2026-09-09T03:00:00,NA,2026-09-10T15:35:00,2026-09-10T15:40:00,4342.21,4343.06,4324.01,4326.89,8.16110685,1,0,EVENT
a3a9e2f6caca97cf,M5,L3,SHORT,4324.01,2026-09-10T15:00:00,NA,2026-09-10T22:00:00,2026-09-10T22:05:00,4332.80,4332.82,4313.73,4316.54,5.62999794,0,0,EVENT
323ae0a61b5d2960,M5,L1,SHORT,4313.73,2026-09-10T00:00:00,NA,2026-09-11T02:50:00,2026-09-11T02:55:00,4315.11,4316.31,4312.09,4312.62,3.18970279,1,0,EVENT
c7f859176069cc80,M5,L3,SHORT,4311.20,2026-09-11T02:00:00,NA,2026-09-11T06:20:00,2026-09-11T06:25:00,4314.85,4316.17,4304.13,4306.92,5.91133579,1,0,EVENT
1bd209f6d33eae77,M5,L2,LONG,4340.35,2026-09-11T02:50:00,NA,2026-09-11T08:40:00,2026-09-11T08:45:00,4338.51,4343.02,4334.12,4342.82,4.98018961,1,0,EVENT
e47a5bead5f7508f,M5,L3,LONG,4340.35,2026-09-11T04:00:00,NA,2026-09-11T08:40:00,2026-09-11T08:45:00,4338.51,4343.02,4334.12,4342.82,4.98018961,1,0,EVENT
5797ee961ff922f1,M5,L4,SHORT,4340.78,2026-09-11T12:05:00,21,2026-09-11T13:50:00,2026-09-11T13:55:00,4341.72,4342.54,4339.77,4340.68,3.94061250,1,0,EVENT
e29ebab7caae3cbd,M5,L3,LONG,4360.93,2026-09-11T09:00:00,NA,2026-09-11T15:45:00,2026-09-11T15:50:00,4353.85,4367.60,4352.56,4361.73,10.64104438,1,0,EVENT
610d6fbb775c3f92,M5,L3,SHORT,4326.22,2026-09-14T04:00:00,NA,2026-09-14T07:40:00,2026-09-14T07:45:00,4326.55,4326.56,4323.39,4323.39,3.81157145,1,0,EVENT
8e0a2bc51c2e2ab6,M5,L2,SHORT,4322.19,2026-09-14T02:50:00,NA,2026-09-14T09:55:00,2026-09-14T10:00:00,4323.16,4323.24,4320.62,4322.14,4.66955662,1,0,EVENT
9fdceb32b4211ddc,M5,L3,SHORT,4320.03,2026-09-14T01:00:00,NA,2026-09-14T10:05:00,2026-09-14T10:10:00,4321.45,4323.21,4318.75,4319.05,4.54079117,1,0,EVENT
ec55a7569ff79a4e,M5,L3,SHORT,4300.80,2026-09-11T06:00:00,NA,2026-09-14T12:15:00,2026-09-14T12:20:00,4305.81,4305.96,4286.97,4292.58,4.53498994,1,0,EVENT
8303724cb8f4f381,M5,L1,SHORT,4288.39,2026-09-11T00:00:00,NA,2026-09-14T12:20:00,2026-09-14T12:25:00,4292.64,4293.29,4286.10,4287.65,5.56749066,1,0,EVENT
f5789e5892e5cba6,M5,L3,SHORT,4288.39,2026-09-11T15:00:00,NA,2026-09-14T12:20:00,2026-09-14T12:25:00,4292.64,4293.29,4286.10,4287.65,5.56749066,1,0,EVENT
c6ac773f8d45421e,M5,L3,LONG,4297.67,2026-09-14T15:00:00,NA,2026-09-14T19:15:00,2026-09-14T19:20:00,4294.67,4299.34,4294.54,4298.86,6.47449815,1,1,EVENT
7a417500816af3ae,M5,L4,SHORT,4285.96,2026-09-15T08:55:00,20,2026-09-15T10:35:00,2026-09-15T10:40:00,4290.35,4290.36,4284.93,4285.67,3.86356053,1,0,EVENT
bc6659e32058d167,M5,L2,SHORT,4283.28,2026-09-15T02:50:00,NA,2026-09-15T10:50:00,2026-09-15T10:55:00,4284.81,4284.96,4276.20,4277.59,4.29469843,1,0,EVENT
f709752171c55997,M5,L3,SHORT,4282.28,2026-09-14T23:00:00,NA,2026-09-15T10:50:00,2026-09-15T10:55:00,4284.81,4284.96,4276.20,4277.59,4.29469843,1,0,EVENT
9f037f6ceab59cea,M5,L3,LONG,4300.55,2026-09-15T17:00:00,NA,2026-09-15T21:10:00,2026-09-15T21:15:00,4296.67,4304.23,4296.21,4302.33,3.78455201,1,1,EVENT
7c4396d941bd88f9,M5,L4,LONG,4299.10,2026-09-15T19:25:00,21,2026-09-15T21:10:00,2026-09-15T21:15:00,4296.67,4304.23,4296.21,4302.33,3.78455201,1,1,EVENT
c98b8f90b9f06884,M5,L3,LONG,4310.67,2026-09-15T22:00:00,NA,2026-09-16T05:35:00,2026-09-16T05:40:00,4310.04,4316.03,4309.22,4311.09,5.22304094,1,0,EVENT
24bea920d54d6aca,M5,L1,LONG,4317.36,2026-09-15T00:00:00,NA,2026-09-16T05:55:00,2026-09-16T06:00:00,4316.66,4323.46,4315.98,4321.72,5.03771872,1,0,EVENT
4994c91243f56183,M5,L3,LONG,4317.73,2026-09-14T19:00:00,NA,2026-09-16T05:55:00,2026-09-16T06:00:00,4316.66,4323.46,4315.98,4321.72,5.03771872,1,0,EVENT
9e4685b9e2a4a414,M5,L3,LONG,4338.71,2026-09-14T09:00:00,NA,2026-09-16T13:00:00,2026-09-16T13:05:00,4338.23,4341.88,4338.08,4338.97,3.94571232,1,0,EVENT
358082cfd36bcd96,M5,L2,LONG,4341.05,2026-09-16T02:50:00,NA,2026-09-16T13:05:00,2026-09-16T13:10:00,4339.03,4345.72,4337.67,4345.21,3.93530430,1,0,EVENT
2bc9ca235b594f78,M5,L3,LONG,4341.05,2026-09-16T06:00:00,NA,2026-09-16T13:05:00,2026-09-16T13:10:00,4339.03,4345.72,4337.67,4345.21,3.93530430,1,0,EVENT
8abe97d0a7cf44d5,M5,L3,LONG,4355.32,2026-09-14T05:00:00,NA,2026-09-16T16:10:00,2026-09-16T16:15:00,4348.48,4357.19,4347.94,4356.54,4.64839240,1,0,EVENT
4f7c6851a9c81267,M5,L3,SHORT,4324.20,2026-09-16T17:00:00,NA,2026-09-16T21:10:00,2026-09-16T21:15:00,4331.12,4334.40,4307.67,4310.40,9.06556051,1,1,EVENT
36cc891707dfa829,M5,L3,SHORT,4275.49,2026-09-16T03:00:00,NA,2026-09-16T21:50:00,2026-09-16T21:55:00,4293.62,4296.85,4263.91,4265.73,15.27459059,0,0,EVENT
5af3b5881a550abe,M5,L1,SHORT,4261.32,2026-09-15T00:00:00,NA,2026-09-16T21:55:00,2026-09-16T22:00:00,4265.82,4272.82,4256.97,4260.96,16.53640555,0,0,EVENT
a4c0c417f3f2c393,M5,L3,SHORT,4261.32,2026-09-15T11:00:00,NA,2026-09-16T21:55:00,2026-09-16T22:00:00,4265.82,4272.82,4256.97,4260.96,16.53640555,0,0,EVENT
0d1530857613ab83,M5,L3,SHORT,4253.59,2026-09-14T16:00:00,NA,2026-09-16T22:05:00,2026-09-16T22:10:00,4273.19,4273.23,4249.92,4250.58,17.24184968,0,0,EVENT
25732f055f985d69,M5,L2,LONG,4318.11,2026-09-17T02:50:00,NA,2026-09-17T10:10:00,2026-09-17T10:15:00,4314.94,4323.39,4314.94,4322.84,4.36425613,1,0,EVENT
b02ce09fcf60f119,M5,L3,LONG,4318.11,2026-09-17T04:00:00,NA,2026-09-17T10:10:00,2026-09-17T10:15:00,4314.94,4323.39,4314.94,4322.84,4.36425613,1,0,EVENT
50cc57d4bd956066,M5,L3,LONG,4335.31,2026-09-17T10:00:00,NA,2026-09-17T14:05:00,2026-09-17T14:10:00,4330.36,4336.89,4329.07,4336.14,4.14800165,1,0,EVENT
89099cc7a2fba2b2,M5,L1,LONG,4365.79,2026-09-16T00:00:00,NA,2026-09-17T15:20:00,2026-09-17T15:25:00,4365.58,4374.60,4363.22,4368.71,6.70580245,1,0,EVENT
e2984c46ce9f5410,M5,L3,LONG,4365.79,2026-09-16T21:00:00,NA,2026-09-17T15:20:00,2026-09-17T15:25:00,4365.58,4374.60,4363.22,4368.71,6.70580245,1,0,EVENT
ddf76f7a9e4a21f2,M5,L3,SHORT,4351.38,2026-09-17T18:00:00,NA,2026-09-17T21:30:00,2026-09-17T21:35:00,4356.26,4356.42,4349.51,4349.65,3.97741000,0,0,EVENT
1c36781374b77f54,M5,L3,SHORT,4339.65,2026-09-18T02:00:00,NA,2026-09-18T06:15:00,2026-09-18T06:20:00,4344.74,4344.87,4336.97,4337.36,4.65058907,1,0,EVENT
213c4a59747df230,M5,L3,LONG,4365.51,2026-09-18T04:00:00,NA,2026-09-18T07:55:00,2026-09-18T08:00:00,4361.53,4367.08,4361.15,4366.85,4.27631515,1,0,EVENT
e596c92a4db6399a,M5,L2,LONG,4367.08,2026-09-18T02:50:00,NA,2026-09-18T08:05:00,2026-09-18T08:10:00,4366.05,4369.24,4364.05,4368.06,4.31840439,1,0,EVENT
ca6677d15b071c95,M5,L1,LONG,4381.26,2026-09-17T00:00:00,NA,2026-09-18T09:00:00,2026-09-18T09:05:00,4377.36,4387.03,4377.22,4382.36,5.11422248,1,0,EVENT
14c5de2ff17b36c0,M5,L3,LONG,4381.26,2026-09-17T15:00:00,NA,2026-09-18T09:00:00,2026-09-18T09:05:00,4377.36,4387.03,4377.22,4382.36,5.11422248,1,0,EVENT
3156fc8510dbf7a3,M5,L4,SHORT,4388.99,2026-09-18T09:25:00,24,2026-09-18T11:25:00,2026-09-18T11:30:00,4390.19,4390.59,4387.76,4387.90,4.47680779,1,0,EVENT
009ace389f40898d,M5,L3,SHORT,4358.40,2026-09-21T03:00:00,NA,2026-09-21T07:00:00,2026-09-21T07:05:00,4358.99,4361.09,4357.71,4358.01,4.51275124,1,0,EVENT
0b06f83f4d8f1084,M5,L2,SHORT,4355.04,2026-09-21T02:50:00,NA,2026-09-21T08:05:00,2026-09-21T08:10:00,4355.44,4356.13,4354.34,4354.86,3.65739075,1,0,EVENT
1c6d2f00033c581f,M5,L3,SHORT,4342.73,2026-09-18T17:00:00,NA,2026-09-21T12:30:00,2026-09-21T12:35:00,4346.62,4346.62,4340.51,4342.22,4.09986553,1,0,EVENT
c96f71e7f7dad7de,M5,L3,LONG,4357.65,2026-09-21T11:00:00,NA,2026-09-21T14:30:00,2026-09-21T14:35:00,4353.59,4358.53,4352.24,4357.87,3.62394994,1,0,EVENT
3f07c3559fa1c537,M5,L1,SHORT,4334.22,2026-09-18T00:00:00,NA,2026-09-21T17:00:00,2026-09-21T17:05:00,4346.16,4347.17,4325.98,4327.02,5.97852644,1,1,EVENT
4742b69453e2f467,M5,L3,SHORT,4334.22,2026-09-18T06:00:00,NA,2026-09-21T17:00:00,2026-09-21T17:05:00,4346.16,4347.17,4325.98,4327.02,5.97852644,1,1,EVENT
5d986d402f182dcc,M5,L3,LONG,4356.96,2026-09-21T19:00:00,NA,2026-09-22T01:45:00,2026-09-22T01:50:00,4352.74,4359.61,4352.58,4359.61,2.34818680,0,0,EVENT
3bcc2fd21d8479dd,M5,L3,SHORT,4337.49,2026-09-21T20:00:00,NA,2026-09-22T07:00:00,2026-09-22T07:05:00,4341.68,4341.84,4335.02,4336.78,4.36873118,1,0,EVENT
5dba684e949df161,M5,L2,SHORT,4335.02,2026-09-22T02:50:00,NA,2026-09-22T08:20:00,2026-09-22T08:25:00,4338.90,4339.18,4329.42,4329.97,3.89490767,1,0,EVENT
5d5f6296d7d1f01c,M5,L1,SHORT,4322.69,2026-09-21T00:00:00,NA,2026-09-22T08:35:00,2026-09-22T08:40:00,4325.60,4325.86,4316.25,4322.61,5.14254816,1,0,EVENT
7e0fa4aa5e090442,M5,L3,SHORT,4322.69,2026-09-21T17:00:00,NA,2026-09-22T08:35:00,2026-09-22T08:40:00,4325.60,4325.86,4316.25,4322.61,5.14254816,1,0,EVENT
0ab376908afd7563,M5,L3,SHORT,4305.11,2026-09-17T13:00:00,NA,2026-09-22T10:50:00,2026-09-22T10:55:00,4309.30,4309.49,4301.28,4301.97,5.00117574,1,0,EVENT
20b6772ea89225e6,M5,L3,LONG,4344.06,2026-09-22T16:00:00,NA,2026-09-22T20:50:00,2026-09-22T20:55:00,4339.96,4352.92,4339.40,4349.74,3.96911157,1,1,EVENT
e044c8a8bab4c841,M5,L4,SHORT,4360.55,2026-09-23T01:05:00,20,2026-09-23T02:45:00,2026-09-23T02:50:00,4363.79,4363.93,4359.61,4359.76,2.47753074,1,0,EVENT
e9a98618eb09bc99,M5,L2,SHORT,4333.21,2026-09-23T02:50:00,NA,2026-09-23T08:40:00,2026-09-23T08:45:00,4334.63,4336.36,4329.06,4329.35,2.60099791,1,0,EVENT
35dbdb93a62c98e7,M5,L3,SHORT,4315.00,2026-09-22T17:00:00,NA,2026-09-23T12:30:00,2026-09-23T12:35:00,4316.95,4318.97,4313.26,4313.89,3.24164102,1,0,EVENT
7a5b58435fbd0185,M5,L3,SHORT,4309.02,2026-09-22T14:00:00,NA,2026-09-23T12:45:00,2026-09-23T12:50:00,4316.26,4316.26,4308.37,4308.82,3.25104057,1,0,EVENT
44729f8136a7640b,M5,L1,SHORT,4291.54,2026-09-22T00:00:00,NA,2026-09-23T16:45:00,2026-09-23T16:50:00,4292.47,4292.54,4280.77,4284.83,6.45740437,1,1,EVENT
faf0c3221f797a3d,M5,L3,SHORT,4291.54,2026-09-22T11:00:00,NA,2026-09-23T16:45:00,2026-09-23T16:50:00,4292.47,4292.54,4280.77,4284.83,6.45740437,1,1,EVENT
8070f4256c3216fd,M5,L3,LONG,4294.87,2026-09-23T21:00:00,NA,2026-09-24T03:50:00,2026-09-24T03:55:00,4292.53,4295.55,4292.00,4295.31,3.44838342,1,0,EVENT
03752aa038ad39ea,M5,L1,SHORT,4274.66,2026-09-23T00:00:00,NA,2026-09-24T11:15:00,2026-09-24T11:20:00,4277.36,4279.13,4267.61,4271.09,4.90360431,1,0,EVENT
106748bac321881c,M5,L2,SHORT,4273.65,2026-09-24T02:50:00,NA,2026-09-24T11:15:00,2026-09-24T11:20:00,4277.36,4279.13,4267.61,4271.09,4.90360431,1,0,EVENT
a2d85463e634223e,M5,L3,SHORT,4273.65,2026-09-24T05:00:00,NA,2026-09-24T11:15:00,2026-09-24T11:20:00,4277.36,4279.13,4267.61,4271.09,4.90360431,1,0,EVENT
8578b928f9118478,M5,L3,LONG,4288.53,2026-09-24T19:00:00,NA,2026-09-25T04:10:00,2026-09-25T04:15:00,4284.54,4290.56,4283.88,4290.00,3.66888387,1,0,EVENT
70bf8eaf924a1e24,M5,L3,SHORT,4264.27,2026-09-25T03:00:00,NA,2026-09-25T07:55:00,2026-09-25T08:00:00,4268.16,4268.16,4262.67,4262.91,2.75602665,1,0,EVENT
b4bb87327e222897,M5,L2,SHORT,4262.67,2026-09-25T02:50:00,NA,2026-09-25T08:00:00,2026-09-25T08:05:00,4262.87,4264.02,4258.88,4259.94,2.95131046,1,0,EVENT
4ecb39b830cb93a8,M5,L2,LONG,4295.80,2026-09-25T02:50:00,NA,2026-09-25T12:05:00,2026-09-25T12:10:00,4295.38,4297.98,4293.85,4297.22,4.42011348,1,0,EVENT
a796e8db93f3f526,M5,L3,LONG,4296.18,2026-09-24T08:00:00,NA,2026-09-25T12:05:00,2026-09-25T12:10:00,4295.38,4297.98,4293.85,4297.22,4.42011348,1,0,EVENT
19fc18a3fb868349,M5,L1,LONG,4303.30,2026-09-24T00:00:00,NA,2026-09-25T13:10:00,2026-09-25T13:15:00,4301.51,4308.15,4299.19,4307.28,4.50019075,1,0,EVENT
2a1de5d10ebd1f04,M5,L3,LONG,4303.30,2026-09-24T04:00:00,NA,2026-09-25T13:10:00,2026-09-25T13:15:00,4301.51,4308.15,4299.19,4307.28,4.50019075,1,0,EVENT
